mapping_id,images_path,depth_est_path,depths_path,sparse_path,images_raw_path,masks_raw_path,masks_images_path,gaussian_path,images_csv_path
00254ad8-d90e-4f48-88ed-3a68866d6a9c,images/00254ad8-d90e-4f48-88ed-3a68866d6a9c,depth_est/00254ad8-d90e-4f48-88ed-3a68866d6a9c,depths/00254ad8-d90e-4f48-88ed-3a68866d6a9c,sparse/00254ad8-d90e-4f48-88ed-3a68866d6a9c,images_raw/00254ad8-d90e-4f48-88ed-3a68866d6a9c,masks_raw/00254ad8-d90e-4f48-88ed-3a68866d6a9c,masks_images/00254ad8-d90e-4f48-88ed-3a68866d6a9c,3dgs/00254ad8-d90e-4f48-88ed-3a68866d6a9c.ply,images-csv/00254ad8-d90e-4f48-88ed-3a68866d6a9c.csv
0085d92a-2ea0-4ecc-93b2-6378d1860ebf,images/0085d92a-2ea0-4ecc-93b2-6378d1860ebf,depth_est/0085d92a-2ea0-4ecc-93b2-6378d1860ebf,depths/0085d92a-2ea0-4ecc-93b2-6378d1860ebf,sparse/0085d92a-2ea0-4ecc-93b2-6378d1860ebf,images_raw/0085d92a-2ea0-4ecc-93b2-6378d1860ebf,masks_raw/0085d92a-2ea0-4ecc-93b2-6378d1860ebf,masks_images/0085d92a-2ea0-4ecc-93b2-6378d1860ebf,3dgs/0085d92a-2ea0-4ecc-93b2-6378d1860ebf.ply,images-csv/0085d92a-2ea0-4ecc-93b2-6378d1860ebf.csv
009700b2-2819-4ba7-96cb-f06d84c0dc57,images/009700b2-2819-4ba7-96cb-f06d84c0dc57,depth_est/009700b2-2819-4ba7-96cb-f06d84c0dc57,,sparse/009700b2-2819-4ba7-96cb-f06d84c0dc57,images_raw/009700b2-2819-4ba7-96cb-f06d84c0dc57,masks_raw/009700b2-2819-4ba7-96cb-f06d84c0dc57,masks_images/009700b2-2819-4ba7-96cb-f06d84c0dc57,3dgs/009700b2-2819-4ba7-96cb-f06d84c0dc57.ply,images-csv/009700b2-2819-4ba7-96cb-f06d84c0dc57.csv
0112d7ff-5d93-478a-a086-6698e62e7e0d,images/0112d7ff-5d93-478a-a086-6698e62e7e0d,depth_est/0112d7ff-5d93-478a-a086-6698e62e7e0d,depths/0112d7ff-5d93-478a-a086-6698e62e7e0d,sparse/0112d7ff-5d93-478a-a086-6698e62e7e0d,images_raw/0112d7ff-5d93-478a-a086-6698e62e7e0d,masks_raw/0112d7ff-5d93-478a-a086-6698e62e7e0d,masks_images/0112d7ff-5d93-478a-a086-6698e62e7e0d,3dgs/0112d7ff-5d93-478a-a086-6698e62e7e0d.ply,images-csv/0112d7ff-5d93-478a-a086-6698e62e7e0d.csv
013a5e42-a7a2-4dd5-89ae-0dc17eef147d,images/013a5e42-a7a2-4dd5-89ae-0dc17eef147d,depth_est/013a5e42-a7a2-4dd5-89ae-0dc17eef147d,depths/013a5e42-a7a2-4dd5-89ae-0dc17eef147d,sparse/013a5e42-a7a2-4dd5-89ae-0dc17eef147d,images_raw/013a5e42-a7a2-4dd5-89ae-0dc17eef147d,masks_raw/013a5e42-a7a2-4dd5-89ae-0dc17eef147d,masks_images/013a5e42-a7a2-4dd5-89ae-0dc17eef147d,3dgs/013a5e42-a7a2-4dd5-89ae-0dc17eef147d.ply,images-csv/013a5e42-a7a2-4dd5-89ae-0dc17eef147d.csv
017d9691-cb4a-4423-847b-db7d28b336a6,images/017d9691-cb4a-4423-847b-db7d28b336a6,depth_est/017d9691-cb4a-4423-847b-db7d28b336a6,depths/017d9691-cb4a-4423-847b-db7d28b336a6,sparse/017d9691-cb4a-4423-847b-db7d28b336a6,images_raw/017d9691-cb4a-4423-847b-db7d28b336a6,masks_raw/017d9691-cb4a-4423-847b-db7d28b336a6,masks_images/017d9691-cb4a-4423-847b-db7d28b336a6,3dgs/017d9691-cb4a-4423-847b-db7d28b336a6.ply,images-csv/017d9691-cb4a-4423-847b-db7d28b336a6.csv
01cc10b5-fca6-4d36-a7ba-d1be42bf9400,images/01cc10b5-fca6-4d36-a7ba-d1be42bf9400,depth_est/01cc10b5-fca6-4d36-a7ba-d1be42bf9400,,sparse/01cc10b5-fca6-4d36-a7ba-d1be42bf9400,images_raw/01cc10b5-fca6-4d36-a7ba-d1be42bf9400,masks_raw/01cc10b5-fca6-4d36-a7ba-d1be42bf9400,masks_images/01cc10b5-fca6-4d36-a7ba-d1be42bf9400,3dgs/01cc10b5-fca6-4d36-a7ba-d1be42bf9400.ply,images-csv/01cc10b5-fca6-4d36-a7ba-d1be42bf9400.csv
01e43286-ba09-49c5-9bac-e4a6a5c9b9fb,images/01e43286-ba09-49c5-9bac-e4a6a5c9b9fb,depth_est/01e43286-ba09-49c5-9bac-e4a6a5c9b9fb,,sparse/01e43286-ba09-49c5-9bac-e4a6a5c9b9fb,images_raw/01e43286-ba09-49c5-9bac-e4a6a5c9b9fb,masks_raw/01e43286-ba09-49c5-9bac-e4a6a5c9b9fb,masks_images/01e43286-ba09-49c5-9bac-e4a6a5c9b9fb,3dgs/01e43286-ba09-49c5-9bac-e4a6a5c9b9fb.ply,images-csv/01e43286-ba09-49c5-9bac-e4a6a5c9b9fb.csv
01e94fef-06fc-4347-b4cb-669b1b4de248,images/01e94fef-06fc-4347-b4cb-669b1b4de248,depth_est/01e94fef-06fc-4347-b4cb-669b1b4de248,depths/01e94fef-06fc-4347-b4cb-669b1b4de248,sparse/01e94fef-06fc-4347-b4cb-669b1b4de248,images_raw/01e94fef-06fc-4347-b4cb-669b1b4de248,masks_raw/01e94fef-06fc-4347-b4cb-669b1b4de248,masks_images/01e94fef-06fc-4347-b4cb-669b1b4de248,3dgs/01e94fef-06fc-4347-b4cb-669b1b4de248.ply,images-csv/01e94fef-06fc-4347-b4cb-669b1b4de248.csv
01f93d8d-a97f-406a-822b-f9cacea77215,images/01f93d8d-a97f-406a-822b-f9cacea77215,depth_est/01f93d8d-a97f-406a-822b-f9cacea77215,,sparse/01f93d8d-a97f-406a-822b-f9cacea77215,images_raw/01f93d8d-a97f-406a-822b-f9cacea77215,masks_raw/01f93d8d-a97f-406a-822b-f9cacea77215,masks_images/01f93d8d-a97f-406a-822b-f9cacea77215,3dgs/01f93d8d-a97f-406a-822b-f9cacea77215.ply,images-csv/01f93d8d-a97f-406a-822b-f9cacea77215.csv
0227efad-677e-4c25-8354-fb70e351b0ee,images/0227efad-677e-4c25-8354-fb70e351b0ee,depth_est/0227efad-677e-4c25-8354-fb70e351b0ee,,sparse/0227efad-677e-4c25-8354-fb70e351b0ee,images_raw/0227efad-677e-4c25-8354-fb70e351b0ee,masks_raw/0227efad-677e-4c25-8354-fb70e351b0ee,masks_images/0227efad-677e-4c25-8354-fb70e351b0ee,3dgs/0227efad-677e-4c25-8354-fb70e351b0ee.ply,images-csv/0227efad-677e-4c25-8354-fb70e351b0ee.csv
0266af8e-4e59-4722-8b08-325b6587bdc8,images/0266af8e-4e59-4722-8b08-325b6587bdc8,depth_est/0266af8e-4e59-4722-8b08-325b6587bdc8,depths/0266af8e-4e59-4722-8b08-325b6587bdc8,sparse/0266af8e-4e59-4722-8b08-325b6587bdc8,images_raw/0266af8e-4e59-4722-8b08-325b6587bdc8,masks_raw/0266af8e-4e59-4722-8b08-325b6587bdc8,masks_images/0266af8e-4e59-4722-8b08-325b6587bdc8,3dgs/0266af8e-4e59-4722-8b08-325b6587bdc8.ply,images-csv/0266af8e-4e59-4722-8b08-325b6587bdc8.csv
027db4bc-ccf3-4f17-9e02-e6088296ecbb,images/027db4bc-ccf3-4f17-9e02-e6088296ecbb,depth_est/027db4bc-ccf3-4f17-9e02-e6088296ecbb,depths/027db4bc-ccf3-4f17-9e02-e6088296ecbb,sparse/027db4bc-ccf3-4f17-9e02-e6088296ecbb,images_raw/027db4bc-ccf3-4f17-9e02-e6088296ecbb,masks_raw/027db4bc-ccf3-4f17-9e02-e6088296ecbb,masks_images/027db4bc-ccf3-4f17-9e02-e6088296ecbb,3dgs/027db4bc-ccf3-4f17-9e02-e6088296ecbb.ply,images-csv/027db4bc-ccf3-4f17-9e02-e6088296ecbb.csv
02d79907-2459-44c4-8315-301571f9b18d,images/02d79907-2459-44c4-8315-301571f9b18d,depth_est/02d79907-2459-44c4-8315-301571f9b18d,,sparse/02d79907-2459-44c4-8315-301571f9b18d,images_raw/02d79907-2459-44c4-8315-301571f9b18d,masks_raw/02d79907-2459-44c4-8315-301571f9b18d,masks_images/02d79907-2459-44c4-8315-301571f9b18d,3dgs/02d79907-2459-44c4-8315-301571f9b18d.ply,images-csv/02d79907-2459-44c4-8315-301571f9b18d.csv
0377e4d5-b8cf-41e3-bb77-fc6e4c77b441,images/0377e4d5-b8cf-41e3-bb77-fc6e4c77b441,depth_est/0377e4d5-b8cf-41e3-bb77-fc6e4c77b441,,sparse/0377e4d5-b8cf-41e3-bb77-fc6e4c77b441,images_raw/0377e4d5-b8cf-41e3-bb77-fc6e4c77b441,masks_raw/0377e4d5-b8cf-41e3-bb77-fc6e4c77b441,masks_images/0377e4d5-b8cf-41e3-bb77-fc6e4c77b441,3dgs/0377e4d5-b8cf-41e3-bb77-fc6e4c77b441.ply,images-csv/0377e4d5-b8cf-41e3-bb77-fc6e4c77b441.csv
037836ec-ba5f-48e1-835d-a978c63cdb6e,images/037836ec-ba5f-48e1-835d-a978c63cdb6e,depth_est/037836ec-ba5f-48e1-835d-a978c63cdb6e,depths/037836ec-ba5f-48e1-835d-a978c63cdb6e,sparse/037836ec-ba5f-48e1-835d-a978c63cdb6e,images_raw/037836ec-ba5f-48e1-835d-a978c63cdb6e,masks_raw/037836ec-ba5f-48e1-835d-a978c63cdb6e,masks_images/037836ec-ba5f-48e1-835d-a978c63cdb6e,3dgs/037836ec-ba5f-48e1-835d-a978c63cdb6e.ply,images-csv/037836ec-ba5f-48e1-835d-a978c63cdb6e.csv
03b80d01-2d35-495e-8b57-84bf1ffa20d5,images/03b80d01-2d35-495e-8b57-84bf1ffa20d5,depth_est/03b80d01-2d35-495e-8b57-84bf1ffa20d5,,sparse/03b80d01-2d35-495e-8b57-84bf1ffa20d5,images_raw/03b80d01-2d35-495e-8b57-84bf1ffa20d5,masks_raw/03b80d01-2d35-495e-8b57-84bf1ffa20d5,masks_images/03b80d01-2d35-495e-8b57-84bf1ffa20d5,3dgs/03b80d01-2d35-495e-8b57-84bf1ffa20d5.ply,images-csv/03b80d01-2d35-495e-8b57-84bf1ffa20d5.csv
03f54201-4c83-421e-8b26-304e38374a45,images/03f54201-4c83-421e-8b26-304e38374a45,depth_est/03f54201-4c83-421e-8b26-304e38374a45,,sparse/03f54201-4c83-421e-8b26-304e38374a45,images_raw/03f54201-4c83-421e-8b26-304e38374a45,masks_raw/03f54201-4c83-421e-8b26-304e38374a45,masks_images/03f54201-4c83-421e-8b26-304e38374a45,3dgs/03f54201-4c83-421e-8b26-304e38374a45.ply,images-csv/03f54201-4c83-421e-8b26-304e38374a45.csv
048cab38-4bca-47f6-9ca1-3ed45d6621c5,images/048cab38-4bca-47f6-9ca1-3ed45d6621c5,depth_est/048cab38-4bca-47f6-9ca1-3ed45d6621c5,,sparse/048cab38-4bca-47f6-9ca1-3ed45d6621c5,images_raw/048cab38-4bca-47f6-9ca1-3ed45d6621c5,masks_raw/048cab38-4bca-47f6-9ca1-3ed45d6621c5,masks_images/048cab38-4bca-47f6-9ca1-3ed45d6621c5,3dgs/048cab38-4bca-47f6-9ca1-3ed45d6621c5.ply,images-csv/048cab38-4bca-47f6-9ca1-3ed45d6621c5.csv
051e17f9-1440-4ba3-8ff8-1557bcfbb528,images/051e17f9-1440-4ba3-8ff8-1557bcfbb528,depth_est/051e17f9-1440-4ba3-8ff8-1557bcfbb528,,sparse/051e17f9-1440-4ba3-8ff8-1557bcfbb528,images_raw/051e17f9-1440-4ba3-8ff8-1557bcfbb528,masks_raw/051e17f9-1440-4ba3-8ff8-1557bcfbb528,masks_images/051e17f9-1440-4ba3-8ff8-1557bcfbb528,3dgs/051e17f9-1440-4ba3-8ff8-1557bcfbb528.ply,images-csv/051e17f9-1440-4ba3-8ff8-1557bcfbb528.csv
05db14b3-ecaf-46cd-8fe8-896f139879d8,images/05db14b3-ecaf-46cd-8fe8-896f139879d8,depth_est/05db14b3-ecaf-46cd-8fe8-896f139879d8,,sparse/05db14b3-ecaf-46cd-8fe8-896f139879d8,images_raw/05db14b3-ecaf-46cd-8fe8-896f139879d8,masks_raw/05db14b3-ecaf-46cd-8fe8-896f139879d8,masks_images/05db14b3-ecaf-46cd-8fe8-896f139879d8,3dgs/05db14b3-ecaf-46cd-8fe8-896f139879d8.ply,images-csv/05db14b3-ecaf-46cd-8fe8-896f139879d8.csv
060fd1a4-5867-43c9-93ec-819ea4ff2378,images/060fd1a4-5867-43c9-93ec-819ea4ff2378,depth_est/060fd1a4-5867-43c9-93ec-819ea4ff2378,,sparse/060fd1a4-5867-43c9-93ec-819ea4ff2378,images_raw/060fd1a4-5867-43c9-93ec-819ea4ff2378,masks_raw/060fd1a4-5867-43c9-93ec-819ea4ff2378,masks_images/060fd1a4-5867-43c9-93ec-819ea4ff2378,3dgs/060fd1a4-5867-43c9-93ec-819ea4ff2378.ply,images-csv/060fd1a4-5867-43c9-93ec-819ea4ff2378.csv
061c4ef5-1d01-48de-adf4-36c405dc92f3,images/061c4ef5-1d01-48de-adf4-36c405dc92f3,depth_est/061c4ef5-1d01-48de-adf4-36c405dc92f3,,sparse/061c4ef5-1d01-48de-adf4-36c405dc92f3,images_raw/061c4ef5-1d01-48de-adf4-36c405dc92f3,masks_raw/061c4ef5-1d01-48de-adf4-36c405dc92f3,masks_images/061c4ef5-1d01-48de-adf4-36c405dc92f3,3dgs/061c4ef5-1d01-48de-adf4-36c405dc92f3.ply,images-csv/061c4ef5-1d01-48de-adf4-36c405dc92f3.csv
062ccadd-a5dd-4736-aab4-207addabe6fa,images/062ccadd-a5dd-4736-aab4-207addabe6fa,depth_est/062ccadd-a5dd-4736-aab4-207addabe6fa,depths/062ccadd-a5dd-4736-aab4-207addabe6fa,sparse/062ccadd-a5dd-4736-aab4-207addabe6fa,images_raw/062ccadd-a5dd-4736-aab4-207addabe6fa,masks_raw/062ccadd-a5dd-4736-aab4-207addabe6fa,masks_images/062ccadd-a5dd-4736-aab4-207addabe6fa,3dgs/062ccadd-a5dd-4736-aab4-207addabe6fa.ply,images-csv/062ccadd-a5dd-4736-aab4-207addabe6fa.csv
063172f1-7e2a-4ab5-9ca9-00ee6680cf9f,images/063172f1-7e2a-4ab5-9ca9-00ee6680cf9f,depth_est/063172f1-7e2a-4ab5-9ca9-00ee6680cf9f,,sparse/063172f1-7e2a-4ab5-9ca9-00ee6680cf9f,images_raw/063172f1-7e2a-4ab5-9ca9-00ee6680cf9f,masks_raw/063172f1-7e2a-4ab5-9ca9-00ee6680cf9f,masks_images/063172f1-7e2a-4ab5-9ca9-00ee6680cf9f,3dgs/063172f1-7e2a-4ab5-9ca9-00ee6680cf9f.ply,images-csv/063172f1-7e2a-4ab5-9ca9-00ee6680cf9f.csv
068f9a10-0143-4e4d-aabf-9f6b65cbffb2,images/068f9a10-0143-4e4d-aabf-9f6b65cbffb2,depth_est/068f9a10-0143-4e4d-aabf-9f6b65cbffb2,,sparse/068f9a10-0143-4e4d-aabf-9f6b65cbffb2,images_raw/068f9a10-0143-4e4d-aabf-9f6b65cbffb2,masks_raw/068f9a10-0143-4e4d-aabf-9f6b65cbffb2,masks_images/068f9a10-0143-4e4d-aabf-9f6b65cbffb2,3dgs/068f9a10-0143-4e4d-aabf-9f6b65cbffb2.ply,images-csv/068f9a10-0143-4e4d-aabf-9f6b65cbffb2.csv
06dc4d9f-0a6c-4a9a-9420-30e68916105d,images/06dc4d9f-0a6c-4a9a-9420-30e68916105d,depth_est/06dc4d9f-0a6c-4a9a-9420-30e68916105d,,sparse/06dc4d9f-0a6c-4a9a-9420-30e68916105d,images_raw/06dc4d9f-0a6c-4a9a-9420-30e68916105d,masks_raw/06dc4d9f-0a6c-4a9a-9420-30e68916105d,masks_images/06dc4d9f-0a6c-4a9a-9420-30e68916105d,3dgs/06dc4d9f-0a6c-4a9a-9420-30e68916105d.ply,images-csv/06dc4d9f-0a6c-4a9a-9420-30e68916105d.csv
06f8c45c-90cd-4e42-b06c-6878982a98ce,images/06f8c45c-90cd-4e42-b06c-6878982a98ce,depth_est/06f8c45c-90cd-4e42-b06c-6878982a98ce,,sparse/06f8c45c-90cd-4e42-b06c-6878982a98ce,images_raw/06f8c45c-90cd-4e42-b06c-6878982a98ce,masks_raw/06f8c45c-90cd-4e42-b06c-6878982a98ce,masks_images/06f8c45c-90cd-4e42-b06c-6878982a98ce,3dgs/06f8c45c-90cd-4e42-b06c-6878982a98ce.ply,images-csv/06f8c45c-90cd-4e42-b06c-6878982a98ce.csv
06fa0a27-a862-4233-b5c0-7dbbebe14ce5,images/06fa0a27-a862-4233-b5c0-7dbbebe14ce5,depth_est/06fa0a27-a862-4233-b5c0-7dbbebe14ce5,depths/06fa0a27-a862-4233-b5c0-7dbbebe14ce5,sparse/06fa0a27-a862-4233-b5c0-7dbbebe14ce5,images_raw/06fa0a27-a862-4233-b5c0-7dbbebe14ce5,masks_raw/06fa0a27-a862-4233-b5c0-7dbbebe14ce5,masks_images/06fa0a27-a862-4233-b5c0-7dbbebe14ce5,3dgs/06fa0a27-a862-4233-b5c0-7dbbebe14ce5.ply,images-csv/06fa0a27-a862-4233-b5c0-7dbbebe14ce5.csv
07282cae-bd5a-495e-a9e2-cccc9e5b47c5,images/07282cae-bd5a-495e-a9e2-cccc9e5b47c5,depth_est/07282cae-bd5a-495e-a9e2-cccc9e5b47c5,depths/07282cae-bd5a-495e-a9e2-cccc9e5b47c5,sparse/07282cae-bd5a-495e-a9e2-cccc9e5b47c5,images_raw/07282cae-bd5a-495e-a9e2-cccc9e5b47c5,masks_raw/07282cae-bd5a-495e-a9e2-cccc9e5b47c5,masks_images/07282cae-bd5a-495e-a9e2-cccc9e5b47c5,3dgs/07282cae-bd5a-495e-a9e2-cccc9e5b47c5.ply,images-csv/07282cae-bd5a-495e-a9e2-cccc9e5b47c5.csv
07429c43-748a-44b0-ac44-83c0fbc457a7,images/07429c43-748a-44b0-ac44-83c0fbc457a7,depth_est/07429c43-748a-44b0-ac44-83c0fbc457a7,depths/07429c43-748a-44b0-ac44-83c0fbc457a7,sparse/07429c43-748a-44b0-ac44-83c0fbc457a7,images_raw/07429c43-748a-44b0-ac44-83c0fbc457a7,masks_raw/07429c43-748a-44b0-ac44-83c0fbc457a7,masks_images/07429c43-748a-44b0-ac44-83c0fbc457a7,3dgs/07429c43-748a-44b0-ac44-83c0fbc457a7.ply,images-csv/07429c43-748a-44b0-ac44-83c0fbc457a7.csv
077440b5-e71f-4a08-840a-d8b5737d111f,images/077440b5-e71f-4a08-840a-d8b5737d111f,depth_est/077440b5-e71f-4a08-840a-d8b5737d111f,depths/077440b5-e71f-4a08-840a-d8b5737d111f,sparse/077440b5-e71f-4a08-840a-d8b5737d111f,images_raw/077440b5-e71f-4a08-840a-d8b5737d111f,masks_raw/077440b5-e71f-4a08-840a-d8b5737d111f,masks_images/077440b5-e71f-4a08-840a-d8b5737d111f,3dgs/077440b5-e71f-4a08-840a-d8b5737d111f.ply,images-csv/077440b5-e71f-4a08-840a-d8b5737d111f.csv
078ab280-f3ea-4d47-a5a9-0147e983f6ce,images/078ab280-f3ea-4d47-a5a9-0147e983f6ce,depth_est/078ab280-f3ea-4d47-a5a9-0147e983f6ce,depths/078ab280-f3ea-4d47-a5a9-0147e983f6ce,sparse/078ab280-f3ea-4d47-a5a9-0147e983f6ce,images_raw/078ab280-f3ea-4d47-a5a9-0147e983f6ce,masks_raw/078ab280-f3ea-4d47-a5a9-0147e983f6ce,masks_images/078ab280-f3ea-4d47-a5a9-0147e983f6ce,3dgs/078ab280-f3ea-4d47-a5a9-0147e983f6ce.ply,images-csv/078ab280-f3ea-4d47-a5a9-0147e983f6ce.csv
0833f0e1-58bc-40f9-b058-36a200f40514,images/0833f0e1-58bc-40f9-b058-36a200f40514,depth_est/0833f0e1-58bc-40f9-b058-36a200f40514,depths/0833f0e1-58bc-40f9-b058-36a200f40514,sparse/0833f0e1-58bc-40f9-b058-36a200f40514,images_raw/0833f0e1-58bc-40f9-b058-36a200f40514,masks_raw/0833f0e1-58bc-40f9-b058-36a200f40514,masks_images/0833f0e1-58bc-40f9-b058-36a200f40514,3dgs/0833f0e1-58bc-40f9-b058-36a200f40514.ply,images-csv/0833f0e1-58bc-40f9-b058-36a200f40514.csv
0837b249-cd53-4cfb-9aa6-3c1845818cb5,images/0837b249-cd53-4cfb-9aa6-3c1845818cb5,depth_est/0837b249-cd53-4cfb-9aa6-3c1845818cb5,,sparse/0837b249-cd53-4cfb-9aa6-3c1845818cb5,images_raw/0837b249-cd53-4cfb-9aa6-3c1845818cb5,masks_raw/0837b249-cd53-4cfb-9aa6-3c1845818cb5,masks_images/0837b249-cd53-4cfb-9aa6-3c1845818cb5,3dgs/0837b249-cd53-4cfb-9aa6-3c1845818cb5.ply,images-csv/0837b249-cd53-4cfb-9aa6-3c1845818cb5.csv
0872828c-4c13-4936-93f9-1564fd166a55,images/0872828c-4c13-4936-93f9-1564fd166a55,depth_est/0872828c-4c13-4936-93f9-1564fd166a55,depths/0872828c-4c13-4936-93f9-1564fd166a55,sparse/0872828c-4c13-4936-93f9-1564fd166a55,images_raw/0872828c-4c13-4936-93f9-1564fd166a55,masks_raw/0872828c-4c13-4936-93f9-1564fd166a55,masks_images/0872828c-4c13-4936-93f9-1564fd166a55,3dgs/0872828c-4c13-4936-93f9-1564fd166a55.ply,images-csv/0872828c-4c13-4936-93f9-1564fd166a55.csv
08980260-8d6b-4580-9256-61be00fd4915,images/08980260-8d6b-4580-9256-61be00fd4915,depth_est/08980260-8d6b-4580-9256-61be00fd4915,depths/08980260-8d6b-4580-9256-61be00fd4915,sparse/08980260-8d6b-4580-9256-61be00fd4915,images_raw/08980260-8d6b-4580-9256-61be00fd4915,masks_raw/08980260-8d6b-4580-9256-61be00fd4915,masks_images/08980260-8d6b-4580-9256-61be00fd4915,3dgs/08980260-8d6b-4580-9256-61be00fd4915.ply,images-csv/08980260-8d6b-4580-9256-61be00fd4915.csv
08e7d249-01ad-4a04-ab4f-f8fd734e3a8e,images/08e7d249-01ad-4a04-ab4f-f8fd734e3a8e,depth_est/08e7d249-01ad-4a04-ab4f-f8fd734e3a8e,depths/08e7d249-01ad-4a04-ab4f-f8fd734e3a8e,sparse/08e7d249-01ad-4a04-ab4f-f8fd734e3a8e,images_raw/08e7d249-01ad-4a04-ab4f-f8fd734e3a8e,masks_raw/08e7d249-01ad-4a04-ab4f-f8fd734e3a8e,masks_images/08e7d249-01ad-4a04-ab4f-f8fd734e3a8e,3dgs/08e7d249-01ad-4a04-ab4f-f8fd734e3a8e.ply,images-csv/08e7d249-01ad-4a04-ab4f-f8fd734e3a8e.csv
08f17b02-defa-465a-b851-ca565ed569cf,images/08f17b02-defa-465a-b851-ca565ed569cf,depth_est/08f17b02-defa-465a-b851-ca565ed569cf,,sparse/08f17b02-defa-465a-b851-ca565ed569cf,images_raw/08f17b02-defa-465a-b851-ca565ed569cf,masks_raw/08f17b02-defa-465a-b851-ca565ed569cf,masks_images/08f17b02-defa-465a-b851-ca565ed569cf,3dgs/08f17b02-defa-465a-b851-ca565ed569cf.ply,images-csv/08f17b02-defa-465a-b851-ca565ed569cf.csv
090d9776-f3fa-4cf0-8680-2d04ccdc9354,images/090d9776-f3fa-4cf0-8680-2d04ccdc9354,depth_est/090d9776-f3fa-4cf0-8680-2d04ccdc9354,depths/090d9776-f3fa-4cf0-8680-2d04ccdc9354,sparse/090d9776-f3fa-4cf0-8680-2d04ccdc9354,images_raw/090d9776-f3fa-4cf0-8680-2d04ccdc9354,masks_raw/090d9776-f3fa-4cf0-8680-2d04ccdc9354,masks_images/090d9776-f3fa-4cf0-8680-2d04ccdc9354,3dgs/090d9776-f3fa-4cf0-8680-2d04ccdc9354.ply,images-csv/090d9776-f3fa-4cf0-8680-2d04ccdc9354.csv
092c50e1-615f-4757-8dca-ccea4f44ab9b,images/092c50e1-615f-4757-8dca-ccea4f44ab9b,depth_est/092c50e1-615f-4757-8dca-ccea4f44ab9b,,sparse/092c50e1-615f-4757-8dca-ccea4f44ab9b,images_raw/092c50e1-615f-4757-8dca-ccea4f44ab9b,masks_raw/092c50e1-615f-4757-8dca-ccea4f44ab9b,masks_images/092c50e1-615f-4757-8dca-ccea4f44ab9b,3dgs/092c50e1-615f-4757-8dca-ccea4f44ab9b.ply,images-csv/092c50e1-615f-4757-8dca-ccea4f44ab9b.csv
0983df21-c5ac-4451-bd3b-e09cdaaa9897,images/0983df21-c5ac-4451-bd3b-e09cdaaa9897,depth_est/0983df21-c5ac-4451-bd3b-e09cdaaa9897,depths/0983df21-c5ac-4451-bd3b-e09cdaaa9897,sparse/0983df21-c5ac-4451-bd3b-e09cdaaa9897,images_raw/0983df21-c5ac-4451-bd3b-e09cdaaa9897,masks_raw/0983df21-c5ac-4451-bd3b-e09cdaaa9897,masks_images/0983df21-c5ac-4451-bd3b-e09cdaaa9897,3dgs/0983df21-c5ac-4451-bd3b-e09cdaaa9897.ply,images-csv/0983df21-c5ac-4451-bd3b-e09cdaaa9897.csv
09b4e63b-fa6b-4562-a177-4d1d853a719f,images/09b4e63b-fa6b-4562-a177-4d1d853a719f,depth_est/09b4e63b-fa6b-4562-a177-4d1d853a719f,depths/09b4e63b-fa6b-4562-a177-4d1d853a719f,sparse/09b4e63b-fa6b-4562-a177-4d1d853a719f,images_raw/09b4e63b-fa6b-4562-a177-4d1d853a719f,masks_raw/09b4e63b-fa6b-4562-a177-4d1d853a719f,masks_images/09b4e63b-fa6b-4562-a177-4d1d853a719f,3dgs/09b4e63b-fa6b-4562-a177-4d1d853a719f.ply,images-csv/09b4e63b-fa6b-4562-a177-4d1d853a719f.csv
09dd73ed-1ed4-4e38-a5d9-43d354a5b7bf,images/09dd73ed-1ed4-4e38-a5d9-43d354a5b7bf,depth_est/09dd73ed-1ed4-4e38-a5d9-43d354a5b7bf,,sparse/09dd73ed-1ed4-4e38-a5d9-43d354a5b7bf,images_raw/09dd73ed-1ed4-4e38-a5d9-43d354a5b7bf,masks_raw/09dd73ed-1ed4-4e38-a5d9-43d354a5b7bf,masks_images/09dd73ed-1ed4-4e38-a5d9-43d354a5b7bf,3dgs/09dd73ed-1ed4-4e38-a5d9-43d354a5b7bf.ply,images-csv/09dd73ed-1ed4-4e38-a5d9-43d354a5b7bf.csv
0a59b6d0-fd15-4a16-b90f-fcdc8b393ed6,images/0a59b6d0-fd15-4a16-b90f-fcdc8b393ed6,depth_est/0a59b6d0-fd15-4a16-b90f-fcdc8b393ed6,depths/0a59b6d0-fd15-4a16-b90f-fcdc8b393ed6,sparse/0a59b6d0-fd15-4a16-b90f-fcdc8b393ed6,images_raw/0a59b6d0-fd15-4a16-b90f-fcdc8b393ed6,masks_raw/0a59b6d0-fd15-4a16-b90f-fcdc8b393ed6,masks_images/0a59b6d0-fd15-4a16-b90f-fcdc8b393ed6,3dgs/0a59b6d0-fd15-4a16-b90f-fcdc8b393ed6.ply,images-csv/0a59b6d0-fd15-4a16-b90f-fcdc8b393ed6.csv
0a8911de-7ea7-4bc7-ac32-443a0266ac0a,images/0a8911de-7ea7-4bc7-ac32-443a0266ac0a,depth_est/0a8911de-7ea7-4bc7-ac32-443a0266ac0a,depths/0a8911de-7ea7-4bc7-ac32-443a0266ac0a,sparse/0a8911de-7ea7-4bc7-ac32-443a0266ac0a,images_raw/0a8911de-7ea7-4bc7-ac32-443a0266ac0a,masks_raw/0a8911de-7ea7-4bc7-ac32-443a0266ac0a,masks_images/0a8911de-7ea7-4bc7-ac32-443a0266ac0a,3dgs/0a8911de-7ea7-4bc7-ac32-443a0266ac0a.ply,images-csv/0a8911de-7ea7-4bc7-ac32-443a0266ac0a.csv
0a8ad083-95d8-4bcc-bcb0-17bf8b2f8e42,images/0a8ad083-95d8-4bcc-bcb0-17bf8b2f8e42,depth_est/0a8ad083-95d8-4bcc-bcb0-17bf8b2f8e42,depths/0a8ad083-95d8-4bcc-bcb0-17bf8b2f8e42,sparse/0a8ad083-95d8-4bcc-bcb0-17bf8b2f8e42,images_raw/0a8ad083-95d8-4bcc-bcb0-17bf8b2f8e42,masks_raw/0a8ad083-95d8-4bcc-bcb0-17bf8b2f8e42,masks_images/0a8ad083-95d8-4bcc-bcb0-17bf8b2f8e42,3dgs/0a8ad083-95d8-4bcc-bcb0-17bf8b2f8e42.ply,images-csv/0a8ad083-95d8-4bcc-bcb0-17bf8b2f8e42.csv
0af2e0dd-f5f5-4186-854f-cbb453fb87fa,images/0af2e0dd-f5f5-4186-854f-cbb453fb87fa,depth_est/0af2e0dd-f5f5-4186-854f-cbb453fb87fa,depths/0af2e0dd-f5f5-4186-854f-cbb453fb87fa,sparse/0af2e0dd-f5f5-4186-854f-cbb453fb87fa,images_raw/0af2e0dd-f5f5-4186-854f-cbb453fb87fa,masks_raw/0af2e0dd-f5f5-4186-854f-cbb453fb87fa,masks_images/0af2e0dd-f5f5-4186-854f-cbb453fb87fa,3dgs/0af2e0dd-f5f5-4186-854f-cbb453fb87fa.ply,images-csv/0af2e0dd-f5f5-4186-854f-cbb453fb87fa.csv
0b16a870-abcd-4c55-8919-a3768c4d1ca6,images/0b16a870-abcd-4c55-8919-a3768c4d1ca6,depth_est/0b16a870-abcd-4c55-8919-a3768c4d1ca6,depths/0b16a870-abcd-4c55-8919-a3768c4d1ca6,sparse/0b16a870-abcd-4c55-8919-a3768c4d1ca6,images_raw/0b16a870-abcd-4c55-8919-a3768c4d1ca6,masks_raw/0b16a870-abcd-4c55-8919-a3768c4d1ca6,masks_images/0b16a870-abcd-4c55-8919-a3768c4d1ca6,3dgs/0b16a870-abcd-4c55-8919-a3768c4d1ca6.ply,images-csv/0b16a870-abcd-4c55-8919-a3768c4d1ca6.csv
0b4f54ce-b64c-4881-9122-a8233bb04147,images/0b4f54ce-b64c-4881-9122-a8233bb04147,depth_est/0b4f54ce-b64c-4881-9122-a8233bb04147,,sparse/0b4f54ce-b64c-4881-9122-a8233bb04147,images_raw/0b4f54ce-b64c-4881-9122-a8233bb04147,masks_raw/0b4f54ce-b64c-4881-9122-a8233bb04147,masks_images/0b4f54ce-b64c-4881-9122-a8233bb04147,3dgs/0b4f54ce-b64c-4881-9122-a8233bb04147.ply,images-csv/0b4f54ce-b64c-4881-9122-a8233bb04147.csv
0c6bdd07-674d-4be4-898c-511ce9713f75,images/0c6bdd07-674d-4be4-898c-511ce9713f75,depth_est/0c6bdd07-674d-4be4-898c-511ce9713f75,depths/0c6bdd07-674d-4be4-898c-511ce9713f75,sparse/0c6bdd07-674d-4be4-898c-511ce9713f75,images_raw/0c6bdd07-674d-4be4-898c-511ce9713f75,masks_raw/0c6bdd07-674d-4be4-898c-511ce9713f75,masks_images/0c6bdd07-674d-4be4-898c-511ce9713f75,3dgs/0c6bdd07-674d-4be4-898c-511ce9713f75.ply,images-csv/0c6bdd07-674d-4be4-898c-511ce9713f75.csv
0c83455e-0a17-42dc-94ad-14f927180b12,images/0c83455e-0a17-42dc-94ad-14f927180b12,depth_est/0c83455e-0a17-42dc-94ad-14f927180b12,,sparse/0c83455e-0a17-42dc-94ad-14f927180b12,images_raw/0c83455e-0a17-42dc-94ad-14f927180b12,masks_raw/0c83455e-0a17-42dc-94ad-14f927180b12,masks_images/0c83455e-0a17-42dc-94ad-14f927180b12,3dgs/0c83455e-0a17-42dc-94ad-14f927180b12.ply,images-csv/0c83455e-0a17-42dc-94ad-14f927180b12.csv
0cb08033-4671-45a9-a6b8-f2000f98bd32,images/0cb08033-4671-45a9-a6b8-f2000f98bd32,depth_est/0cb08033-4671-45a9-a6b8-f2000f98bd32,depths/0cb08033-4671-45a9-a6b8-f2000f98bd32,sparse/0cb08033-4671-45a9-a6b8-f2000f98bd32,images_raw/0cb08033-4671-45a9-a6b8-f2000f98bd32,masks_raw/0cb08033-4671-45a9-a6b8-f2000f98bd32,masks_images/0cb08033-4671-45a9-a6b8-f2000f98bd32,3dgs/0cb08033-4671-45a9-a6b8-f2000f98bd32.ply,images-csv/0cb08033-4671-45a9-a6b8-f2000f98bd32.csv
0cf2fa01-6483-4310-b897-af20a053c9fd,images/0cf2fa01-6483-4310-b897-af20a053c9fd,depth_est/0cf2fa01-6483-4310-b897-af20a053c9fd,depths/0cf2fa01-6483-4310-b897-af20a053c9fd,sparse/0cf2fa01-6483-4310-b897-af20a053c9fd,images_raw/0cf2fa01-6483-4310-b897-af20a053c9fd,masks_raw/0cf2fa01-6483-4310-b897-af20a053c9fd,masks_images/0cf2fa01-6483-4310-b897-af20a053c9fd,3dgs/0cf2fa01-6483-4310-b897-af20a053c9fd.ply,images-csv/0cf2fa01-6483-4310-b897-af20a053c9fd.csv
0cfd8ffc-d13d-4db4-b86a-ca5462744cdf,images/0cfd8ffc-d13d-4db4-b86a-ca5462744cdf,depth_est/0cfd8ffc-d13d-4db4-b86a-ca5462744cdf,depths/0cfd8ffc-d13d-4db4-b86a-ca5462744cdf,sparse/0cfd8ffc-d13d-4db4-b86a-ca5462744cdf,images_raw/0cfd8ffc-d13d-4db4-b86a-ca5462744cdf,masks_raw/0cfd8ffc-d13d-4db4-b86a-ca5462744cdf,masks_images/0cfd8ffc-d13d-4db4-b86a-ca5462744cdf,3dgs/0cfd8ffc-d13d-4db4-b86a-ca5462744cdf.ply,images-csv/0cfd8ffc-d13d-4db4-b86a-ca5462744cdf.csv
0d05461d-8135-4b60-ac1f-896a30caa0c6,images/0d05461d-8135-4b60-ac1f-896a30caa0c6,depth_est/0d05461d-8135-4b60-ac1f-896a30caa0c6,depths/0d05461d-8135-4b60-ac1f-896a30caa0c6,sparse/0d05461d-8135-4b60-ac1f-896a30caa0c6,images_raw/0d05461d-8135-4b60-ac1f-896a30caa0c6,masks_raw/0d05461d-8135-4b60-ac1f-896a30caa0c6,masks_images/0d05461d-8135-4b60-ac1f-896a30caa0c6,3dgs/0d05461d-8135-4b60-ac1f-896a30caa0c6.ply,images-csv/0d05461d-8135-4b60-ac1f-896a30caa0c6.csv
0d0f4734-9f8d-458d-ae0d-42c9f659c0c2,images/0d0f4734-9f8d-458d-ae0d-42c9f659c0c2,depth_est/0d0f4734-9f8d-458d-ae0d-42c9f659c0c2,,sparse/0d0f4734-9f8d-458d-ae0d-42c9f659c0c2,images_raw/0d0f4734-9f8d-458d-ae0d-42c9f659c0c2,masks_raw/0d0f4734-9f8d-458d-ae0d-42c9f659c0c2,masks_images/0d0f4734-9f8d-458d-ae0d-42c9f659c0c2,3dgs/0d0f4734-9f8d-458d-ae0d-42c9f659c0c2.ply,images-csv/0d0f4734-9f8d-458d-ae0d-42c9f659c0c2.csv
0d24bc4b-ee84-4af0-9855-f0b83e15ab28,images/0d24bc4b-ee84-4af0-9855-f0b83e15ab28,depth_est/0d24bc4b-ee84-4af0-9855-f0b83e15ab28,,sparse/0d24bc4b-ee84-4af0-9855-f0b83e15ab28,images_raw/0d24bc4b-ee84-4af0-9855-f0b83e15ab28,masks_raw/0d24bc4b-ee84-4af0-9855-f0b83e15ab28,masks_images/0d24bc4b-ee84-4af0-9855-f0b83e15ab28,3dgs/0d24bc4b-ee84-4af0-9855-f0b83e15ab28.ply,images-csv/0d24bc4b-ee84-4af0-9855-f0b83e15ab28.csv
0d2b2792-6c3d-43f6-8527-b55d55580ee7,images/0d2b2792-6c3d-43f6-8527-b55d55580ee7,depth_est/0d2b2792-6c3d-43f6-8527-b55d55580ee7,,sparse/0d2b2792-6c3d-43f6-8527-b55d55580ee7,images_raw/0d2b2792-6c3d-43f6-8527-b55d55580ee7,masks_raw/0d2b2792-6c3d-43f6-8527-b55d55580ee7,masks_images/0d2b2792-6c3d-43f6-8527-b55d55580ee7,3dgs/0d2b2792-6c3d-43f6-8527-b55d55580ee7.ply,images-csv/0d2b2792-6c3d-43f6-8527-b55d55580ee7.csv
0d61df6e-b1da-4104-8d11-87943d339901,images/0d61df6e-b1da-4104-8d11-87943d339901,depth_est/0d61df6e-b1da-4104-8d11-87943d339901,depths/0d61df6e-b1da-4104-8d11-87943d339901,sparse/0d61df6e-b1da-4104-8d11-87943d339901,images_raw/0d61df6e-b1da-4104-8d11-87943d339901,masks_raw/0d61df6e-b1da-4104-8d11-87943d339901,masks_images/0d61df6e-b1da-4104-8d11-87943d339901,3dgs/0d61df6e-b1da-4104-8d11-87943d339901.ply,images-csv/0d61df6e-b1da-4104-8d11-87943d339901.csv
0e29ea1d-1085-4ba0-ae40-c1fcd00bda3b,images/0e29ea1d-1085-4ba0-ae40-c1fcd00bda3b,depth_est/0e29ea1d-1085-4ba0-ae40-c1fcd00bda3b,depths/0e29ea1d-1085-4ba0-ae40-c1fcd00bda3b,sparse/0e29ea1d-1085-4ba0-ae40-c1fcd00bda3b,images_raw/0e29ea1d-1085-4ba0-ae40-c1fcd00bda3b,masks_raw/0e29ea1d-1085-4ba0-ae40-c1fcd00bda3b,masks_images/0e29ea1d-1085-4ba0-ae40-c1fcd00bda3b,3dgs/0e29ea1d-1085-4ba0-ae40-c1fcd00bda3b.ply,images-csv/0e29ea1d-1085-4ba0-ae40-c1fcd00bda3b.csv
0e4d7c23-355a-4023-b068-af53955b04ef,images/0e4d7c23-355a-4023-b068-af53955b04ef,depth_est/0e4d7c23-355a-4023-b068-af53955b04ef,depths/0e4d7c23-355a-4023-b068-af53955b04ef,sparse/0e4d7c23-355a-4023-b068-af53955b04ef,images_raw/0e4d7c23-355a-4023-b068-af53955b04ef,masks_raw/0e4d7c23-355a-4023-b068-af53955b04ef,masks_images/0e4d7c23-355a-4023-b068-af53955b04ef,3dgs/0e4d7c23-355a-4023-b068-af53955b04ef.ply,images-csv/0e4d7c23-355a-4023-b068-af53955b04ef.csv
0e53d699-07a9-4023-9cbb-3fb7970a6e24,images/0e53d699-07a9-4023-9cbb-3fb7970a6e24,depth_est/0e53d699-07a9-4023-9cbb-3fb7970a6e24,,sparse/0e53d699-07a9-4023-9cbb-3fb7970a6e24,images_raw/0e53d699-07a9-4023-9cbb-3fb7970a6e24,masks_raw/0e53d699-07a9-4023-9cbb-3fb7970a6e24,masks_images/0e53d699-07a9-4023-9cbb-3fb7970a6e24,3dgs/0e53d699-07a9-4023-9cbb-3fb7970a6e24.ply,images-csv/0e53d699-07a9-4023-9cbb-3fb7970a6e24.csv
0e833003-39d6-470e-85fb-cdcb1ed4b8c0,images/0e833003-39d6-470e-85fb-cdcb1ed4b8c0,depth_est/0e833003-39d6-470e-85fb-cdcb1ed4b8c0,depths/0e833003-39d6-470e-85fb-cdcb1ed4b8c0,sparse/0e833003-39d6-470e-85fb-cdcb1ed4b8c0,images_raw/0e833003-39d6-470e-85fb-cdcb1ed4b8c0,masks_raw/0e833003-39d6-470e-85fb-cdcb1ed4b8c0,masks_images/0e833003-39d6-470e-85fb-cdcb1ed4b8c0,3dgs/0e833003-39d6-470e-85fb-cdcb1ed4b8c0.ply,images-csv/0e833003-39d6-470e-85fb-cdcb1ed4b8c0.csv
0f22f260-9303-4440-a614-691065200429,images/0f22f260-9303-4440-a614-691065200429,depth_est/0f22f260-9303-4440-a614-691065200429,,sparse/0f22f260-9303-4440-a614-691065200429,images_raw/0f22f260-9303-4440-a614-691065200429,masks_raw/0f22f260-9303-4440-a614-691065200429,masks_images/0f22f260-9303-4440-a614-691065200429,3dgs/0f22f260-9303-4440-a614-691065200429.ply,images-csv/0f22f260-9303-4440-a614-691065200429.csv
0f40a1d3-8f1b-43ec-81e4-45f3bdcd2cd2,images/0f40a1d3-8f1b-43ec-81e4-45f3bdcd2cd2,depth_est/0f40a1d3-8f1b-43ec-81e4-45f3bdcd2cd2,depths/0f40a1d3-8f1b-43ec-81e4-45f3bdcd2cd2,sparse/0f40a1d3-8f1b-43ec-81e4-45f3bdcd2cd2,images_raw/0f40a1d3-8f1b-43ec-81e4-45f3bdcd2cd2,masks_raw/0f40a1d3-8f1b-43ec-81e4-45f3bdcd2cd2,masks_images/0f40a1d3-8f1b-43ec-81e4-45f3bdcd2cd2,3dgs/0f40a1d3-8f1b-43ec-81e4-45f3bdcd2cd2.ply,images-csv/0f40a1d3-8f1b-43ec-81e4-45f3bdcd2cd2.csv
0fd04bcc-fb09-452b-b7c6-e5b02fbf94f4,images/0fd04bcc-fb09-452b-b7c6-e5b02fbf94f4,depth_est/0fd04bcc-fb09-452b-b7c6-e5b02fbf94f4,depths/0fd04bcc-fb09-452b-b7c6-e5b02fbf94f4,sparse/0fd04bcc-fb09-452b-b7c6-e5b02fbf94f4,images_raw/0fd04bcc-fb09-452b-b7c6-e5b02fbf94f4,masks_raw/0fd04bcc-fb09-452b-b7c6-e5b02fbf94f4,masks_images/0fd04bcc-fb09-452b-b7c6-e5b02fbf94f4,3dgs/0fd04bcc-fb09-452b-b7c6-e5b02fbf94f4.ply,images-csv/0fd04bcc-fb09-452b-b7c6-e5b02fbf94f4.csv
102d9880-32ba-423f-b523-c433af3161ef,images/102d9880-32ba-423f-b523-c433af3161ef,depth_est/102d9880-32ba-423f-b523-c433af3161ef,depths/102d9880-32ba-423f-b523-c433af3161ef,sparse/102d9880-32ba-423f-b523-c433af3161ef,images_raw/102d9880-32ba-423f-b523-c433af3161ef,masks_raw/102d9880-32ba-423f-b523-c433af3161ef,masks_images/102d9880-32ba-423f-b523-c433af3161ef,3dgs/102d9880-32ba-423f-b523-c433af3161ef.ply,images-csv/102d9880-32ba-423f-b523-c433af3161ef.csv
104b01c5-e101-4f47-8b99-5e78efdd84d8,images/104b01c5-e101-4f47-8b99-5e78efdd84d8,depth_est/104b01c5-e101-4f47-8b99-5e78efdd84d8,,sparse/104b01c5-e101-4f47-8b99-5e78efdd84d8,images_raw/104b01c5-e101-4f47-8b99-5e78efdd84d8,masks_raw/104b01c5-e101-4f47-8b99-5e78efdd84d8,masks_images/104b01c5-e101-4f47-8b99-5e78efdd84d8,3dgs/104b01c5-e101-4f47-8b99-5e78efdd84d8.ply,images-csv/104b01c5-e101-4f47-8b99-5e78efdd84d8.csv
10834f42-8b70-44b9-8d45-0b7214c5234e,images/10834f42-8b70-44b9-8d45-0b7214c5234e,depth_est/10834f42-8b70-44b9-8d45-0b7214c5234e,depths/10834f42-8b70-44b9-8d45-0b7214c5234e,sparse/10834f42-8b70-44b9-8d45-0b7214c5234e,images_raw/10834f42-8b70-44b9-8d45-0b7214c5234e,masks_raw/10834f42-8b70-44b9-8d45-0b7214c5234e,masks_images/10834f42-8b70-44b9-8d45-0b7214c5234e,3dgs/10834f42-8b70-44b9-8d45-0b7214c5234e.ply,images-csv/10834f42-8b70-44b9-8d45-0b7214c5234e.csv
108aa2a7-eca2-4de3-93e1-0f07cc55671e,images/108aa2a7-eca2-4de3-93e1-0f07cc55671e,depth_est/108aa2a7-eca2-4de3-93e1-0f07cc55671e,depths/108aa2a7-eca2-4de3-93e1-0f07cc55671e,sparse/108aa2a7-eca2-4de3-93e1-0f07cc55671e,images_raw/108aa2a7-eca2-4de3-93e1-0f07cc55671e,masks_raw/108aa2a7-eca2-4de3-93e1-0f07cc55671e,masks_images/108aa2a7-eca2-4de3-93e1-0f07cc55671e,3dgs/108aa2a7-eca2-4de3-93e1-0f07cc55671e.ply,images-csv/108aa2a7-eca2-4de3-93e1-0f07cc55671e.csv
10a1a246-f04e-4ab3-b279-6e2b4b16a9f4,images/10a1a246-f04e-4ab3-b279-6e2b4b16a9f4,depth_est/10a1a246-f04e-4ab3-b279-6e2b4b16a9f4,depths/10a1a246-f04e-4ab3-b279-6e2b4b16a9f4,sparse/10a1a246-f04e-4ab3-b279-6e2b4b16a9f4,images_raw/10a1a246-f04e-4ab3-b279-6e2b4b16a9f4,masks_raw/10a1a246-f04e-4ab3-b279-6e2b4b16a9f4,masks_images/10a1a246-f04e-4ab3-b279-6e2b4b16a9f4,3dgs/10a1a246-f04e-4ab3-b279-6e2b4b16a9f4.ply,images-csv/10a1a246-f04e-4ab3-b279-6e2b4b16a9f4.csv
10a43941-dee8-4919-9c9a-9c2d57fbf058,images/10a43941-dee8-4919-9c9a-9c2d57fbf058,depth_est/10a43941-dee8-4919-9c9a-9c2d57fbf058,,sparse/10a43941-dee8-4919-9c9a-9c2d57fbf058,images_raw/10a43941-dee8-4919-9c9a-9c2d57fbf058,masks_raw/10a43941-dee8-4919-9c9a-9c2d57fbf058,masks_images/10a43941-dee8-4919-9c9a-9c2d57fbf058,3dgs/10a43941-dee8-4919-9c9a-9c2d57fbf058.ply,images-csv/10a43941-dee8-4919-9c9a-9c2d57fbf058.csv
10bd2fc0-0cdd-4b8a-b360-00946f4d0b4e,images/10bd2fc0-0cdd-4b8a-b360-00946f4d0b4e,depth_est/10bd2fc0-0cdd-4b8a-b360-00946f4d0b4e,depths/10bd2fc0-0cdd-4b8a-b360-00946f4d0b4e,sparse/10bd2fc0-0cdd-4b8a-b360-00946f4d0b4e,images_raw/10bd2fc0-0cdd-4b8a-b360-00946f4d0b4e,masks_raw/10bd2fc0-0cdd-4b8a-b360-00946f4d0b4e,masks_images/10bd2fc0-0cdd-4b8a-b360-00946f4d0b4e,3dgs/10bd2fc0-0cdd-4b8a-b360-00946f4d0b4e.ply,images-csv/10bd2fc0-0cdd-4b8a-b360-00946f4d0b4e.csv
10d78bcb-5e0e-464a-9266-860fae818051,images/10d78bcb-5e0e-464a-9266-860fae818051,depth_est/10d78bcb-5e0e-464a-9266-860fae818051,,sparse/10d78bcb-5e0e-464a-9266-860fae818051,images_raw/10d78bcb-5e0e-464a-9266-860fae818051,masks_raw/10d78bcb-5e0e-464a-9266-860fae818051,masks_images/10d78bcb-5e0e-464a-9266-860fae818051,3dgs/10d78bcb-5e0e-464a-9266-860fae818051.ply,images-csv/10d78bcb-5e0e-464a-9266-860fae818051.csv
10f82bc3-d0e0-45b8-8876-06bb25e036bc,images/10f82bc3-d0e0-45b8-8876-06bb25e036bc,depth_est/10f82bc3-d0e0-45b8-8876-06bb25e036bc,,sparse/10f82bc3-d0e0-45b8-8876-06bb25e036bc,images_raw/10f82bc3-d0e0-45b8-8876-06bb25e036bc,masks_raw/10f82bc3-d0e0-45b8-8876-06bb25e036bc,masks_images/10f82bc3-d0e0-45b8-8876-06bb25e036bc,3dgs/10f82bc3-d0e0-45b8-8876-06bb25e036bc.ply,images-csv/10f82bc3-d0e0-45b8-8876-06bb25e036bc.csv
116aff9a-2146-4c94-a9d0-50b574eb2c0c,images/116aff9a-2146-4c94-a9d0-50b574eb2c0c,depth_est/116aff9a-2146-4c94-a9d0-50b574eb2c0c,,sparse/116aff9a-2146-4c94-a9d0-50b574eb2c0c,images_raw/116aff9a-2146-4c94-a9d0-50b574eb2c0c,masks_raw/116aff9a-2146-4c94-a9d0-50b574eb2c0c,masks_images/116aff9a-2146-4c94-a9d0-50b574eb2c0c,3dgs/116aff9a-2146-4c94-a9d0-50b574eb2c0c.ply,images-csv/116aff9a-2146-4c94-a9d0-50b574eb2c0c.csv
116b9b07-2de4-44f4-8a7a-fc2c383a7df8,images/116b9b07-2de4-44f4-8a7a-fc2c383a7df8,depth_est/116b9b07-2de4-44f4-8a7a-fc2c383a7df8,,sparse/116b9b07-2de4-44f4-8a7a-fc2c383a7df8,images_raw/116b9b07-2de4-44f4-8a7a-fc2c383a7df8,masks_raw/116b9b07-2de4-44f4-8a7a-fc2c383a7df8,masks_images/116b9b07-2de4-44f4-8a7a-fc2c383a7df8,3dgs/116b9b07-2de4-44f4-8a7a-fc2c383a7df8.ply,images-csv/116b9b07-2de4-44f4-8a7a-fc2c383a7df8.csv
11879ec6-ddb8-467e-bf7f-68c7529bd0dd,images/11879ec6-ddb8-467e-bf7f-68c7529bd0dd,depth_est/11879ec6-ddb8-467e-bf7f-68c7529bd0dd,depths/11879ec6-ddb8-467e-bf7f-68c7529bd0dd,sparse/11879ec6-ddb8-467e-bf7f-68c7529bd0dd,images_raw/11879ec6-ddb8-467e-bf7f-68c7529bd0dd,masks_raw/11879ec6-ddb8-467e-bf7f-68c7529bd0dd,masks_images/11879ec6-ddb8-467e-bf7f-68c7529bd0dd,3dgs/11879ec6-ddb8-467e-bf7f-68c7529bd0dd.ply,images-csv/11879ec6-ddb8-467e-bf7f-68c7529bd0dd.csv
11887187-1618-4968-94c4-16950c50bf08,images/11887187-1618-4968-94c4-16950c50bf08,depth_est/11887187-1618-4968-94c4-16950c50bf08,depths/11887187-1618-4968-94c4-16950c50bf08,sparse/11887187-1618-4968-94c4-16950c50bf08,images_raw/11887187-1618-4968-94c4-16950c50bf08,masks_raw/11887187-1618-4968-94c4-16950c50bf08,masks_images/11887187-1618-4968-94c4-16950c50bf08,3dgs/11887187-1618-4968-94c4-16950c50bf08.ply,images-csv/11887187-1618-4968-94c4-16950c50bf08.csv
122e578a-b3c6-41ed-ac08-aca2a85c47ef,images/122e578a-b3c6-41ed-ac08-aca2a85c47ef,depth_est/122e578a-b3c6-41ed-ac08-aca2a85c47ef,,sparse/122e578a-b3c6-41ed-ac08-aca2a85c47ef,images_raw/122e578a-b3c6-41ed-ac08-aca2a85c47ef,masks_raw/122e578a-b3c6-41ed-ac08-aca2a85c47ef,masks_images/122e578a-b3c6-41ed-ac08-aca2a85c47ef,3dgs/122e578a-b3c6-41ed-ac08-aca2a85c47ef.ply,images-csv/122e578a-b3c6-41ed-ac08-aca2a85c47ef.csv
1238b095-cffc-470e-917c-85557d151fb7,images/1238b095-cffc-470e-917c-85557d151fb7,depth_est/1238b095-cffc-470e-917c-85557d151fb7,depths/1238b095-cffc-470e-917c-85557d151fb7,sparse/1238b095-cffc-470e-917c-85557d151fb7,images_raw/1238b095-cffc-470e-917c-85557d151fb7,masks_raw/1238b095-cffc-470e-917c-85557d151fb7,masks_images/1238b095-cffc-470e-917c-85557d151fb7,3dgs/1238b095-cffc-470e-917c-85557d151fb7.ply,images-csv/1238b095-cffc-470e-917c-85557d151fb7.csv
1245e714-5a53-4f72-82f6-2d379a9ecfbc,images/1245e714-5a53-4f72-82f6-2d379a9ecfbc,depth_est/1245e714-5a53-4f72-82f6-2d379a9ecfbc,,sparse/1245e714-5a53-4f72-82f6-2d379a9ecfbc,images_raw/1245e714-5a53-4f72-82f6-2d379a9ecfbc,masks_raw/1245e714-5a53-4f72-82f6-2d379a9ecfbc,masks_images/1245e714-5a53-4f72-82f6-2d379a9ecfbc,3dgs/1245e714-5a53-4f72-82f6-2d379a9ecfbc.ply,images-csv/1245e714-5a53-4f72-82f6-2d379a9ecfbc.csv
1275476c-706e-424c-b5a8-63cde8dd5e68,images/1275476c-706e-424c-b5a8-63cde8dd5e68,depth_est/1275476c-706e-424c-b5a8-63cde8dd5e68,depths/1275476c-706e-424c-b5a8-63cde8dd5e68,sparse/1275476c-706e-424c-b5a8-63cde8dd5e68,images_raw/1275476c-706e-424c-b5a8-63cde8dd5e68,masks_raw/1275476c-706e-424c-b5a8-63cde8dd5e68,masks_images/1275476c-706e-424c-b5a8-63cde8dd5e68,3dgs/1275476c-706e-424c-b5a8-63cde8dd5e68.ply,images-csv/1275476c-706e-424c-b5a8-63cde8dd5e68.csv
12ac892c-8bc2-44b1-8563-27134f799432,images/12ac892c-8bc2-44b1-8563-27134f799432,depth_est/12ac892c-8bc2-44b1-8563-27134f799432,depths/12ac892c-8bc2-44b1-8563-27134f799432,sparse/12ac892c-8bc2-44b1-8563-27134f799432,images_raw/12ac892c-8bc2-44b1-8563-27134f799432,masks_raw/12ac892c-8bc2-44b1-8563-27134f799432,masks_images/12ac892c-8bc2-44b1-8563-27134f799432,3dgs/12ac892c-8bc2-44b1-8563-27134f799432.ply,images-csv/12ac892c-8bc2-44b1-8563-27134f799432.csv
12accd36-c60d-49f8-b891-69dca27dd7c2,images/12accd36-c60d-49f8-b891-69dca27dd7c2,depth_est/12accd36-c60d-49f8-b891-69dca27dd7c2,depths/12accd36-c60d-49f8-b891-69dca27dd7c2,sparse/12accd36-c60d-49f8-b891-69dca27dd7c2,images_raw/12accd36-c60d-49f8-b891-69dca27dd7c2,masks_raw/12accd36-c60d-49f8-b891-69dca27dd7c2,masks_images/12accd36-c60d-49f8-b891-69dca27dd7c2,3dgs/12accd36-c60d-49f8-b891-69dca27dd7c2.ply,images-csv/12accd36-c60d-49f8-b891-69dca27dd7c2.csv
130ef073-f6c9-4f7f-b95c-0ae3afc2b082,images/130ef073-f6c9-4f7f-b95c-0ae3afc2b082,depth_est/130ef073-f6c9-4f7f-b95c-0ae3afc2b082,depths/130ef073-f6c9-4f7f-b95c-0ae3afc2b082,sparse/130ef073-f6c9-4f7f-b95c-0ae3afc2b082,images_raw/130ef073-f6c9-4f7f-b95c-0ae3afc2b082,masks_raw/130ef073-f6c9-4f7f-b95c-0ae3afc2b082,masks_images/130ef073-f6c9-4f7f-b95c-0ae3afc2b082,3dgs/130ef073-f6c9-4f7f-b95c-0ae3afc2b082.ply,images-csv/130ef073-f6c9-4f7f-b95c-0ae3afc2b082.csv
1387c9df-6a12-46d6-a76b-599cbee83863,images/1387c9df-6a12-46d6-a76b-599cbee83863,depth_est/1387c9df-6a12-46d6-a76b-599cbee83863,,sparse/1387c9df-6a12-46d6-a76b-599cbee83863,images_raw/1387c9df-6a12-46d6-a76b-599cbee83863,masks_raw/1387c9df-6a12-46d6-a76b-599cbee83863,masks_images/1387c9df-6a12-46d6-a76b-599cbee83863,3dgs/1387c9df-6a12-46d6-a76b-599cbee83863.ply,images-csv/1387c9df-6a12-46d6-a76b-599cbee83863.csv
13899c7a-36ad-4e9f-809d-b455920865fe,images/13899c7a-36ad-4e9f-809d-b455920865fe,depth_est/13899c7a-36ad-4e9f-809d-b455920865fe,,sparse/13899c7a-36ad-4e9f-809d-b455920865fe,images_raw/13899c7a-36ad-4e9f-809d-b455920865fe,masks_raw/13899c7a-36ad-4e9f-809d-b455920865fe,masks_images/13899c7a-36ad-4e9f-809d-b455920865fe,3dgs/13899c7a-36ad-4e9f-809d-b455920865fe.ply,images-csv/13899c7a-36ad-4e9f-809d-b455920865fe.csv
139b3411-b202-4260-a34a-a6848a7e7682,images/139b3411-b202-4260-a34a-a6848a7e7682,depth_est/139b3411-b202-4260-a34a-a6848a7e7682,depths/139b3411-b202-4260-a34a-a6848a7e7682,sparse/139b3411-b202-4260-a34a-a6848a7e7682,images_raw/139b3411-b202-4260-a34a-a6848a7e7682,masks_raw/139b3411-b202-4260-a34a-a6848a7e7682,masks_images/139b3411-b202-4260-a34a-a6848a7e7682,3dgs/139b3411-b202-4260-a34a-a6848a7e7682.ply,images-csv/139b3411-b202-4260-a34a-a6848a7e7682.csv
13ddd3e2-94c4-4cb3-a739-a988c61ffcc8,images/13ddd3e2-94c4-4cb3-a739-a988c61ffcc8,depth_est/13ddd3e2-94c4-4cb3-a739-a988c61ffcc8,depths/13ddd3e2-94c4-4cb3-a739-a988c61ffcc8,sparse/13ddd3e2-94c4-4cb3-a739-a988c61ffcc8,images_raw/13ddd3e2-94c4-4cb3-a739-a988c61ffcc8,masks_raw/13ddd3e2-94c4-4cb3-a739-a988c61ffcc8,masks_images/13ddd3e2-94c4-4cb3-a739-a988c61ffcc8,3dgs/13ddd3e2-94c4-4cb3-a739-a988c61ffcc8.ply,images-csv/13ddd3e2-94c4-4cb3-a739-a988c61ffcc8.csv
13fcc993-78f4-4dbb-ab85-34dcd523d226,images/13fcc993-78f4-4dbb-ab85-34dcd523d226,depth_est/13fcc993-78f4-4dbb-ab85-34dcd523d226,,sparse/13fcc993-78f4-4dbb-ab85-34dcd523d226,images_raw/13fcc993-78f4-4dbb-ab85-34dcd523d226,masks_raw/13fcc993-78f4-4dbb-ab85-34dcd523d226,masks_images/13fcc993-78f4-4dbb-ab85-34dcd523d226,3dgs/13fcc993-78f4-4dbb-ab85-34dcd523d226.ply,images-csv/13fcc993-78f4-4dbb-ab85-34dcd523d226.csv
14484510-e731-4a42-90f7-31ac6751b6ed,images/14484510-e731-4a42-90f7-31ac6751b6ed,depth_est/14484510-e731-4a42-90f7-31ac6751b6ed,depths/14484510-e731-4a42-90f7-31ac6751b6ed,sparse/14484510-e731-4a42-90f7-31ac6751b6ed,images_raw/14484510-e731-4a42-90f7-31ac6751b6ed,masks_raw/14484510-e731-4a42-90f7-31ac6751b6ed,masks_images/14484510-e731-4a42-90f7-31ac6751b6ed,3dgs/14484510-e731-4a42-90f7-31ac6751b6ed.ply,images-csv/14484510-e731-4a42-90f7-31ac6751b6ed.csv
1475b27c-6ea3-4cc8-a67a-be28e990d09b,images/1475b27c-6ea3-4cc8-a67a-be28e990d09b,depth_est/1475b27c-6ea3-4cc8-a67a-be28e990d09b,,sparse/1475b27c-6ea3-4cc8-a67a-be28e990d09b,images_raw/1475b27c-6ea3-4cc8-a67a-be28e990d09b,masks_raw/1475b27c-6ea3-4cc8-a67a-be28e990d09b,masks_images/1475b27c-6ea3-4cc8-a67a-be28e990d09b,3dgs/1475b27c-6ea3-4cc8-a67a-be28e990d09b.ply,images-csv/1475b27c-6ea3-4cc8-a67a-be28e990d09b.csv
148f6760-9420-468b-99e7-970bd4b6478d,images/148f6760-9420-468b-99e7-970bd4b6478d,depth_est/148f6760-9420-468b-99e7-970bd4b6478d,,sparse/148f6760-9420-468b-99e7-970bd4b6478d,images_raw/148f6760-9420-468b-99e7-970bd4b6478d,masks_raw/148f6760-9420-468b-99e7-970bd4b6478d,masks_images/148f6760-9420-468b-99e7-970bd4b6478d,3dgs/148f6760-9420-468b-99e7-970bd4b6478d.ply,images-csv/148f6760-9420-468b-99e7-970bd4b6478d.csv
1497c21e-fa49-48f9-932a-6849111df6c3,images/1497c21e-fa49-48f9-932a-6849111df6c3,depth_est/1497c21e-fa49-48f9-932a-6849111df6c3,,sparse/1497c21e-fa49-48f9-932a-6849111df6c3,images_raw/1497c21e-fa49-48f9-932a-6849111df6c3,masks_raw/1497c21e-fa49-48f9-932a-6849111df6c3,masks_images/1497c21e-fa49-48f9-932a-6849111df6c3,3dgs/1497c21e-fa49-48f9-932a-6849111df6c3.ply,images-csv/1497c21e-fa49-48f9-932a-6849111df6c3.csv
15080b9b-2667-4d54-8a82-2eaf070bfebb,images/15080b9b-2667-4d54-8a82-2eaf070bfebb,depth_est/15080b9b-2667-4d54-8a82-2eaf070bfebb,,sparse/15080b9b-2667-4d54-8a82-2eaf070bfebb,images_raw/15080b9b-2667-4d54-8a82-2eaf070bfebb,masks_raw/15080b9b-2667-4d54-8a82-2eaf070bfebb,masks_images/15080b9b-2667-4d54-8a82-2eaf070bfebb,3dgs/15080b9b-2667-4d54-8a82-2eaf070bfebb.ply,images-csv/15080b9b-2667-4d54-8a82-2eaf070bfebb.csv
157cab61-589e-453b-ae22-ea80ca10acaf,images/157cab61-589e-453b-ae22-ea80ca10acaf,depth_est/157cab61-589e-453b-ae22-ea80ca10acaf,depths/157cab61-589e-453b-ae22-ea80ca10acaf,sparse/157cab61-589e-453b-ae22-ea80ca10acaf,images_raw/157cab61-589e-453b-ae22-ea80ca10acaf,masks_raw/157cab61-589e-453b-ae22-ea80ca10acaf,masks_images/157cab61-589e-453b-ae22-ea80ca10acaf,3dgs/157cab61-589e-453b-ae22-ea80ca10acaf.ply,images-csv/157cab61-589e-453b-ae22-ea80ca10acaf.csv
15f2e3eb-8fa8-4603-ad95-4e2fe780a6ab,images/15f2e3eb-8fa8-4603-ad95-4e2fe780a6ab,depth_est/15f2e3eb-8fa8-4603-ad95-4e2fe780a6ab,depths/15f2e3eb-8fa8-4603-ad95-4e2fe780a6ab,sparse/15f2e3eb-8fa8-4603-ad95-4e2fe780a6ab,images_raw/15f2e3eb-8fa8-4603-ad95-4e2fe780a6ab,masks_raw/15f2e3eb-8fa8-4603-ad95-4e2fe780a6ab,masks_images/15f2e3eb-8fa8-4603-ad95-4e2fe780a6ab,3dgs/15f2e3eb-8fa8-4603-ad95-4e2fe780a6ab.ply,images-csv/15f2e3eb-8fa8-4603-ad95-4e2fe780a6ab.csv
167ad2a6-525d-49fc-b1a7-94f9653c293a,images/167ad2a6-525d-49fc-b1a7-94f9653c293a,depth_est/167ad2a6-525d-49fc-b1a7-94f9653c293a,,sparse/167ad2a6-525d-49fc-b1a7-94f9653c293a,images_raw/167ad2a6-525d-49fc-b1a7-94f9653c293a,masks_raw/167ad2a6-525d-49fc-b1a7-94f9653c293a,masks_images/167ad2a6-525d-49fc-b1a7-94f9653c293a,3dgs/167ad2a6-525d-49fc-b1a7-94f9653c293a.ply,images-csv/167ad2a6-525d-49fc-b1a7-94f9653c293a.csv
1699bc7f-1c3c-46f2-ba7b-e442795c6d82,images/1699bc7f-1c3c-46f2-ba7b-e442795c6d82,depth_est/1699bc7f-1c3c-46f2-ba7b-e442795c6d82,,sparse/1699bc7f-1c3c-46f2-ba7b-e442795c6d82,images_raw/1699bc7f-1c3c-46f2-ba7b-e442795c6d82,masks_raw/1699bc7f-1c3c-46f2-ba7b-e442795c6d82,masks_images/1699bc7f-1c3c-46f2-ba7b-e442795c6d82,3dgs/1699bc7f-1c3c-46f2-ba7b-e442795c6d82.ply,images-csv/1699bc7f-1c3c-46f2-ba7b-e442795c6d82.csv
16f2c590-770f-4d10-9855-5ecccaa52c8d,images/16f2c590-770f-4d10-9855-5ecccaa52c8d,depth_est/16f2c590-770f-4d10-9855-5ecccaa52c8d,depths/16f2c590-770f-4d10-9855-5ecccaa52c8d,sparse/16f2c590-770f-4d10-9855-5ecccaa52c8d,images_raw/16f2c590-770f-4d10-9855-5ecccaa52c8d,masks_raw/16f2c590-770f-4d10-9855-5ecccaa52c8d,masks_images/16f2c590-770f-4d10-9855-5ecccaa52c8d,3dgs/16f2c590-770f-4d10-9855-5ecccaa52c8d.ply,images-csv/16f2c590-770f-4d10-9855-5ecccaa52c8d.csv
179bb8cd-291f-424e-b9da-24b97750db7a,images/179bb8cd-291f-424e-b9da-24b97750db7a,depth_est/179bb8cd-291f-424e-b9da-24b97750db7a,,sparse/179bb8cd-291f-424e-b9da-24b97750db7a,images_raw/179bb8cd-291f-424e-b9da-24b97750db7a,masks_raw/179bb8cd-291f-424e-b9da-24b97750db7a,masks_images/179bb8cd-291f-424e-b9da-24b97750db7a,3dgs/179bb8cd-291f-424e-b9da-24b97750db7a.ply,images-csv/179bb8cd-291f-424e-b9da-24b97750db7a.csv
17c89176-2140-4dbe-b0c1-f6a5bc4703b1,images/17c89176-2140-4dbe-b0c1-f6a5bc4703b1,depth_est/17c89176-2140-4dbe-b0c1-f6a5bc4703b1,depths/17c89176-2140-4dbe-b0c1-f6a5bc4703b1,sparse/17c89176-2140-4dbe-b0c1-f6a5bc4703b1,images_raw/17c89176-2140-4dbe-b0c1-f6a5bc4703b1,masks_raw/17c89176-2140-4dbe-b0c1-f6a5bc4703b1,masks_images/17c89176-2140-4dbe-b0c1-f6a5bc4703b1,3dgs/17c89176-2140-4dbe-b0c1-f6a5bc4703b1.ply,images-csv/17c89176-2140-4dbe-b0c1-f6a5bc4703b1.csv
17e6cf0c-02e8-4d55-b98d-f606218d0d25,images/17e6cf0c-02e8-4d55-b98d-f606218d0d25,depth_est/17e6cf0c-02e8-4d55-b98d-f606218d0d25,depths/17e6cf0c-02e8-4d55-b98d-f606218d0d25,sparse/17e6cf0c-02e8-4d55-b98d-f606218d0d25,images_raw/17e6cf0c-02e8-4d55-b98d-f606218d0d25,masks_raw/17e6cf0c-02e8-4d55-b98d-f606218d0d25,masks_images/17e6cf0c-02e8-4d55-b98d-f606218d0d25,3dgs/17e6cf0c-02e8-4d55-b98d-f606218d0d25.ply,images-csv/17e6cf0c-02e8-4d55-b98d-f606218d0d25.csv
17f0d232-1d03-4e74-bab4-a8dc4e6a7e25,images/17f0d232-1d03-4e74-bab4-a8dc4e6a7e25,depth_est/17f0d232-1d03-4e74-bab4-a8dc4e6a7e25,depths/17f0d232-1d03-4e74-bab4-a8dc4e6a7e25,sparse/17f0d232-1d03-4e74-bab4-a8dc4e6a7e25,images_raw/17f0d232-1d03-4e74-bab4-a8dc4e6a7e25,masks_raw/17f0d232-1d03-4e74-bab4-a8dc4e6a7e25,masks_images/17f0d232-1d03-4e74-bab4-a8dc4e6a7e25,3dgs/17f0d232-1d03-4e74-bab4-a8dc4e6a7e25.ply,images-csv/17f0d232-1d03-4e74-bab4-a8dc4e6a7e25.csv
1859ee8e-4863-4507-8352-506d628f8627,images/1859ee8e-4863-4507-8352-506d628f8627,depth_est/1859ee8e-4863-4507-8352-506d628f8627,,sparse/1859ee8e-4863-4507-8352-506d628f8627,images_raw/1859ee8e-4863-4507-8352-506d628f8627,masks_raw/1859ee8e-4863-4507-8352-506d628f8627,masks_images/1859ee8e-4863-4507-8352-506d628f8627,3dgs/1859ee8e-4863-4507-8352-506d628f8627.ply,images-csv/1859ee8e-4863-4507-8352-506d628f8627.csv
18bc3c96-abb9-49df-93ae-499748a3bb24,images/18bc3c96-abb9-49df-93ae-499748a3bb24,depth_est/18bc3c96-abb9-49df-93ae-499748a3bb24,,sparse/18bc3c96-abb9-49df-93ae-499748a3bb24,images_raw/18bc3c96-abb9-49df-93ae-499748a3bb24,masks_raw/18bc3c96-abb9-49df-93ae-499748a3bb24,masks_images/18bc3c96-abb9-49df-93ae-499748a3bb24,3dgs/18bc3c96-abb9-49df-93ae-499748a3bb24.ply,images-csv/18bc3c96-abb9-49df-93ae-499748a3bb24.csv
18fb4f2b-4172-4a8b-92ad-1cdb32deff00,images/18fb4f2b-4172-4a8b-92ad-1cdb32deff00,depth_est/18fb4f2b-4172-4a8b-92ad-1cdb32deff00,depths/18fb4f2b-4172-4a8b-92ad-1cdb32deff00,sparse/18fb4f2b-4172-4a8b-92ad-1cdb32deff00,images_raw/18fb4f2b-4172-4a8b-92ad-1cdb32deff00,masks_raw/18fb4f2b-4172-4a8b-92ad-1cdb32deff00,masks_images/18fb4f2b-4172-4a8b-92ad-1cdb32deff00,3dgs/18fb4f2b-4172-4a8b-92ad-1cdb32deff00.ply,images-csv/18fb4f2b-4172-4a8b-92ad-1cdb32deff00.csv
190972c6-3323-438b-b561-10247f8d050c,images/190972c6-3323-438b-b561-10247f8d050c,depth_est/190972c6-3323-438b-b561-10247f8d050c,,sparse/190972c6-3323-438b-b561-10247f8d050c,images_raw/190972c6-3323-438b-b561-10247f8d050c,masks_raw/190972c6-3323-438b-b561-10247f8d050c,masks_images/190972c6-3323-438b-b561-10247f8d050c,3dgs/190972c6-3323-438b-b561-10247f8d050c.ply,images-csv/190972c6-3323-438b-b561-10247f8d050c.csv
19753c2c-2221-45a4-9536-62ac0d2e79b8,images/19753c2c-2221-45a4-9536-62ac0d2e79b8,depth_est/19753c2c-2221-45a4-9536-62ac0d2e79b8,,sparse/19753c2c-2221-45a4-9536-62ac0d2e79b8,images_raw/19753c2c-2221-45a4-9536-62ac0d2e79b8,masks_raw/19753c2c-2221-45a4-9536-62ac0d2e79b8,masks_images/19753c2c-2221-45a4-9536-62ac0d2e79b8,3dgs/19753c2c-2221-45a4-9536-62ac0d2e79b8.ply,images-csv/19753c2c-2221-45a4-9536-62ac0d2e79b8.csv
199635fd-28be-44b4-8c5e-59d52fa29c46,images/199635fd-28be-44b4-8c5e-59d52fa29c46,depth_est/199635fd-28be-44b4-8c5e-59d52fa29c46,depths/199635fd-28be-44b4-8c5e-59d52fa29c46,sparse/199635fd-28be-44b4-8c5e-59d52fa29c46,images_raw/199635fd-28be-44b4-8c5e-59d52fa29c46,masks_raw/199635fd-28be-44b4-8c5e-59d52fa29c46,masks_images/199635fd-28be-44b4-8c5e-59d52fa29c46,3dgs/199635fd-28be-44b4-8c5e-59d52fa29c46.ply,images-csv/199635fd-28be-44b4-8c5e-59d52fa29c46.csv
19b648d8-bc69-4a13-9936-6759af0c8e93,images/19b648d8-bc69-4a13-9936-6759af0c8e93,depth_est/19b648d8-bc69-4a13-9936-6759af0c8e93,,sparse/19b648d8-bc69-4a13-9936-6759af0c8e93,images_raw/19b648d8-bc69-4a13-9936-6759af0c8e93,masks_raw/19b648d8-bc69-4a13-9936-6759af0c8e93,masks_images/19b648d8-bc69-4a13-9936-6759af0c8e93,3dgs/19b648d8-bc69-4a13-9936-6759af0c8e93.ply,images-csv/19b648d8-bc69-4a13-9936-6759af0c8e93.csv
19d7856f-67ad-4ab4-baa2-467f699cd6d3,images/19d7856f-67ad-4ab4-baa2-467f699cd6d3,depth_est/19d7856f-67ad-4ab4-baa2-467f699cd6d3,depths/19d7856f-67ad-4ab4-baa2-467f699cd6d3,sparse/19d7856f-67ad-4ab4-baa2-467f699cd6d3,images_raw/19d7856f-67ad-4ab4-baa2-467f699cd6d3,masks_raw/19d7856f-67ad-4ab4-baa2-467f699cd6d3,masks_images/19d7856f-67ad-4ab4-baa2-467f699cd6d3,3dgs/19d7856f-67ad-4ab4-baa2-467f699cd6d3.ply,images-csv/19d7856f-67ad-4ab4-baa2-467f699cd6d3.csv
19f20b7b-dec8-4795-876f-d9813f52189b,images/19f20b7b-dec8-4795-876f-d9813f52189b,depth_est/19f20b7b-dec8-4795-876f-d9813f52189b,,sparse/19f20b7b-dec8-4795-876f-d9813f52189b,images_raw/19f20b7b-dec8-4795-876f-d9813f52189b,masks_raw/19f20b7b-dec8-4795-876f-d9813f52189b,masks_images/19f20b7b-dec8-4795-876f-d9813f52189b,3dgs/19f20b7b-dec8-4795-876f-d9813f52189b.ply,images-csv/19f20b7b-dec8-4795-876f-d9813f52189b.csv
1a8014b6-6e38-4e07-9df2-275f5e092a7e,images/1a8014b6-6e38-4e07-9df2-275f5e092a7e,depth_est/1a8014b6-6e38-4e07-9df2-275f5e092a7e,,sparse/1a8014b6-6e38-4e07-9df2-275f5e092a7e,images_raw/1a8014b6-6e38-4e07-9df2-275f5e092a7e,masks_raw/1a8014b6-6e38-4e07-9df2-275f5e092a7e,masks_images/1a8014b6-6e38-4e07-9df2-275f5e092a7e,3dgs/1a8014b6-6e38-4e07-9df2-275f5e092a7e.ply,images-csv/1a8014b6-6e38-4e07-9df2-275f5e092a7e.csv
1a8faefe-2dcd-4109-833e-b2350468f193,images/1a8faefe-2dcd-4109-833e-b2350468f193,depth_est/1a8faefe-2dcd-4109-833e-b2350468f193,depths/1a8faefe-2dcd-4109-833e-b2350468f193,sparse/1a8faefe-2dcd-4109-833e-b2350468f193,images_raw/1a8faefe-2dcd-4109-833e-b2350468f193,masks_raw/1a8faefe-2dcd-4109-833e-b2350468f193,masks_images/1a8faefe-2dcd-4109-833e-b2350468f193,3dgs/1a8faefe-2dcd-4109-833e-b2350468f193.ply,images-csv/1a8faefe-2dcd-4109-833e-b2350468f193.csv
1b028b32-8be5-43cb-a03b-201989ec751a,images/1b028b32-8be5-43cb-a03b-201989ec751a,depth_est/1b028b32-8be5-43cb-a03b-201989ec751a,depths/1b028b32-8be5-43cb-a03b-201989ec751a,sparse/1b028b32-8be5-43cb-a03b-201989ec751a,images_raw/1b028b32-8be5-43cb-a03b-201989ec751a,masks_raw/1b028b32-8be5-43cb-a03b-201989ec751a,masks_images/1b028b32-8be5-43cb-a03b-201989ec751a,3dgs/1b028b32-8be5-43cb-a03b-201989ec751a.ply,images-csv/1b028b32-8be5-43cb-a03b-201989ec751a.csv
1b426f47-93bf-4127-84bf-7c99a95d7af8,images/1b426f47-93bf-4127-84bf-7c99a95d7af8,depth_est/1b426f47-93bf-4127-84bf-7c99a95d7af8,,sparse/1b426f47-93bf-4127-84bf-7c99a95d7af8,images_raw/1b426f47-93bf-4127-84bf-7c99a95d7af8,masks_raw/1b426f47-93bf-4127-84bf-7c99a95d7af8,masks_images/1b426f47-93bf-4127-84bf-7c99a95d7af8,3dgs/1b426f47-93bf-4127-84bf-7c99a95d7af8.ply,images-csv/1b426f47-93bf-4127-84bf-7c99a95d7af8.csv
1b82ca04-ce43-4dfc-9e0f-f91fbe968755,images/1b82ca04-ce43-4dfc-9e0f-f91fbe968755,depth_est/1b82ca04-ce43-4dfc-9e0f-f91fbe968755,depths/1b82ca04-ce43-4dfc-9e0f-f91fbe968755,sparse/1b82ca04-ce43-4dfc-9e0f-f91fbe968755,images_raw/1b82ca04-ce43-4dfc-9e0f-f91fbe968755,masks_raw/1b82ca04-ce43-4dfc-9e0f-f91fbe968755,masks_images/1b82ca04-ce43-4dfc-9e0f-f91fbe968755,3dgs/1b82ca04-ce43-4dfc-9e0f-f91fbe968755.ply,images-csv/1b82ca04-ce43-4dfc-9e0f-f91fbe968755.csv
1bd6779c-b7d8-4725-b476-2b30c6d63fef,images/1bd6779c-b7d8-4725-b476-2b30c6d63fef,depth_est/1bd6779c-b7d8-4725-b476-2b30c6d63fef,depths/1bd6779c-b7d8-4725-b476-2b30c6d63fef,sparse/1bd6779c-b7d8-4725-b476-2b30c6d63fef,images_raw/1bd6779c-b7d8-4725-b476-2b30c6d63fef,masks_raw/1bd6779c-b7d8-4725-b476-2b30c6d63fef,masks_images/1bd6779c-b7d8-4725-b476-2b30c6d63fef,3dgs/1bd6779c-b7d8-4725-b476-2b30c6d63fef.ply,images-csv/1bd6779c-b7d8-4725-b476-2b30c6d63fef.csv
1c4784a9-8e27-4422-b250-cbdf0409315c,images/1c4784a9-8e27-4422-b250-cbdf0409315c,depth_est/1c4784a9-8e27-4422-b250-cbdf0409315c,,sparse/1c4784a9-8e27-4422-b250-cbdf0409315c,images_raw/1c4784a9-8e27-4422-b250-cbdf0409315c,masks_raw/1c4784a9-8e27-4422-b250-cbdf0409315c,masks_images/1c4784a9-8e27-4422-b250-cbdf0409315c,3dgs/1c4784a9-8e27-4422-b250-cbdf0409315c.ply,images-csv/1c4784a9-8e27-4422-b250-cbdf0409315c.csv
1c6b9c94-90f8-490a-be79-c0f8d79c4548,images/1c6b9c94-90f8-490a-be79-c0f8d79c4548,depth_est/1c6b9c94-90f8-490a-be79-c0f8d79c4548,,sparse/1c6b9c94-90f8-490a-be79-c0f8d79c4548,images_raw/1c6b9c94-90f8-490a-be79-c0f8d79c4548,masks_raw/1c6b9c94-90f8-490a-be79-c0f8d79c4548,masks_images/1c6b9c94-90f8-490a-be79-c0f8d79c4548,3dgs/1c6b9c94-90f8-490a-be79-c0f8d79c4548.ply,images-csv/1c6b9c94-90f8-490a-be79-c0f8d79c4548.csv
1d9a0a14-6a65-4a55-ad81-9c2d2aa76fa5,images/1d9a0a14-6a65-4a55-ad81-9c2d2aa76fa5,depth_est/1d9a0a14-6a65-4a55-ad81-9c2d2aa76fa5,depths/1d9a0a14-6a65-4a55-ad81-9c2d2aa76fa5,sparse/1d9a0a14-6a65-4a55-ad81-9c2d2aa76fa5,images_raw/1d9a0a14-6a65-4a55-ad81-9c2d2aa76fa5,masks_raw/1d9a0a14-6a65-4a55-ad81-9c2d2aa76fa5,masks_images/1d9a0a14-6a65-4a55-ad81-9c2d2aa76fa5,3dgs/1d9a0a14-6a65-4a55-ad81-9c2d2aa76fa5.ply,images-csv/1d9a0a14-6a65-4a55-ad81-9c2d2aa76fa5.csv
1dc87cb2-0345-47bc-84df-92e846a062f2,images/1dc87cb2-0345-47bc-84df-92e846a062f2,depth_est/1dc87cb2-0345-47bc-84df-92e846a062f2,depths/1dc87cb2-0345-47bc-84df-92e846a062f2,sparse/1dc87cb2-0345-47bc-84df-92e846a062f2,images_raw/1dc87cb2-0345-47bc-84df-92e846a062f2,masks_raw/1dc87cb2-0345-47bc-84df-92e846a062f2,masks_images/1dc87cb2-0345-47bc-84df-92e846a062f2,3dgs/1dc87cb2-0345-47bc-84df-92e846a062f2.ply,images-csv/1dc87cb2-0345-47bc-84df-92e846a062f2.csv
1e42532a-5f93-40c7-8db9-a6a003511244,images/1e42532a-5f93-40c7-8db9-a6a003511244,depth_est/1e42532a-5f93-40c7-8db9-a6a003511244,,sparse/1e42532a-5f93-40c7-8db9-a6a003511244,images_raw/1e42532a-5f93-40c7-8db9-a6a003511244,masks_raw/1e42532a-5f93-40c7-8db9-a6a003511244,masks_images/1e42532a-5f93-40c7-8db9-a6a003511244,3dgs/1e42532a-5f93-40c7-8db9-a6a003511244.ply,images-csv/1e42532a-5f93-40c7-8db9-a6a003511244.csv
1e4efd9a-2b9a-457d-87d8-9b4f66a62bce,images/1e4efd9a-2b9a-457d-87d8-9b4f66a62bce,depth_est/1e4efd9a-2b9a-457d-87d8-9b4f66a62bce,,sparse/1e4efd9a-2b9a-457d-87d8-9b4f66a62bce,images_raw/1e4efd9a-2b9a-457d-87d8-9b4f66a62bce,masks_raw/1e4efd9a-2b9a-457d-87d8-9b4f66a62bce,masks_images/1e4efd9a-2b9a-457d-87d8-9b4f66a62bce,3dgs/1e4efd9a-2b9a-457d-87d8-9b4f66a62bce.ply,images-csv/1e4efd9a-2b9a-457d-87d8-9b4f66a62bce.csv
1e550d0b-446e-49bd-b6c6-cc232f1f27d4,images/1e550d0b-446e-49bd-b6c6-cc232f1f27d4,depth_est/1e550d0b-446e-49bd-b6c6-cc232f1f27d4,depths/1e550d0b-446e-49bd-b6c6-cc232f1f27d4,sparse/1e550d0b-446e-49bd-b6c6-cc232f1f27d4,images_raw/1e550d0b-446e-49bd-b6c6-cc232f1f27d4,masks_raw/1e550d0b-446e-49bd-b6c6-cc232f1f27d4,masks_images/1e550d0b-446e-49bd-b6c6-cc232f1f27d4,3dgs/1e550d0b-446e-49bd-b6c6-cc232f1f27d4.ply,images-csv/1e550d0b-446e-49bd-b6c6-cc232f1f27d4.csv
1eb055e7-e729-467b-8921-1505913b2761,images/1eb055e7-e729-467b-8921-1505913b2761,depth_est/1eb055e7-e729-467b-8921-1505913b2761,,sparse/1eb055e7-e729-467b-8921-1505913b2761,images_raw/1eb055e7-e729-467b-8921-1505913b2761,masks_raw/1eb055e7-e729-467b-8921-1505913b2761,masks_images/1eb055e7-e729-467b-8921-1505913b2761,3dgs/1eb055e7-e729-467b-8921-1505913b2761.ply,images-csv/1eb055e7-e729-467b-8921-1505913b2761.csv
1ebcf32f-1ac9-4bad-bed3-cc9fe6afc141,images/1ebcf32f-1ac9-4bad-bed3-cc9fe6afc141,depth_est/1ebcf32f-1ac9-4bad-bed3-cc9fe6afc141,,sparse/1ebcf32f-1ac9-4bad-bed3-cc9fe6afc141,images_raw/1ebcf32f-1ac9-4bad-bed3-cc9fe6afc141,masks_raw/1ebcf32f-1ac9-4bad-bed3-cc9fe6afc141,masks_images/1ebcf32f-1ac9-4bad-bed3-cc9fe6afc141,3dgs/1ebcf32f-1ac9-4bad-bed3-cc9fe6afc141.ply,images-csv/1ebcf32f-1ac9-4bad-bed3-cc9fe6afc141.csv
1f0dfb53-5b50-4ec6-ae5c-bd06c6e77056,images/1f0dfb53-5b50-4ec6-ae5c-bd06c6e77056,depth_est/1f0dfb53-5b50-4ec6-ae5c-bd06c6e77056,,sparse/1f0dfb53-5b50-4ec6-ae5c-bd06c6e77056,images_raw/1f0dfb53-5b50-4ec6-ae5c-bd06c6e77056,masks_raw/1f0dfb53-5b50-4ec6-ae5c-bd06c6e77056,masks_images/1f0dfb53-5b50-4ec6-ae5c-bd06c6e77056,3dgs/1f0dfb53-5b50-4ec6-ae5c-bd06c6e77056.ply,images-csv/1f0dfb53-5b50-4ec6-ae5c-bd06c6e77056.csv
1f6ca2b6-694f-4150-b54a-58c9f3ee48ef,images/1f6ca2b6-694f-4150-b54a-58c9f3ee48ef,depth_est/1f6ca2b6-694f-4150-b54a-58c9f3ee48ef,,sparse/1f6ca2b6-694f-4150-b54a-58c9f3ee48ef,images_raw/1f6ca2b6-694f-4150-b54a-58c9f3ee48ef,masks_raw/1f6ca2b6-694f-4150-b54a-58c9f3ee48ef,masks_images/1f6ca2b6-694f-4150-b54a-58c9f3ee48ef,3dgs/1f6ca2b6-694f-4150-b54a-58c9f3ee48ef.ply,images-csv/1f6ca2b6-694f-4150-b54a-58c9f3ee48ef.csv
1fcee369-2e25-4014-b759-b0a6122e8b2b,images/1fcee369-2e25-4014-b759-b0a6122e8b2b,depth_est/1fcee369-2e25-4014-b759-b0a6122e8b2b,depths/1fcee369-2e25-4014-b759-b0a6122e8b2b,sparse/1fcee369-2e25-4014-b759-b0a6122e8b2b,images_raw/1fcee369-2e25-4014-b759-b0a6122e8b2b,masks_raw/1fcee369-2e25-4014-b759-b0a6122e8b2b,masks_images/1fcee369-2e25-4014-b759-b0a6122e8b2b,3dgs/1fcee369-2e25-4014-b759-b0a6122e8b2b.ply,images-csv/1fcee369-2e25-4014-b759-b0a6122e8b2b.csv
1fd3068f-8164-425d-bf65-4d38aeef277e,images/1fd3068f-8164-425d-bf65-4d38aeef277e,depth_est/1fd3068f-8164-425d-bf65-4d38aeef277e,,sparse/1fd3068f-8164-425d-bf65-4d38aeef277e,images_raw/1fd3068f-8164-425d-bf65-4d38aeef277e,masks_raw/1fd3068f-8164-425d-bf65-4d38aeef277e,masks_images/1fd3068f-8164-425d-bf65-4d38aeef277e,3dgs/1fd3068f-8164-425d-bf65-4d38aeef277e.ply,images-csv/1fd3068f-8164-425d-bf65-4d38aeef277e.csv
204c8325-18cb-4063-987c-d17aba88ee26,images/204c8325-18cb-4063-987c-d17aba88ee26,depth_est/204c8325-18cb-4063-987c-d17aba88ee26,depths/204c8325-18cb-4063-987c-d17aba88ee26,sparse/204c8325-18cb-4063-987c-d17aba88ee26,images_raw/204c8325-18cb-4063-987c-d17aba88ee26,masks_raw/204c8325-18cb-4063-987c-d17aba88ee26,masks_images/204c8325-18cb-4063-987c-d17aba88ee26,3dgs/204c8325-18cb-4063-987c-d17aba88ee26.ply,images-csv/204c8325-18cb-4063-987c-d17aba88ee26.csv
210ac1a0-4fb1-492a-b3dc-848faea055ea,images/210ac1a0-4fb1-492a-b3dc-848faea055ea,depth_est/210ac1a0-4fb1-492a-b3dc-848faea055ea,depths/210ac1a0-4fb1-492a-b3dc-848faea055ea,sparse/210ac1a0-4fb1-492a-b3dc-848faea055ea,images_raw/210ac1a0-4fb1-492a-b3dc-848faea055ea,masks_raw/210ac1a0-4fb1-492a-b3dc-848faea055ea,masks_images/210ac1a0-4fb1-492a-b3dc-848faea055ea,3dgs/210ac1a0-4fb1-492a-b3dc-848faea055ea.ply,images-csv/210ac1a0-4fb1-492a-b3dc-848faea055ea.csv
210c5a01-f283-4a6a-94f8-cecae5882b78,images/210c5a01-f283-4a6a-94f8-cecae5882b78,depth_est/210c5a01-f283-4a6a-94f8-cecae5882b78,depths/210c5a01-f283-4a6a-94f8-cecae5882b78,sparse/210c5a01-f283-4a6a-94f8-cecae5882b78,images_raw/210c5a01-f283-4a6a-94f8-cecae5882b78,masks_raw/210c5a01-f283-4a6a-94f8-cecae5882b78,masks_images/210c5a01-f283-4a6a-94f8-cecae5882b78,3dgs/210c5a01-f283-4a6a-94f8-cecae5882b78.ply,images-csv/210c5a01-f283-4a6a-94f8-cecae5882b78.csv
214b273a-2902-4119-85af-9425bba5ab18,images/214b273a-2902-4119-85af-9425bba5ab18,depth_est/214b273a-2902-4119-85af-9425bba5ab18,,sparse/214b273a-2902-4119-85af-9425bba5ab18,images_raw/214b273a-2902-4119-85af-9425bba5ab18,masks_raw/214b273a-2902-4119-85af-9425bba5ab18,masks_images/214b273a-2902-4119-85af-9425bba5ab18,3dgs/214b273a-2902-4119-85af-9425bba5ab18.ply,images-csv/214b273a-2902-4119-85af-9425bba5ab18.csv
2167687f-cb31-443b-b2cd-562d59a4df43,images/2167687f-cb31-443b-b2cd-562d59a4df43,depth_est/2167687f-cb31-443b-b2cd-562d59a4df43,depths/2167687f-cb31-443b-b2cd-562d59a4df43,sparse/2167687f-cb31-443b-b2cd-562d59a4df43,images_raw/2167687f-cb31-443b-b2cd-562d59a4df43,masks_raw/2167687f-cb31-443b-b2cd-562d59a4df43,masks_images/2167687f-cb31-443b-b2cd-562d59a4df43,3dgs/2167687f-cb31-443b-b2cd-562d59a4df43.ply,images-csv/2167687f-cb31-443b-b2cd-562d59a4df43.csv
2189eb50-6d99-4e11-a6d3-6fe897e5d3e0,images/2189eb50-6d99-4e11-a6d3-6fe897e5d3e0,depth_est/2189eb50-6d99-4e11-a6d3-6fe897e5d3e0,,sparse/2189eb50-6d99-4e11-a6d3-6fe897e5d3e0,images_raw/2189eb50-6d99-4e11-a6d3-6fe897e5d3e0,masks_raw/2189eb50-6d99-4e11-a6d3-6fe897e5d3e0,masks_images/2189eb50-6d99-4e11-a6d3-6fe897e5d3e0,3dgs/2189eb50-6d99-4e11-a6d3-6fe897e5d3e0.ply,images-csv/2189eb50-6d99-4e11-a6d3-6fe897e5d3e0.csv
2216355e-1502-4c0e-b5cc-77e24a94a63f,images/2216355e-1502-4c0e-b5cc-77e24a94a63f,depth_est/2216355e-1502-4c0e-b5cc-77e24a94a63f,depths/2216355e-1502-4c0e-b5cc-77e24a94a63f,sparse/2216355e-1502-4c0e-b5cc-77e24a94a63f,images_raw/2216355e-1502-4c0e-b5cc-77e24a94a63f,masks_raw/2216355e-1502-4c0e-b5cc-77e24a94a63f,masks_images/2216355e-1502-4c0e-b5cc-77e24a94a63f,3dgs/2216355e-1502-4c0e-b5cc-77e24a94a63f.ply,images-csv/2216355e-1502-4c0e-b5cc-77e24a94a63f.csv
2219e399-0dc9-43e6-9512-f5a2fa67aa58,images/2219e399-0dc9-43e6-9512-f5a2fa67aa58,depth_est/2219e399-0dc9-43e6-9512-f5a2fa67aa58,depths/2219e399-0dc9-43e6-9512-f5a2fa67aa58,sparse/2219e399-0dc9-43e6-9512-f5a2fa67aa58,images_raw/2219e399-0dc9-43e6-9512-f5a2fa67aa58,masks_raw/2219e399-0dc9-43e6-9512-f5a2fa67aa58,masks_images/2219e399-0dc9-43e6-9512-f5a2fa67aa58,3dgs/2219e399-0dc9-43e6-9512-f5a2fa67aa58.ply,images-csv/2219e399-0dc9-43e6-9512-f5a2fa67aa58.csv
2226d29f-ae93-4a33-b66d-83a3c8896cd0,images/2226d29f-ae93-4a33-b66d-83a3c8896cd0,depth_est/2226d29f-ae93-4a33-b66d-83a3c8896cd0,,sparse/2226d29f-ae93-4a33-b66d-83a3c8896cd0,images_raw/2226d29f-ae93-4a33-b66d-83a3c8896cd0,masks_raw/2226d29f-ae93-4a33-b66d-83a3c8896cd0,masks_images/2226d29f-ae93-4a33-b66d-83a3c8896cd0,3dgs/2226d29f-ae93-4a33-b66d-83a3c8896cd0.ply,images-csv/2226d29f-ae93-4a33-b66d-83a3c8896cd0.csv
224c6a50-6468-4929-a0c3-aa961f3d985c,images/224c6a50-6468-4929-a0c3-aa961f3d985c,depth_est/224c6a50-6468-4929-a0c3-aa961f3d985c,depths/224c6a50-6468-4929-a0c3-aa961f3d985c,sparse/224c6a50-6468-4929-a0c3-aa961f3d985c,images_raw/224c6a50-6468-4929-a0c3-aa961f3d985c,masks_raw/224c6a50-6468-4929-a0c3-aa961f3d985c,masks_images/224c6a50-6468-4929-a0c3-aa961f3d985c,3dgs/224c6a50-6468-4929-a0c3-aa961f3d985c.ply,images-csv/224c6a50-6468-4929-a0c3-aa961f3d985c.csv
22507c98-a4ad-4d22-a07d-3d54cd18b7f6,images/22507c98-a4ad-4d22-a07d-3d54cd18b7f6,depth_est/22507c98-a4ad-4d22-a07d-3d54cd18b7f6,,sparse/22507c98-a4ad-4d22-a07d-3d54cd18b7f6,images_raw/22507c98-a4ad-4d22-a07d-3d54cd18b7f6,masks_raw/22507c98-a4ad-4d22-a07d-3d54cd18b7f6,masks_images/22507c98-a4ad-4d22-a07d-3d54cd18b7f6,3dgs/22507c98-a4ad-4d22-a07d-3d54cd18b7f6.ply,images-csv/22507c98-a4ad-4d22-a07d-3d54cd18b7f6.csv
228ce951-f269-4bb1-8bb3-fa1d54ea4ff4,images/228ce951-f269-4bb1-8bb3-fa1d54ea4ff4,depth_est/228ce951-f269-4bb1-8bb3-fa1d54ea4ff4,depths/228ce951-f269-4bb1-8bb3-fa1d54ea4ff4,sparse/228ce951-f269-4bb1-8bb3-fa1d54ea4ff4,images_raw/228ce951-f269-4bb1-8bb3-fa1d54ea4ff4,masks_raw/228ce951-f269-4bb1-8bb3-fa1d54ea4ff4,masks_images/228ce951-f269-4bb1-8bb3-fa1d54ea4ff4,3dgs/228ce951-f269-4bb1-8bb3-fa1d54ea4ff4.ply,images-csv/228ce951-f269-4bb1-8bb3-fa1d54ea4ff4.csv
2309c860-9d80-44f3-9bf4-e018c13b1be8,images/2309c860-9d80-44f3-9bf4-e018c13b1be8,depth_est/2309c860-9d80-44f3-9bf4-e018c13b1be8,depths/2309c860-9d80-44f3-9bf4-e018c13b1be8,sparse/2309c860-9d80-44f3-9bf4-e018c13b1be8,images_raw/2309c860-9d80-44f3-9bf4-e018c13b1be8,masks_raw/2309c860-9d80-44f3-9bf4-e018c13b1be8,masks_images/2309c860-9d80-44f3-9bf4-e018c13b1be8,3dgs/2309c860-9d80-44f3-9bf4-e018c13b1be8.ply,images-csv/2309c860-9d80-44f3-9bf4-e018c13b1be8.csv
23310bcb-64ca-4566-8c6f-85ab8c8d6034,images/23310bcb-64ca-4566-8c6f-85ab8c8d6034,depth_est/23310bcb-64ca-4566-8c6f-85ab8c8d6034,,sparse/23310bcb-64ca-4566-8c6f-85ab8c8d6034,images_raw/23310bcb-64ca-4566-8c6f-85ab8c8d6034,masks_raw/23310bcb-64ca-4566-8c6f-85ab8c8d6034,masks_images/23310bcb-64ca-4566-8c6f-85ab8c8d6034,3dgs/23310bcb-64ca-4566-8c6f-85ab8c8d6034.ply,images-csv/23310bcb-64ca-4566-8c6f-85ab8c8d6034.csv
2339c996-6fcc-4801-8825-6673a78a5bb3,images/2339c996-6fcc-4801-8825-6673a78a5bb3,depth_est/2339c996-6fcc-4801-8825-6673a78a5bb3,,sparse/2339c996-6fcc-4801-8825-6673a78a5bb3,images_raw/2339c996-6fcc-4801-8825-6673a78a5bb3,masks_raw/2339c996-6fcc-4801-8825-6673a78a5bb3,masks_images/2339c996-6fcc-4801-8825-6673a78a5bb3,3dgs/2339c996-6fcc-4801-8825-6673a78a5bb3.ply,images-csv/2339c996-6fcc-4801-8825-6673a78a5bb3.csv
2346ddfd-8523-48e7-b8ac-5e59ab9dd901,images/2346ddfd-8523-48e7-b8ac-5e59ab9dd901,depth_est/2346ddfd-8523-48e7-b8ac-5e59ab9dd901,,sparse/2346ddfd-8523-48e7-b8ac-5e59ab9dd901,images_raw/2346ddfd-8523-48e7-b8ac-5e59ab9dd901,masks_raw/2346ddfd-8523-48e7-b8ac-5e59ab9dd901,masks_images/2346ddfd-8523-48e7-b8ac-5e59ab9dd901,3dgs/2346ddfd-8523-48e7-b8ac-5e59ab9dd901.ply,images-csv/2346ddfd-8523-48e7-b8ac-5e59ab9dd901.csv
236fdfba-d4bf-4098-8ced-143e63b6748a,images/236fdfba-d4bf-4098-8ced-143e63b6748a,depth_est/236fdfba-d4bf-4098-8ced-143e63b6748a,depths/236fdfba-d4bf-4098-8ced-143e63b6748a,sparse/236fdfba-d4bf-4098-8ced-143e63b6748a,images_raw/236fdfba-d4bf-4098-8ced-143e63b6748a,masks_raw/236fdfba-d4bf-4098-8ced-143e63b6748a,masks_images/236fdfba-d4bf-4098-8ced-143e63b6748a,3dgs/236fdfba-d4bf-4098-8ced-143e63b6748a.ply,images-csv/236fdfba-d4bf-4098-8ced-143e63b6748a.csv
238727cb-9b64-4ad4-aade-839cbc756f07,images/238727cb-9b64-4ad4-aade-839cbc756f07,depth_est/238727cb-9b64-4ad4-aade-839cbc756f07,depths/238727cb-9b64-4ad4-aade-839cbc756f07,sparse/238727cb-9b64-4ad4-aade-839cbc756f07,images_raw/238727cb-9b64-4ad4-aade-839cbc756f07,masks_raw/238727cb-9b64-4ad4-aade-839cbc756f07,masks_images/238727cb-9b64-4ad4-aade-839cbc756f07,3dgs/238727cb-9b64-4ad4-aade-839cbc756f07.ply,images-csv/238727cb-9b64-4ad4-aade-839cbc756f07.csv
23a2c613-43db-4f5d-9d61-95937cc09664,images/23a2c613-43db-4f5d-9d61-95937cc09664,depth_est/23a2c613-43db-4f5d-9d61-95937cc09664,depths/23a2c613-43db-4f5d-9d61-95937cc09664,sparse/23a2c613-43db-4f5d-9d61-95937cc09664,images_raw/23a2c613-43db-4f5d-9d61-95937cc09664,masks_raw/23a2c613-43db-4f5d-9d61-95937cc09664,masks_images/23a2c613-43db-4f5d-9d61-95937cc09664,3dgs/23a2c613-43db-4f5d-9d61-95937cc09664.ply,images-csv/23a2c613-43db-4f5d-9d61-95937cc09664.csv
23cf7587-9355-4bd6-a40f-dad09756a98e,images/23cf7587-9355-4bd6-a40f-dad09756a98e,depth_est/23cf7587-9355-4bd6-a40f-dad09756a98e,depths/23cf7587-9355-4bd6-a40f-dad09756a98e,sparse/23cf7587-9355-4bd6-a40f-dad09756a98e,images_raw/23cf7587-9355-4bd6-a40f-dad09756a98e,masks_raw/23cf7587-9355-4bd6-a40f-dad09756a98e,masks_images/23cf7587-9355-4bd6-a40f-dad09756a98e,3dgs/23cf7587-9355-4bd6-a40f-dad09756a98e.ply,images-csv/23cf7587-9355-4bd6-a40f-dad09756a98e.csv
23d9a3eb-37f0-4040-a6ae-39aed92b5119,images/23d9a3eb-37f0-4040-a6ae-39aed92b5119,depth_est/23d9a3eb-37f0-4040-a6ae-39aed92b5119,depths/23d9a3eb-37f0-4040-a6ae-39aed92b5119,sparse/23d9a3eb-37f0-4040-a6ae-39aed92b5119,images_raw/23d9a3eb-37f0-4040-a6ae-39aed92b5119,masks_raw/23d9a3eb-37f0-4040-a6ae-39aed92b5119,masks_images/23d9a3eb-37f0-4040-a6ae-39aed92b5119,3dgs/23d9a3eb-37f0-4040-a6ae-39aed92b5119.ply,images-csv/23d9a3eb-37f0-4040-a6ae-39aed92b5119.csv
248a8682-7b42-40b3-b460-8d66a130b66f,images/248a8682-7b42-40b3-b460-8d66a130b66f,depth_est/248a8682-7b42-40b3-b460-8d66a130b66f,,sparse/248a8682-7b42-40b3-b460-8d66a130b66f,images_raw/248a8682-7b42-40b3-b460-8d66a130b66f,masks_raw/248a8682-7b42-40b3-b460-8d66a130b66f,masks_images/248a8682-7b42-40b3-b460-8d66a130b66f,3dgs/248a8682-7b42-40b3-b460-8d66a130b66f.ply,images-csv/248a8682-7b42-40b3-b460-8d66a130b66f.csv
24b70f03-0939-4286-b89c-964204982b43,images/24b70f03-0939-4286-b89c-964204982b43,depth_est/24b70f03-0939-4286-b89c-964204982b43,depths/24b70f03-0939-4286-b89c-964204982b43,sparse/24b70f03-0939-4286-b89c-964204982b43,images_raw/24b70f03-0939-4286-b89c-964204982b43,masks_raw/24b70f03-0939-4286-b89c-964204982b43,masks_images/24b70f03-0939-4286-b89c-964204982b43,3dgs/24b70f03-0939-4286-b89c-964204982b43.ply,images-csv/24b70f03-0939-4286-b89c-964204982b43.csv
24ca15c9-918e-4485-a5d4-058dc7fceeb9,images/24ca15c9-918e-4485-a5d4-058dc7fceeb9,depth_est/24ca15c9-918e-4485-a5d4-058dc7fceeb9,depths/24ca15c9-918e-4485-a5d4-058dc7fceeb9,sparse/24ca15c9-918e-4485-a5d4-058dc7fceeb9,images_raw/24ca15c9-918e-4485-a5d4-058dc7fceeb9,masks_raw/24ca15c9-918e-4485-a5d4-058dc7fceeb9,masks_images/24ca15c9-918e-4485-a5d4-058dc7fceeb9,3dgs/24ca15c9-918e-4485-a5d4-058dc7fceeb9.ply,images-csv/24ca15c9-918e-4485-a5d4-058dc7fceeb9.csv
24f59669-7581-49ce-922b-abdaa2b69dfb,images/24f59669-7581-49ce-922b-abdaa2b69dfb,depth_est/24f59669-7581-49ce-922b-abdaa2b69dfb,,sparse/24f59669-7581-49ce-922b-abdaa2b69dfb,images_raw/24f59669-7581-49ce-922b-abdaa2b69dfb,masks_raw/24f59669-7581-49ce-922b-abdaa2b69dfb,masks_images/24f59669-7581-49ce-922b-abdaa2b69dfb,3dgs/24f59669-7581-49ce-922b-abdaa2b69dfb.ply,images-csv/24f59669-7581-49ce-922b-abdaa2b69dfb.csv
252fc292-2aca-4c5f-8945-d281711784b0,images/252fc292-2aca-4c5f-8945-d281711784b0,depth_est/252fc292-2aca-4c5f-8945-d281711784b0,,sparse/252fc292-2aca-4c5f-8945-d281711784b0,images_raw/252fc292-2aca-4c5f-8945-d281711784b0,masks_raw/252fc292-2aca-4c5f-8945-d281711784b0,masks_images/252fc292-2aca-4c5f-8945-d281711784b0,3dgs/252fc292-2aca-4c5f-8945-d281711784b0.ply,images-csv/252fc292-2aca-4c5f-8945-d281711784b0.csv
255c5c79-2ba5-4744-b0de-124b9f2080aa,images/255c5c79-2ba5-4744-b0de-124b9f2080aa,depth_est/255c5c79-2ba5-4744-b0de-124b9f2080aa,depths/255c5c79-2ba5-4744-b0de-124b9f2080aa,sparse/255c5c79-2ba5-4744-b0de-124b9f2080aa,images_raw/255c5c79-2ba5-4744-b0de-124b9f2080aa,masks_raw/255c5c79-2ba5-4744-b0de-124b9f2080aa,masks_images/255c5c79-2ba5-4744-b0de-124b9f2080aa,3dgs/255c5c79-2ba5-4744-b0de-124b9f2080aa.ply,images-csv/255c5c79-2ba5-4744-b0de-124b9f2080aa.csv
258629bc-f83c-47fd-a6f7-14aacb9b719f,images/258629bc-f83c-47fd-a6f7-14aacb9b719f,depth_est/258629bc-f83c-47fd-a6f7-14aacb9b719f,,sparse/258629bc-f83c-47fd-a6f7-14aacb9b719f,images_raw/258629bc-f83c-47fd-a6f7-14aacb9b719f,masks_raw/258629bc-f83c-47fd-a6f7-14aacb9b719f,masks_images/258629bc-f83c-47fd-a6f7-14aacb9b719f,3dgs/258629bc-f83c-47fd-a6f7-14aacb9b719f.ply,images-csv/258629bc-f83c-47fd-a6f7-14aacb9b719f.csv
261d2310-f30f-4f47-bf40-cc7edb6366f1,images/261d2310-f30f-4f47-bf40-cc7edb6366f1,depth_est/261d2310-f30f-4f47-bf40-cc7edb6366f1,,sparse/261d2310-f30f-4f47-bf40-cc7edb6366f1,images_raw/261d2310-f30f-4f47-bf40-cc7edb6366f1,masks_raw/261d2310-f30f-4f47-bf40-cc7edb6366f1,masks_images/261d2310-f30f-4f47-bf40-cc7edb6366f1,3dgs/261d2310-f30f-4f47-bf40-cc7edb6366f1.ply,images-csv/261d2310-f30f-4f47-bf40-cc7edb6366f1.csv
26d34a6d-707c-4b33-85d7-9a5522887c07,images/26d34a6d-707c-4b33-85d7-9a5522887c07,depth_est/26d34a6d-707c-4b33-85d7-9a5522887c07,depths/26d34a6d-707c-4b33-85d7-9a5522887c07,sparse/26d34a6d-707c-4b33-85d7-9a5522887c07,images_raw/26d34a6d-707c-4b33-85d7-9a5522887c07,masks_raw/26d34a6d-707c-4b33-85d7-9a5522887c07,masks_images/26d34a6d-707c-4b33-85d7-9a5522887c07,3dgs/26d34a6d-707c-4b33-85d7-9a5522887c07.ply,images-csv/26d34a6d-707c-4b33-85d7-9a5522887c07.csv
26e8f704-148f-445d-a9f6-79aca674a2c4,images/26e8f704-148f-445d-a9f6-79aca674a2c4,depth_est/26e8f704-148f-445d-a9f6-79aca674a2c4,depths/26e8f704-148f-445d-a9f6-79aca674a2c4,sparse/26e8f704-148f-445d-a9f6-79aca674a2c4,images_raw/26e8f704-148f-445d-a9f6-79aca674a2c4,masks_raw/26e8f704-148f-445d-a9f6-79aca674a2c4,masks_images/26e8f704-148f-445d-a9f6-79aca674a2c4,3dgs/26e8f704-148f-445d-a9f6-79aca674a2c4.ply,images-csv/26e8f704-148f-445d-a9f6-79aca674a2c4.csv
2717666f-3b2e-49ba-89d1-a59ccdf54bfe,images/2717666f-3b2e-49ba-89d1-a59ccdf54bfe,depth_est/2717666f-3b2e-49ba-89d1-a59ccdf54bfe,,sparse/2717666f-3b2e-49ba-89d1-a59ccdf54bfe,images_raw/2717666f-3b2e-49ba-89d1-a59ccdf54bfe,masks_raw/2717666f-3b2e-49ba-89d1-a59ccdf54bfe,masks_images/2717666f-3b2e-49ba-89d1-a59ccdf54bfe,3dgs/2717666f-3b2e-49ba-89d1-a59ccdf54bfe.ply,images-csv/2717666f-3b2e-49ba-89d1-a59ccdf54bfe.csv
271be54f-6de0-4991-99ff-a00fb7fd67e7,images/271be54f-6de0-4991-99ff-a00fb7fd67e7,depth_est/271be54f-6de0-4991-99ff-a00fb7fd67e7,depths/271be54f-6de0-4991-99ff-a00fb7fd67e7,sparse/271be54f-6de0-4991-99ff-a00fb7fd67e7,images_raw/271be54f-6de0-4991-99ff-a00fb7fd67e7,masks_raw/271be54f-6de0-4991-99ff-a00fb7fd67e7,masks_images/271be54f-6de0-4991-99ff-a00fb7fd67e7,3dgs/271be54f-6de0-4991-99ff-a00fb7fd67e7.ply,images-csv/271be54f-6de0-4991-99ff-a00fb7fd67e7.csv
27b76524-4d52-4f61-bf05-8e4f9ae75212,images/27b76524-4d52-4f61-bf05-8e4f9ae75212,depth_est/27b76524-4d52-4f61-bf05-8e4f9ae75212,depths/27b76524-4d52-4f61-bf05-8e4f9ae75212,sparse/27b76524-4d52-4f61-bf05-8e4f9ae75212,images_raw/27b76524-4d52-4f61-bf05-8e4f9ae75212,masks_raw/27b76524-4d52-4f61-bf05-8e4f9ae75212,masks_images/27b76524-4d52-4f61-bf05-8e4f9ae75212,3dgs/27b76524-4d52-4f61-bf05-8e4f9ae75212.ply,images-csv/27b76524-4d52-4f61-bf05-8e4f9ae75212.csv
27dca4b6-e087-40b2-b37a-94851f8809a4,images/27dca4b6-e087-40b2-b37a-94851f8809a4,depth_est/27dca4b6-e087-40b2-b37a-94851f8809a4,,sparse/27dca4b6-e087-40b2-b37a-94851f8809a4,images_raw/27dca4b6-e087-40b2-b37a-94851f8809a4,masks_raw/27dca4b6-e087-40b2-b37a-94851f8809a4,masks_images/27dca4b6-e087-40b2-b37a-94851f8809a4,3dgs/27dca4b6-e087-40b2-b37a-94851f8809a4.ply,images-csv/27dca4b6-e087-40b2-b37a-94851f8809a4.csv
27eda69c-6a61-4e32-bedf-c1e4eadfea2a,images/27eda69c-6a61-4e32-bedf-c1e4eadfea2a,depth_est/27eda69c-6a61-4e32-bedf-c1e4eadfea2a,depths/27eda69c-6a61-4e32-bedf-c1e4eadfea2a,sparse/27eda69c-6a61-4e32-bedf-c1e4eadfea2a,images_raw/27eda69c-6a61-4e32-bedf-c1e4eadfea2a,masks_raw/27eda69c-6a61-4e32-bedf-c1e4eadfea2a,masks_images/27eda69c-6a61-4e32-bedf-c1e4eadfea2a,3dgs/27eda69c-6a61-4e32-bedf-c1e4eadfea2a.ply,images-csv/27eda69c-6a61-4e32-bedf-c1e4eadfea2a.csv
283fb265-58c6-47d1-9a6d-a1d6ca82eac6,images/283fb265-58c6-47d1-9a6d-a1d6ca82eac6,depth_est/283fb265-58c6-47d1-9a6d-a1d6ca82eac6,depths/283fb265-58c6-47d1-9a6d-a1d6ca82eac6,sparse/283fb265-58c6-47d1-9a6d-a1d6ca82eac6,images_raw/283fb265-58c6-47d1-9a6d-a1d6ca82eac6,masks_raw/283fb265-58c6-47d1-9a6d-a1d6ca82eac6,masks_images/283fb265-58c6-47d1-9a6d-a1d6ca82eac6,3dgs/283fb265-58c6-47d1-9a6d-a1d6ca82eac6.ply,images-csv/283fb265-58c6-47d1-9a6d-a1d6ca82eac6.csv
287808ff-38c9-4763-beeb-4ffdfde7dc0c,images/287808ff-38c9-4763-beeb-4ffdfde7dc0c,depth_est/287808ff-38c9-4763-beeb-4ffdfde7dc0c,depths/287808ff-38c9-4763-beeb-4ffdfde7dc0c,sparse/287808ff-38c9-4763-beeb-4ffdfde7dc0c,images_raw/287808ff-38c9-4763-beeb-4ffdfde7dc0c,masks_raw/287808ff-38c9-4763-beeb-4ffdfde7dc0c,masks_images/287808ff-38c9-4763-beeb-4ffdfde7dc0c,3dgs/287808ff-38c9-4763-beeb-4ffdfde7dc0c.ply,images-csv/287808ff-38c9-4763-beeb-4ffdfde7dc0c.csv
288f4fd8-99b3-4406-863c-16e49a24a4a9,images/288f4fd8-99b3-4406-863c-16e49a24a4a9,depth_est/288f4fd8-99b3-4406-863c-16e49a24a4a9,,sparse/288f4fd8-99b3-4406-863c-16e49a24a4a9,images_raw/288f4fd8-99b3-4406-863c-16e49a24a4a9,masks_raw/288f4fd8-99b3-4406-863c-16e49a24a4a9,masks_images/288f4fd8-99b3-4406-863c-16e49a24a4a9,3dgs/288f4fd8-99b3-4406-863c-16e49a24a4a9.ply,images-csv/288f4fd8-99b3-4406-863c-16e49a24a4a9.csv
28fc8b4c-e4ff-467b-a31b-884ee1ed4113,images/28fc8b4c-e4ff-467b-a31b-884ee1ed4113,depth_est/28fc8b4c-e4ff-467b-a31b-884ee1ed4113,depths/28fc8b4c-e4ff-467b-a31b-884ee1ed4113,sparse/28fc8b4c-e4ff-467b-a31b-884ee1ed4113,images_raw/28fc8b4c-e4ff-467b-a31b-884ee1ed4113,masks_raw/28fc8b4c-e4ff-467b-a31b-884ee1ed4113,masks_images/28fc8b4c-e4ff-467b-a31b-884ee1ed4113,3dgs/28fc8b4c-e4ff-467b-a31b-884ee1ed4113.ply,images-csv/28fc8b4c-e4ff-467b-a31b-884ee1ed4113.csv
2905abda-1c35-4bb2-a4df-c4ef55b4e180,images/2905abda-1c35-4bb2-a4df-c4ef55b4e180,depth_est/2905abda-1c35-4bb2-a4df-c4ef55b4e180,depths/2905abda-1c35-4bb2-a4df-c4ef55b4e180,sparse/2905abda-1c35-4bb2-a4df-c4ef55b4e180,images_raw/2905abda-1c35-4bb2-a4df-c4ef55b4e180,masks_raw/2905abda-1c35-4bb2-a4df-c4ef55b4e180,masks_images/2905abda-1c35-4bb2-a4df-c4ef55b4e180,3dgs/2905abda-1c35-4bb2-a4df-c4ef55b4e180.ply,images-csv/2905abda-1c35-4bb2-a4df-c4ef55b4e180.csv
293e49b8-b6a7-4595-9228-ae458976c2d6,images/293e49b8-b6a7-4595-9228-ae458976c2d6,depth_est/293e49b8-b6a7-4595-9228-ae458976c2d6,,sparse/293e49b8-b6a7-4595-9228-ae458976c2d6,images_raw/293e49b8-b6a7-4595-9228-ae458976c2d6,masks_raw/293e49b8-b6a7-4595-9228-ae458976c2d6,masks_images/293e49b8-b6a7-4595-9228-ae458976c2d6,3dgs/293e49b8-b6a7-4595-9228-ae458976c2d6.ply,images-csv/293e49b8-b6a7-4595-9228-ae458976c2d6.csv
2968e284-3594-4784-a22e-584add1396ff,images/2968e284-3594-4784-a22e-584add1396ff,depth_est/2968e284-3594-4784-a22e-584add1396ff,,sparse/2968e284-3594-4784-a22e-584add1396ff,images_raw/2968e284-3594-4784-a22e-584add1396ff,masks_raw/2968e284-3594-4784-a22e-584add1396ff,masks_images/2968e284-3594-4784-a22e-584add1396ff,3dgs/2968e284-3594-4784-a22e-584add1396ff.ply,images-csv/2968e284-3594-4784-a22e-584add1396ff.csv
29baecfe-76ed-41a3-b1f3-5954d6404f2d,images/29baecfe-76ed-41a3-b1f3-5954d6404f2d,depth_est/29baecfe-76ed-41a3-b1f3-5954d6404f2d,depths/29baecfe-76ed-41a3-b1f3-5954d6404f2d,sparse/29baecfe-76ed-41a3-b1f3-5954d6404f2d,images_raw/29baecfe-76ed-41a3-b1f3-5954d6404f2d,masks_raw/29baecfe-76ed-41a3-b1f3-5954d6404f2d,masks_images/29baecfe-76ed-41a3-b1f3-5954d6404f2d,3dgs/29baecfe-76ed-41a3-b1f3-5954d6404f2d.ply,images-csv/29baecfe-76ed-41a3-b1f3-5954d6404f2d.csv
29c4cf14-2985-4be9-9222-7bbca31ccc28,images/29c4cf14-2985-4be9-9222-7bbca31ccc28,depth_est/29c4cf14-2985-4be9-9222-7bbca31ccc28,,sparse/29c4cf14-2985-4be9-9222-7bbca31ccc28,images_raw/29c4cf14-2985-4be9-9222-7bbca31ccc28,masks_raw/29c4cf14-2985-4be9-9222-7bbca31ccc28,masks_images/29c4cf14-2985-4be9-9222-7bbca31ccc28,3dgs/29c4cf14-2985-4be9-9222-7bbca31ccc28.ply,images-csv/29c4cf14-2985-4be9-9222-7bbca31ccc28.csv
2a728b1e-3b55-4b67-9b78-b9dce8e69cc9,images/2a728b1e-3b55-4b67-9b78-b9dce8e69cc9,depth_est/2a728b1e-3b55-4b67-9b78-b9dce8e69cc9,depths/2a728b1e-3b55-4b67-9b78-b9dce8e69cc9,sparse/2a728b1e-3b55-4b67-9b78-b9dce8e69cc9,images_raw/2a728b1e-3b55-4b67-9b78-b9dce8e69cc9,masks_raw/2a728b1e-3b55-4b67-9b78-b9dce8e69cc9,masks_images/2a728b1e-3b55-4b67-9b78-b9dce8e69cc9,3dgs/2a728b1e-3b55-4b67-9b78-b9dce8e69cc9.ply,images-csv/2a728b1e-3b55-4b67-9b78-b9dce8e69cc9.csv
2a9e808d-e178-43ae-a6df-1e4992860b5e,images/2a9e808d-e178-43ae-a6df-1e4992860b5e,depth_est/2a9e808d-e178-43ae-a6df-1e4992860b5e,depths/2a9e808d-e178-43ae-a6df-1e4992860b5e,sparse/2a9e808d-e178-43ae-a6df-1e4992860b5e,images_raw/2a9e808d-e178-43ae-a6df-1e4992860b5e,masks_raw/2a9e808d-e178-43ae-a6df-1e4992860b5e,masks_images/2a9e808d-e178-43ae-a6df-1e4992860b5e,3dgs/2a9e808d-e178-43ae-a6df-1e4992860b5e.ply,images-csv/2a9e808d-e178-43ae-a6df-1e4992860b5e.csv
2b3d3052-1957-46f6-a0d2-723ebbedb0a9,images/2b3d3052-1957-46f6-a0d2-723ebbedb0a9,depth_est/2b3d3052-1957-46f6-a0d2-723ebbedb0a9,depths/2b3d3052-1957-46f6-a0d2-723ebbedb0a9,sparse/2b3d3052-1957-46f6-a0d2-723ebbedb0a9,images_raw/2b3d3052-1957-46f6-a0d2-723ebbedb0a9,masks_raw/2b3d3052-1957-46f6-a0d2-723ebbedb0a9,masks_images/2b3d3052-1957-46f6-a0d2-723ebbedb0a9,3dgs/2b3d3052-1957-46f6-a0d2-723ebbedb0a9.ply,images-csv/2b3d3052-1957-46f6-a0d2-723ebbedb0a9.csv
2b448f4d-1660-46fd-9a30-ab31b7c12ba4,images/2b448f4d-1660-46fd-9a30-ab31b7c12ba4,depth_est/2b448f4d-1660-46fd-9a30-ab31b7c12ba4,,sparse/2b448f4d-1660-46fd-9a30-ab31b7c12ba4,images_raw/2b448f4d-1660-46fd-9a30-ab31b7c12ba4,masks_raw/2b448f4d-1660-46fd-9a30-ab31b7c12ba4,masks_images/2b448f4d-1660-46fd-9a30-ab31b7c12ba4,3dgs/2b448f4d-1660-46fd-9a30-ab31b7c12ba4.ply,images-csv/2b448f4d-1660-46fd-9a30-ab31b7c12ba4.csv
2b4f8ee8-d1d1-47cc-b614-dbc4ce6f6cdb,images/2b4f8ee8-d1d1-47cc-b614-dbc4ce6f6cdb,depth_est/2b4f8ee8-d1d1-47cc-b614-dbc4ce6f6cdb,,sparse/2b4f8ee8-d1d1-47cc-b614-dbc4ce6f6cdb,images_raw/2b4f8ee8-d1d1-47cc-b614-dbc4ce6f6cdb,masks_raw/2b4f8ee8-d1d1-47cc-b614-dbc4ce6f6cdb,masks_images/2b4f8ee8-d1d1-47cc-b614-dbc4ce6f6cdb,3dgs/2b4f8ee8-d1d1-47cc-b614-dbc4ce6f6cdb.ply,images-csv/2b4f8ee8-d1d1-47cc-b614-dbc4ce6f6cdb.csv
2b961234-d4a0-4ed1-b389-a39b5a994633,images/2b961234-d4a0-4ed1-b389-a39b5a994633,depth_est/2b961234-d4a0-4ed1-b389-a39b5a994633,,sparse/2b961234-d4a0-4ed1-b389-a39b5a994633,images_raw/2b961234-d4a0-4ed1-b389-a39b5a994633,masks_raw/2b961234-d4a0-4ed1-b389-a39b5a994633,masks_images/2b961234-d4a0-4ed1-b389-a39b5a994633,3dgs/2b961234-d4a0-4ed1-b389-a39b5a994633.ply,images-csv/2b961234-d4a0-4ed1-b389-a39b5a994633.csv
2bd91b62-cbb4-4146-afa6-941f8a00c3bd,images/2bd91b62-cbb4-4146-afa6-941f8a00c3bd,depth_est/2bd91b62-cbb4-4146-afa6-941f8a00c3bd,,sparse/2bd91b62-cbb4-4146-afa6-941f8a00c3bd,images_raw/2bd91b62-cbb4-4146-afa6-941f8a00c3bd,masks_raw/2bd91b62-cbb4-4146-afa6-941f8a00c3bd,masks_images/2bd91b62-cbb4-4146-afa6-941f8a00c3bd,3dgs/2bd91b62-cbb4-4146-afa6-941f8a00c3bd.ply,images-csv/2bd91b62-cbb4-4146-afa6-941f8a00c3bd.csv
2c033ccc-8de8-494b-9416-9ec0e530f717,images/2c033ccc-8de8-494b-9416-9ec0e530f717,depth_est/2c033ccc-8de8-494b-9416-9ec0e530f717,depths/2c033ccc-8de8-494b-9416-9ec0e530f717,sparse/2c033ccc-8de8-494b-9416-9ec0e530f717,images_raw/2c033ccc-8de8-494b-9416-9ec0e530f717,masks_raw/2c033ccc-8de8-494b-9416-9ec0e530f717,masks_images/2c033ccc-8de8-494b-9416-9ec0e530f717,3dgs/2c033ccc-8de8-494b-9416-9ec0e530f717.ply,images-csv/2c033ccc-8de8-494b-9416-9ec0e530f717.csv
2cc9bf99-0ea5-432c-94a3-c86874b530b0,images/2cc9bf99-0ea5-432c-94a3-c86874b530b0,depth_est/2cc9bf99-0ea5-432c-94a3-c86874b530b0,,sparse/2cc9bf99-0ea5-432c-94a3-c86874b530b0,images_raw/2cc9bf99-0ea5-432c-94a3-c86874b530b0,masks_raw/2cc9bf99-0ea5-432c-94a3-c86874b530b0,masks_images/2cc9bf99-0ea5-432c-94a3-c86874b530b0,3dgs/2cc9bf99-0ea5-432c-94a3-c86874b530b0.ply,images-csv/2cc9bf99-0ea5-432c-94a3-c86874b530b0.csv
2cced7e6-8ecd-43e5-93ca-3068478720e6,images/2cced7e6-8ecd-43e5-93ca-3068478720e6,depth_est/2cced7e6-8ecd-43e5-93ca-3068478720e6,depths/2cced7e6-8ecd-43e5-93ca-3068478720e6,sparse/2cced7e6-8ecd-43e5-93ca-3068478720e6,images_raw/2cced7e6-8ecd-43e5-93ca-3068478720e6,masks_raw/2cced7e6-8ecd-43e5-93ca-3068478720e6,masks_images/2cced7e6-8ecd-43e5-93ca-3068478720e6,3dgs/2cced7e6-8ecd-43e5-93ca-3068478720e6.ply,images-csv/2cced7e6-8ecd-43e5-93ca-3068478720e6.csv
2d139a9b-05d0-4884-b700-0debe0a25238,images/2d139a9b-05d0-4884-b700-0debe0a25238,depth_est/2d139a9b-05d0-4884-b700-0debe0a25238,,sparse/2d139a9b-05d0-4884-b700-0debe0a25238,images_raw/2d139a9b-05d0-4884-b700-0debe0a25238,masks_raw/2d139a9b-05d0-4884-b700-0debe0a25238,masks_images/2d139a9b-05d0-4884-b700-0debe0a25238,3dgs/2d139a9b-05d0-4884-b700-0debe0a25238.ply,images-csv/2d139a9b-05d0-4884-b700-0debe0a25238.csv
2da114b2-54e8-4f21-afe4-3bcbb1dc6af4,images/2da114b2-54e8-4f21-afe4-3bcbb1dc6af4,depth_est/2da114b2-54e8-4f21-afe4-3bcbb1dc6af4,,sparse/2da114b2-54e8-4f21-afe4-3bcbb1dc6af4,images_raw/2da114b2-54e8-4f21-afe4-3bcbb1dc6af4,masks_raw/2da114b2-54e8-4f21-afe4-3bcbb1dc6af4,masks_images/2da114b2-54e8-4f21-afe4-3bcbb1dc6af4,3dgs/2da114b2-54e8-4f21-afe4-3bcbb1dc6af4.ply,images-csv/2da114b2-54e8-4f21-afe4-3bcbb1dc6af4.csv
2e5fc7b5-3bbf-4434-85dc-81cf036c7ff4,images/2e5fc7b5-3bbf-4434-85dc-81cf036c7ff4,depth_est/2e5fc7b5-3bbf-4434-85dc-81cf036c7ff4,,sparse/2e5fc7b5-3bbf-4434-85dc-81cf036c7ff4,images_raw/2e5fc7b5-3bbf-4434-85dc-81cf036c7ff4,masks_raw/2e5fc7b5-3bbf-4434-85dc-81cf036c7ff4,masks_images/2e5fc7b5-3bbf-4434-85dc-81cf036c7ff4,3dgs/2e5fc7b5-3bbf-4434-85dc-81cf036c7ff4.ply,images-csv/2e5fc7b5-3bbf-4434-85dc-81cf036c7ff4.csv
2ea510fa-0bc4-43f5-ae4b-494bcc123845,images/2ea510fa-0bc4-43f5-ae4b-494bcc123845,depth_est/2ea510fa-0bc4-43f5-ae4b-494bcc123845,depths/2ea510fa-0bc4-43f5-ae4b-494bcc123845,sparse/2ea510fa-0bc4-43f5-ae4b-494bcc123845,images_raw/2ea510fa-0bc4-43f5-ae4b-494bcc123845,masks_raw/2ea510fa-0bc4-43f5-ae4b-494bcc123845,masks_images/2ea510fa-0bc4-43f5-ae4b-494bcc123845,3dgs/2ea510fa-0bc4-43f5-ae4b-494bcc123845.ply,images-csv/2ea510fa-0bc4-43f5-ae4b-494bcc123845.csv
2f11a4c4-367e-4cd4-aca8-219cc60590e7,images/2f11a4c4-367e-4cd4-aca8-219cc60590e7,depth_est/2f11a4c4-367e-4cd4-aca8-219cc60590e7,,sparse/2f11a4c4-367e-4cd4-aca8-219cc60590e7,images_raw/2f11a4c4-367e-4cd4-aca8-219cc60590e7,masks_raw/2f11a4c4-367e-4cd4-aca8-219cc60590e7,masks_images/2f11a4c4-367e-4cd4-aca8-219cc60590e7,3dgs/2f11a4c4-367e-4cd4-aca8-219cc60590e7.ply,images-csv/2f11a4c4-367e-4cd4-aca8-219cc60590e7.csv
2f565ba0-5be8-4651-b7f3-ae0ab9b096ec,images/2f565ba0-5be8-4651-b7f3-ae0ab9b096ec,depth_est/2f565ba0-5be8-4651-b7f3-ae0ab9b096ec,depths/2f565ba0-5be8-4651-b7f3-ae0ab9b096ec,sparse/2f565ba0-5be8-4651-b7f3-ae0ab9b096ec,images_raw/2f565ba0-5be8-4651-b7f3-ae0ab9b096ec,masks_raw/2f565ba0-5be8-4651-b7f3-ae0ab9b096ec,masks_images/2f565ba0-5be8-4651-b7f3-ae0ab9b096ec,3dgs/2f565ba0-5be8-4651-b7f3-ae0ab9b096ec.ply,images-csv/2f565ba0-5be8-4651-b7f3-ae0ab9b096ec.csv
2f63f69f-f0b2-4066-b5e2-372f1a78b8db,images/2f63f69f-f0b2-4066-b5e2-372f1a78b8db,depth_est/2f63f69f-f0b2-4066-b5e2-372f1a78b8db,,sparse/2f63f69f-f0b2-4066-b5e2-372f1a78b8db,images_raw/2f63f69f-f0b2-4066-b5e2-372f1a78b8db,masks_raw/2f63f69f-f0b2-4066-b5e2-372f1a78b8db,masks_images/2f63f69f-f0b2-4066-b5e2-372f1a78b8db,3dgs/2f63f69f-f0b2-4066-b5e2-372f1a78b8db.ply,images-csv/2f63f69f-f0b2-4066-b5e2-372f1a78b8db.csv
2f83419a-6393-49e4-9246-d694821160dc,images/2f83419a-6393-49e4-9246-d694821160dc,depth_est/2f83419a-6393-49e4-9246-d694821160dc,,sparse/2f83419a-6393-49e4-9246-d694821160dc,images_raw/2f83419a-6393-49e4-9246-d694821160dc,masks_raw/2f83419a-6393-49e4-9246-d694821160dc,masks_images/2f83419a-6393-49e4-9246-d694821160dc,3dgs/2f83419a-6393-49e4-9246-d694821160dc.ply,images-csv/2f83419a-6393-49e4-9246-d694821160dc.csv
2fbd7b87-c759-45dc-8b02-fb618d481e91,images/2fbd7b87-c759-45dc-8b02-fb618d481e91,depth_est/2fbd7b87-c759-45dc-8b02-fb618d481e91,,sparse/2fbd7b87-c759-45dc-8b02-fb618d481e91,images_raw/2fbd7b87-c759-45dc-8b02-fb618d481e91,masks_raw/2fbd7b87-c759-45dc-8b02-fb618d481e91,masks_images/2fbd7b87-c759-45dc-8b02-fb618d481e91,3dgs/2fbd7b87-c759-45dc-8b02-fb618d481e91.ply,images-csv/2fbd7b87-c759-45dc-8b02-fb618d481e91.csv
2fc11dcd-c722-4c19-9e87-5394a7b85052,images/2fc11dcd-c722-4c19-9e87-5394a7b85052,depth_est/2fc11dcd-c722-4c19-9e87-5394a7b85052,depths/2fc11dcd-c722-4c19-9e87-5394a7b85052,sparse/2fc11dcd-c722-4c19-9e87-5394a7b85052,images_raw/2fc11dcd-c722-4c19-9e87-5394a7b85052,masks_raw/2fc11dcd-c722-4c19-9e87-5394a7b85052,masks_images/2fc11dcd-c722-4c19-9e87-5394a7b85052,3dgs/2fc11dcd-c722-4c19-9e87-5394a7b85052.ply,images-csv/2fc11dcd-c722-4c19-9e87-5394a7b85052.csv
2fca5859-d7bd-467f-94dc-7287181d483b,images/2fca5859-d7bd-467f-94dc-7287181d483b,depth_est/2fca5859-d7bd-467f-94dc-7287181d483b,depths/2fca5859-d7bd-467f-94dc-7287181d483b,sparse/2fca5859-d7bd-467f-94dc-7287181d483b,images_raw/2fca5859-d7bd-467f-94dc-7287181d483b,masks_raw/2fca5859-d7bd-467f-94dc-7287181d483b,masks_images/2fca5859-d7bd-467f-94dc-7287181d483b,3dgs/2fca5859-d7bd-467f-94dc-7287181d483b.ply,images-csv/2fca5859-d7bd-467f-94dc-7287181d483b.csv
2fd203b0-5428-433a-b634-0414bb5cce1b,images/2fd203b0-5428-433a-b634-0414bb5cce1b,depth_est/2fd203b0-5428-433a-b634-0414bb5cce1b,depths/2fd203b0-5428-433a-b634-0414bb5cce1b,sparse/2fd203b0-5428-433a-b634-0414bb5cce1b,images_raw/2fd203b0-5428-433a-b634-0414bb5cce1b,masks_raw/2fd203b0-5428-433a-b634-0414bb5cce1b,masks_images/2fd203b0-5428-433a-b634-0414bb5cce1b,3dgs/2fd203b0-5428-433a-b634-0414bb5cce1b.ply,images-csv/2fd203b0-5428-433a-b634-0414bb5cce1b.csv
303839ca-1d5a-4a8a-8c74-f266782da756,images/303839ca-1d5a-4a8a-8c74-f266782da756,depth_est/303839ca-1d5a-4a8a-8c74-f266782da756,depths/303839ca-1d5a-4a8a-8c74-f266782da756,sparse/303839ca-1d5a-4a8a-8c74-f266782da756,images_raw/303839ca-1d5a-4a8a-8c74-f266782da756,masks_raw/303839ca-1d5a-4a8a-8c74-f266782da756,masks_images/303839ca-1d5a-4a8a-8c74-f266782da756,3dgs/303839ca-1d5a-4a8a-8c74-f266782da756.ply,images-csv/303839ca-1d5a-4a8a-8c74-f266782da756.csv
30a676db-620f-4696-b6a2-e2b569e7b6cb,images/30a676db-620f-4696-b6a2-e2b569e7b6cb,depth_est/30a676db-620f-4696-b6a2-e2b569e7b6cb,,sparse/30a676db-620f-4696-b6a2-e2b569e7b6cb,images_raw/30a676db-620f-4696-b6a2-e2b569e7b6cb,masks_raw/30a676db-620f-4696-b6a2-e2b569e7b6cb,masks_images/30a676db-620f-4696-b6a2-e2b569e7b6cb,3dgs/30a676db-620f-4696-b6a2-e2b569e7b6cb.ply,images-csv/30a676db-620f-4696-b6a2-e2b569e7b6cb.csv
30b323a1-a294-4528-a8ee-54cfbe49f0f8,images/30b323a1-a294-4528-a8ee-54cfbe49f0f8,depth_est/30b323a1-a294-4528-a8ee-54cfbe49f0f8,,sparse/30b323a1-a294-4528-a8ee-54cfbe49f0f8,images_raw/30b323a1-a294-4528-a8ee-54cfbe49f0f8,masks_raw/30b323a1-a294-4528-a8ee-54cfbe49f0f8,masks_images/30b323a1-a294-4528-a8ee-54cfbe49f0f8,3dgs/30b323a1-a294-4528-a8ee-54cfbe49f0f8.ply,images-csv/30b323a1-a294-4528-a8ee-54cfbe49f0f8.csv
30bc53be-8203-4a9e-941e-daa1cc32de10,images/30bc53be-8203-4a9e-941e-daa1cc32de10,depth_est/30bc53be-8203-4a9e-941e-daa1cc32de10,,sparse/30bc53be-8203-4a9e-941e-daa1cc32de10,images_raw/30bc53be-8203-4a9e-941e-daa1cc32de10,masks_raw/30bc53be-8203-4a9e-941e-daa1cc32de10,masks_images/30bc53be-8203-4a9e-941e-daa1cc32de10,3dgs/30bc53be-8203-4a9e-941e-daa1cc32de10.ply,images-csv/30bc53be-8203-4a9e-941e-daa1cc32de10.csv
30c0ad4d-42aa-4eba-b2b5-b46ce47309ec,images/30c0ad4d-42aa-4eba-b2b5-b46ce47309ec,depth_est/30c0ad4d-42aa-4eba-b2b5-b46ce47309ec,,sparse/30c0ad4d-42aa-4eba-b2b5-b46ce47309ec,images_raw/30c0ad4d-42aa-4eba-b2b5-b46ce47309ec,masks_raw/30c0ad4d-42aa-4eba-b2b5-b46ce47309ec,masks_images/30c0ad4d-42aa-4eba-b2b5-b46ce47309ec,3dgs/30c0ad4d-42aa-4eba-b2b5-b46ce47309ec.ply,images-csv/30c0ad4d-42aa-4eba-b2b5-b46ce47309ec.csv
3116d060-0444-4336-98cb-fb9e00225349,images/3116d060-0444-4336-98cb-fb9e00225349,depth_est/3116d060-0444-4336-98cb-fb9e00225349,,sparse/3116d060-0444-4336-98cb-fb9e00225349,images_raw/3116d060-0444-4336-98cb-fb9e00225349,masks_raw/3116d060-0444-4336-98cb-fb9e00225349,masks_images/3116d060-0444-4336-98cb-fb9e00225349,3dgs/3116d060-0444-4336-98cb-fb9e00225349.ply,images-csv/3116d060-0444-4336-98cb-fb9e00225349.csv
3118e0e8-5f8e-41a2-8c03-4e2924401152,images/3118e0e8-5f8e-41a2-8c03-4e2924401152,depth_est/3118e0e8-5f8e-41a2-8c03-4e2924401152,depths/3118e0e8-5f8e-41a2-8c03-4e2924401152,sparse/3118e0e8-5f8e-41a2-8c03-4e2924401152,images_raw/3118e0e8-5f8e-41a2-8c03-4e2924401152,masks_raw/3118e0e8-5f8e-41a2-8c03-4e2924401152,masks_images/3118e0e8-5f8e-41a2-8c03-4e2924401152,3dgs/3118e0e8-5f8e-41a2-8c03-4e2924401152.ply,images-csv/3118e0e8-5f8e-41a2-8c03-4e2924401152.csv
316efc01-3dff-4f2c-8351-357e834b34d2,images/316efc01-3dff-4f2c-8351-357e834b34d2,depth_est/316efc01-3dff-4f2c-8351-357e834b34d2,,sparse/316efc01-3dff-4f2c-8351-357e834b34d2,images_raw/316efc01-3dff-4f2c-8351-357e834b34d2,masks_raw/316efc01-3dff-4f2c-8351-357e834b34d2,masks_images/316efc01-3dff-4f2c-8351-357e834b34d2,3dgs/316efc01-3dff-4f2c-8351-357e834b34d2.ply,images-csv/316efc01-3dff-4f2c-8351-357e834b34d2.csv
3185fcf4-7f49-4924-870c-68b71754ca67,images/3185fcf4-7f49-4924-870c-68b71754ca67,depth_est/3185fcf4-7f49-4924-870c-68b71754ca67,,sparse/3185fcf4-7f49-4924-870c-68b71754ca67,images_raw/3185fcf4-7f49-4924-870c-68b71754ca67,masks_raw/3185fcf4-7f49-4924-870c-68b71754ca67,masks_images/3185fcf4-7f49-4924-870c-68b71754ca67,3dgs/3185fcf4-7f49-4924-870c-68b71754ca67.ply,images-csv/3185fcf4-7f49-4924-870c-68b71754ca67.csv
318f1310-842c-4e6b-a3d3-d1bbaed6e6fe,images/318f1310-842c-4e6b-a3d3-d1bbaed6e6fe,depth_est/318f1310-842c-4e6b-a3d3-d1bbaed6e6fe,depths/318f1310-842c-4e6b-a3d3-d1bbaed6e6fe,sparse/318f1310-842c-4e6b-a3d3-d1bbaed6e6fe,images_raw/318f1310-842c-4e6b-a3d3-d1bbaed6e6fe,masks_raw/318f1310-842c-4e6b-a3d3-d1bbaed6e6fe,masks_images/318f1310-842c-4e6b-a3d3-d1bbaed6e6fe,3dgs/318f1310-842c-4e6b-a3d3-d1bbaed6e6fe.ply,images-csv/318f1310-842c-4e6b-a3d3-d1bbaed6e6fe.csv
31e182d5-60e7-40fc-825b-b9218fbb9ca6,images/31e182d5-60e7-40fc-825b-b9218fbb9ca6,depth_est/31e182d5-60e7-40fc-825b-b9218fbb9ca6,,sparse/31e182d5-60e7-40fc-825b-b9218fbb9ca6,images_raw/31e182d5-60e7-40fc-825b-b9218fbb9ca6,masks_raw/31e182d5-60e7-40fc-825b-b9218fbb9ca6,masks_images/31e182d5-60e7-40fc-825b-b9218fbb9ca6,3dgs/31e182d5-60e7-40fc-825b-b9218fbb9ca6.ply,images-csv/31e182d5-60e7-40fc-825b-b9218fbb9ca6.csv
320f3f36-214f-42b8-af11-15492d370da2,images/320f3f36-214f-42b8-af11-15492d370da2,depth_est/320f3f36-214f-42b8-af11-15492d370da2,depths/320f3f36-214f-42b8-af11-15492d370da2,sparse/320f3f36-214f-42b8-af11-15492d370da2,images_raw/320f3f36-214f-42b8-af11-15492d370da2,masks_raw/320f3f36-214f-42b8-af11-15492d370da2,masks_images/320f3f36-214f-42b8-af11-15492d370da2,3dgs/320f3f36-214f-42b8-af11-15492d370da2.ply,images-csv/320f3f36-214f-42b8-af11-15492d370da2.csv
32328bf6-67ca-4848-b359-8f94db90b25d,images/32328bf6-67ca-4848-b359-8f94db90b25d,depth_est/32328bf6-67ca-4848-b359-8f94db90b25d,,sparse/32328bf6-67ca-4848-b359-8f94db90b25d,images_raw/32328bf6-67ca-4848-b359-8f94db90b25d,masks_raw/32328bf6-67ca-4848-b359-8f94db90b25d,masks_images/32328bf6-67ca-4848-b359-8f94db90b25d,3dgs/32328bf6-67ca-4848-b359-8f94db90b25d.ply,images-csv/32328bf6-67ca-4848-b359-8f94db90b25d.csv
32933613-01af-49a7-a1d2-b118f1b20dcf,images/32933613-01af-49a7-a1d2-b118f1b20dcf,depth_est/32933613-01af-49a7-a1d2-b118f1b20dcf,depths/32933613-01af-49a7-a1d2-b118f1b20dcf,sparse/32933613-01af-49a7-a1d2-b118f1b20dcf,images_raw/32933613-01af-49a7-a1d2-b118f1b20dcf,masks_raw/32933613-01af-49a7-a1d2-b118f1b20dcf,masks_images/32933613-01af-49a7-a1d2-b118f1b20dcf,3dgs/32933613-01af-49a7-a1d2-b118f1b20dcf.ply,images-csv/32933613-01af-49a7-a1d2-b118f1b20dcf.csv
3312c60f-f14c-4632-bf1d-fe4f3e902228,images/3312c60f-f14c-4632-bf1d-fe4f3e902228,depth_est/3312c60f-f14c-4632-bf1d-fe4f3e902228,,sparse/3312c60f-f14c-4632-bf1d-fe4f3e902228,images_raw/3312c60f-f14c-4632-bf1d-fe4f3e902228,masks_raw/3312c60f-f14c-4632-bf1d-fe4f3e902228,masks_images/3312c60f-f14c-4632-bf1d-fe4f3e902228,3dgs/3312c60f-f14c-4632-bf1d-fe4f3e902228.ply,images-csv/3312c60f-f14c-4632-bf1d-fe4f3e902228.csv
338f831d-ac7d-455d-9fd5-d903b38a2b8f,images/338f831d-ac7d-455d-9fd5-d903b38a2b8f,depth_est/338f831d-ac7d-455d-9fd5-d903b38a2b8f,,sparse/338f831d-ac7d-455d-9fd5-d903b38a2b8f,images_raw/338f831d-ac7d-455d-9fd5-d903b38a2b8f,masks_raw/338f831d-ac7d-455d-9fd5-d903b38a2b8f,masks_images/338f831d-ac7d-455d-9fd5-d903b38a2b8f,3dgs/338f831d-ac7d-455d-9fd5-d903b38a2b8f.ply,images-csv/338f831d-ac7d-455d-9fd5-d903b38a2b8f.csv
34eae585-1f5d-4712-8e16-974c45bb53ba,images/34eae585-1f5d-4712-8e16-974c45bb53ba,depth_est/34eae585-1f5d-4712-8e16-974c45bb53ba,,sparse/34eae585-1f5d-4712-8e16-974c45bb53ba,images_raw/34eae585-1f5d-4712-8e16-974c45bb53ba,masks_raw/34eae585-1f5d-4712-8e16-974c45bb53ba,masks_images/34eae585-1f5d-4712-8e16-974c45bb53ba,3dgs/34eae585-1f5d-4712-8e16-974c45bb53ba.ply,images-csv/34eae585-1f5d-4712-8e16-974c45bb53ba.csv
351a32ac-c43c-4931-98df-750be6c24d76,images/351a32ac-c43c-4931-98df-750be6c24d76,depth_est/351a32ac-c43c-4931-98df-750be6c24d76,depths/351a32ac-c43c-4931-98df-750be6c24d76,sparse/351a32ac-c43c-4931-98df-750be6c24d76,images_raw/351a32ac-c43c-4931-98df-750be6c24d76,masks_raw/351a32ac-c43c-4931-98df-750be6c24d76,masks_images/351a32ac-c43c-4931-98df-750be6c24d76,3dgs/351a32ac-c43c-4931-98df-750be6c24d76.ply,images-csv/351a32ac-c43c-4931-98df-750be6c24d76.csv
355e245a-617c-4c53-b02a-1640dd0a25b9,images/355e245a-617c-4c53-b02a-1640dd0a25b9,depth_est/355e245a-617c-4c53-b02a-1640dd0a25b9,depths/355e245a-617c-4c53-b02a-1640dd0a25b9,sparse/355e245a-617c-4c53-b02a-1640dd0a25b9,images_raw/355e245a-617c-4c53-b02a-1640dd0a25b9,masks_raw/355e245a-617c-4c53-b02a-1640dd0a25b9,masks_images/355e245a-617c-4c53-b02a-1640dd0a25b9,3dgs/355e245a-617c-4c53-b02a-1640dd0a25b9.ply,images-csv/355e245a-617c-4c53-b02a-1640dd0a25b9.csv
357ebbf4-5903-4c76-8762-3712739b65cd,images/357ebbf4-5903-4c76-8762-3712739b65cd,depth_est/357ebbf4-5903-4c76-8762-3712739b65cd,,sparse/357ebbf4-5903-4c76-8762-3712739b65cd,images_raw/357ebbf4-5903-4c76-8762-3712739b65cd,masks_raw/357ebbf4-5903-4c76-8762-3712739b65cd,masks_images/357ebbf4-5903-4c76-8762-3712739b65cd,3dgs/357ebbf4-5903-4c76-8762-3712739b65cd.ply,images-csv/357ebbf4-5903-4c76-8762-3712739b65cd.csv
35d886cc-e4c6-4b96-a23b-4c3bf96c5ada,images/35d886cc-e4c6-4b96-a23b-4c3bf96c5ada,depth_est/35d886cc-e4c6-4b96-a23b-4c3bf96c5ada,,sparse/35d886cc-e4c6-4b96-a23b-4c3bf96c5ada,images_raw/35d886cc-e4c6-4b96-a23b-4c3bf96c5ada,masks_raw/35d886cc-e4c6-4b96-a23b-4c3bf96c5ada,masks_images/35d886cc-e4c6-4b96-a23b-4c3bf96c5ada,3dgs/35d886cc-e4c6-4b96-a23b-4c3bf96c5ada.ply,images-csv/35d886cc-e4c6-4b96-a23b-4c3bf96c5ada.csv
362a62b5-bdda-4630-9090-931ab41dc2cf,images/362a62b5-bdda-4630-9090-931ab41dc2cf,depth_est/362a62b5-bdda-4630-9090-931ab41dc2cf,,sparse/362a62b5-bdda-4630-9090-931ab41dc2cf,images_raw/362a62b5-bdda-4630-9090-931ab41dc2cf,masks_raw/362a62b5-bdda-4630-9090-931ab41dc2cf,masks_images/362a62b5-bdda-4630-9090-931ab41dc2cf,3dgs/362a62b5-bdda-4630-9090-931ab41dc2cf.ply,images-csv/362a62b5-bdda-4630-9090-931ab41dc2cf.csv
368766b1-ab13-47bf-99e8-2dcc6849584f,images/368766b1-ab13-47bf-99e8-2dcc6849584f,depth_est/368766b1-ab13-47bf-99e8-2dcc6849584f,depths/368766b1-ab13-47bf-99e8-2dcc6849584f,sparse/368766b1-ab13-47bf-99e8-2dcc6849584f,images_raw/368766b1-ab13-47bf-99e8-2dcc6849584f,masks_raw/368766b1-ab13-47bf-99e8-2dcc6849584f,masks_images/368766b1-ab13-47bf-99e8-2dcc6849584f,3dgs/368766b1-ab13-47bf-99e8-2dcc6849584f.ply,images-csv/368766b1-ab13-47bf-99e8-2dcc6849584f.csv
36b03f34-2591-4da1-948e-da8d373430ab,images/36b03f34-2591-4da1-948e-da8d373430ab,depth_est/36b03f34-2591-4da1-948e-da8d373430ab,,sparse/36b03f34-2591-4da1-948e-da8d373430ab,images_raw/36b03f34-2591-4da1-948e-da8d373430ab,masks_raw/36b03f34-2591-4da1-948e-da8d373430ab,masks_images/36b03f34-2591-4da1-948e-da8d373430ab,3dgs/36b03f34-2591-4da1-948e-da8d373430ab.ply,images-csv/36b03f34-2591-4da1-948e-da8d373430ab.csv
36ca359d-5ccb-4c3e-9f0c-dd3b685a677e,images/36ca359d-5ccb-4c3e-9f0c-dd3b685a677e,depth_est/36ca359d-5ccb-4c3e-9f0c-dd3b685a677e,,sparse/36ca359d-5ccb-4c3e-9f0c-dd3b685a677e,images_raw/36ca359d-5ccb-4c3e-9f0c-dd3b685a677e,masks_raw/36ca359d-5ccb-4c3e-9f0c-dd3b685a677e,masks_images/36ca359d-5ccb-4c3e-9f0c-dd3b685a677e,3dgs/36ca359d-5ccb-4c3e-9f0c-dd3b685a677e.ply,images-csv/36ca359d-5ccb-4c3e-9f0c-dd3b685a677e.csv
36dd7b0c-db8c-464f-baa3-afc28e5f522b,images/36dd7b0c-db8c-464f-baa3-afc28e5f522b,depth_est/36dd7b0c-db8c-464f-baa3-afc28e5f522b,depths/36dd7b0c-db8c-464f-baa3-afc28e5f522b,sparse/36dd7b0c-db8c-464f-baa3-afc28e5f522b,images_raw/36dd7b0c-db8c-464f-baa3-afc28e5f522b,masks_raw/36dd7b0c-db8c-464f-baa3-afc28e5f522b,masks_images/36dd7b0c-db8c-464f-baa3-afc28e5f522b,3dgs/36dd7b0c-db8c-464f-baa3-afc28e5f522b.ply,images-csv/36dd7b0c-db8c-464f-baa3-afc28e5f522b.csv
37343bf1-a6bf-44f4-90a9-306c7957643e,images/37343bf1-a6bf-44f4-90a9-306c7957643e,depth_est/37343bf1-a6bf-44f4-90a9-306c7957643e,depths/37343bf1-a6bf-44f4-90a9-306c7957643e,sparse/37343bf1-a6bf-44f4-90a9-306c7957643e,images_raw/37343bf1-a6bf-44f4-90a9-306c7957643e,masks_raw/37343bf1-a6bf-44f4-90a9-306c7957643e,masks_images/37343bf1-a6bf-44f4-90a9-306c7957643e,3dgs/37343bf1-a6bf-44f4-90a9-306c7957643e.ply,images-csv/37343bf1-a6bf-44f4-90a9-306c7957643e.csv
3744568b-fd20-47c1-866d-8988d8f643a5,images/3744568b-fd20-47c1-866d-8988d8f643a5,depth_est/3744568b-fd20-47c1-866d-8988d8f643a5,,sparse/3744568b-fd20-47c1-866d-8988d8f643a5,images_raw/3744568b-fd20-47c1-866d-8988d8f643a5,masks_raw/3744568b-fd20-47c1-866d-8988d8f643a5,masks_images/3744568b-fd20-47c1-866d-8988d8f643a5,3dgs/3744568b-fd20-47c1-866d-8988d8f643a5.ply,images-csv/3744568b-fd20-47c1-866d-8988d8f643a5.csv
374e0f15-d9f7-4d17-865a-8fcb1452fe4a,images/374e0f15-d9f7-4d17-865a-8fcb1452fe4a,depth_est/374e0f15-d9f7-4d17-865a-8fcb1452fe4a,,sparse/374e0f15-d9f7-4d17-865a-8fcb1452fe4a,images_raw/374e0f15-d9f7-4d17-865a-8fcb1452fe4a,masks_raw/374e0f15-d9f7-4d17-865a-8fcb1452fe4a,masks_images/374e0f15-d9f7-4d17-865a-8fcb1452fe4a,3dgs/374e0f15-d9f7-4d17-865a-8fcb1452fe4a.ply,images-csv/374e0f15-d9f7-4d17-865a-8fcb1452fe4a.csv
378409c5-537c-4c30-9315-ebc3d907cf07,images/378409c5-537c-4c30-9315-ebc3d907cf07,depth_est/378409c5-537c-4c30-9315-ebc3d907cf07,depths/378409c5-537c-4c30-9315-ebc3d907cf07,sparse/378409c5-537c-4c30-9315-ebc3d907cf07,images_raw/378409c5-537c-4c30-9315-ebc3d907cf07,masks_raw/378409c5-537c-4c30-9315-ebc3d907cf07,masks_images/378409c5-537c-4c30-9315-ebc3d907cf07,3dgs/378409c5-537c-4c30-9315-ebc3d907cf07.ply,images-csv/378409c5-537c-4c30-9315-ebc3d907cf07.csv
379d3aeb-d54d-48d6-92f0-5fad98df80f1,images/379d3aeb-d54d-48d6-92f0-5fad98df80f1,depth_est/379d3aeb-d54d-48d6-92f0-5fad98df80f1,,sparse/379d3aeb-d54d-48d6-92f0-5fad98df80f1,images_raw/379d3aeb-d54d-48d6-92f0-5fad98df80f1,masks_raw/379d3aeb-d54d-48d6-92f0-5fad98df80f1,masks_images/379d3aeb-d54d-48d6-92f0-5fad98df80f1,3dgs/379d3aeb-d54d-48d6-92f0-5fad98df80f1.ply,images-csv/379d3aeb-d54d-48d6-92f0-5fad98df80f1.csv
37e53262-b741-462a-9a49-1796e7c4bd97,images/37e53262-b741-462a-9a49-1796e7c4bd97,depth_est/37e53262-b741-462a-9a49-1796e7c4bd97,,sparse/37e53262-b741-462a-9a49-1796e7c4bd97,images_raw/37e53262-b741-462a-9a49-1796e7c4bd97,masks_raw/37e53262-b741-462a-9a49-1796e7c4bd97,masks_images/37e53262-b741-462a-9a49-1796e7c4bd97,3dgs/37e53262-b741-462a-9a49-1796e7c4bd97.ply,images-csv/37e53262-b741-462a-9a49-1796e7c4bd97.csv
37ef2731-dd19-457e-9217-afbe9addf64a,images/37ef2731-dd19-457e-9217-afbe9addf64a,depth_est/37ef2731-dd19-457e-9217-afbe9addf64a,depths/37ef2731-dd19-457e-9217-afbe9addf64a,sparse/37ef2731-dd19-457e-9217-afbe9addf64a,images_raw/37ef2731-dd19-457e-9217-afbe9addf64a,masks_raw/37ef2731-dd19-457e-9217-afbe9addf64a,masks_images/37ef2731-dd19-457e-9217-afbe9addf64a,3dgs/37ef2731-dd19-457e-9217-afbe9addf64a.ply,images-csv/37ef2731-dd19-457e-9217-afbe9addf64a.csv
387013e5-ad1f-4183-b413-5821852f882a,images/387013e5-ad1f-4183-b413-5821852f882a,depth_est/387013e5-ad1f-4183-b413-5821852f882a,depths/387013e5-ad1f-4183-b413-5821852f882a,sparse/387013e5-ad1f-4183-b413-5821852f882a,images_raw/387013e5-ad1f-4183-b413-5821852f882a,masks_raw/387013e5-ad1f-4183-b413-5821852f882a,masks_images/387013e5-ad1f-4183-b413-5821852f882a,3dgs/387013e5-ad1f-4183-b413-5821852f882a.ply,images-csv/387013e5-ad1f-4183-b413-5821852f882a.csv
39eb700d-932e-4bce-b460-53ea1de7922e,images/39eb700d-932e-4bce-b460-53ea1de7922e,depth_est/39eb700d-932e-4bce-b460-53ea1de7922e,,sparse/39eb700d-932e-4bce-b460-53ea1de7922e,images_raw/39eb700d-932e-4bce-b460-53ea1de7922e,masks_raw/39eb700d-932e-4bce-b460-53ea1de7922e,masks_images/39eb700d-932e-4bce-b460-53ea1de7922e,3dgs/39eb700d-932e-4bce-b460-53ea1de7922e.ply,images-csv/39eb700d-932e-4bce-b460-53ea1de7922e.csv
3a0aaef1-3bae-44a9-aa01-7a893a41bd7c,images/3a0aaef1-3bae-44a9-aa01-7a893a41bd7c,depth_est/3a0aaef1-3bae-44a9-aa01-7a893a41bd7c,depths/3a0aaef1-3bae-44a9-aa01-7a893a41bd7c,sparse/3a0aaef1-3bae-44a9-aa01-7a893a41bd7c,images_raw/3a0aaef1-3bae-44a9-aa01-7a893a41bd7c,masks_raw/3a0aaef1-3bae-44a9-aa01-7a893a41bd7c,masks_images/3a0aaef1-3bae-44a9-aa01-7a893a41bd7c,3dgs/3a0aaef1-3bae-44a9-aa01-7a893a41bd7c.ply,images-csv/3a0aaef1-3bae-44a9-aa01-7a893a41bd7c.csv
3a334817-4ca5-48ba-8f66-6bdfd3e2758b,images/3a334817-4ca5-48ba-8f66-6bdfd3e2758b,depth_est/3a334817-4ca5-48ba-8f66-6bdfd3e2758b,,sparse/3a334817-4ca5-48ba-8f66-6bdfd3e2758b,images_raw/3a334817-4ca5-48ba-8f66-6bdfd3e2758b,masks_raw/3a334817-4ca5-48ba-8f66-6bdfd3e2758b,masks_images/3a334817-4ca5-48ba-8f66-6bdfd3e2758b,3dgs/3a334817-4ca5-48ba-8f66-6bdfd3e2758b.ply,images-csv/3a334817-4ca5-48ba-8f66-6bdfd3e2758b.csv
3a71b3d8-36f6-441e-883e-f0ab3856b8e3,images/3a71b3d8-36f6-441e-883e-f0ab3856b8e3,depth_est/3a71b3d8-36f6-441e-883e-f0ab3856b8e3,,sparse/3a71b3d8-36f6-441e-883e-f0ab3856b8e3,images_raw/3a71b3d8-36f6-441e-883e-f0ab3856b8e3,masks_raw/3a71b3d8-36f6-441e-883e-f0ab3856b8e3,masks_images/3a71b3d8-36f6-441e-883e-f0ab3856b8e3,3dgs/3a71b3d8-36f6-441e-883e-f0ab3856b8e3.ply,images-csv/3a71b3d8-36f6-441e-883e-f0ab3856b8e3.csv
3a7671d3-586b-41dd-9153-958ba7049f48,images/3a7671d3-586b-41dd-9153-958ba7049f48,depth_est/3a7671d3-586b-41dd-9153-958ba7049f48,,sparse/3a7671d3-586b-41dd-9153-958ba7049f48,images_raw/3a7671d3-586b-41dd-9153-958ba7049f48,masks_raw/3a7671d3-586b-41dd-9153-958ba7049f48,masks_images/3a7671d3-586b-41dd-9153-958ba7049f48,3dgs/3a7671d3-586b-41dd-9153-958ba7049f48.ply,images-csv/3a7671d3-586b-41dd-9153-958ba7049f48.csv
3ac682b1-b85b-48da-8cc4-b5499e8dee39,images/3ac682b1-b85b-48da-8cc4-b5499e8dee39,depth_est/3ac682b1-b85b-48da-8cc4-b5499e8dee39,,sparse/3ac682b1-b85b-48da-8cc4-b5499e8dee39,images_raw/3ac682b1-b85b-48da-8cc4-b5499e8dee39,masks_raw/3ac682b1-b85b-48da-8cc4-b5499e8dee39,masks_images/3ac682b1-b85b-48da-8cc4-b5499e8dee39,3dgs/3ac682b1-b85b-48da-8cc4-b5499e8dee39.ply,images-csv/3ac682b1-b85b-48da-8cc4-b5499e8dee39.csv
3af5ae87-d903-4777-80e1-81e4c235fd8a,images/3af5ae87-d903-4777-80e1-81e4c235fd8a,depth_est/3af5ae87-d903-4777-80e1-81e4c235fd8a,,sparse/3af5ae87-d903-4777-80e1-81e4c235fd8a,images_raw/3af5ae87-d903-4777-80e1-81e4c235fd8a,masks_raw/3af5ae87-d903-4777-80e1-81e4c235fd8a,masks_images/3af5ae87-d903-4777-80e1-81e4c235fd8a,3dgs/3af5ae87-d903-4777-80e1-81e4c235fd8a.ply,images-csv/3af5ae87-d903-4777-80e1-81e4c235fd8a.csv
3af974b4-8aa4-4efd-b100-a10d5d9f3a97,images/3af974b4-8aa4-4efd-b100-a10d5d9f3a97,depth_est/3af974b4-8aa4-4efd-b100-a10d5d9f3a97,depths/3af974b4-8aa4-4efd-b100-a10d5d9f3a97,sparse/3af974b4-8aa4-4efd-b100-a10d5d9f3a97,images_raw/3af974b4-8aa4-4efd-b100-a10d5d9f3a97,masks_raw/3af974b4-8aa4-4efd-b100-a10d5d9f3a97,masks_images/3af974b4-8aa4-4efd-b100-a10d5d9f3a97,3dgs/3af974b4-8aa4-4efd-b100-a10d5d9f3a97.ply,images-csv/3af974b4-8aa4-4efd-b100-a10d5d9f3a97.csv
3b3923ad-6c8a-4ab2-a757-764437a6526a,images/3b3923ad-6c8a-4ab2-a757-764437a6526a,depth_est/3b3923ad-6c8a-4ab2-a757-764437a6526a,depths/3b3923ad-6c8a-4ab2-a757-764437a6526a,sparse/3b3923ad-6c8a-4ab2-a757-764437a6526a,images_raw/3b3923ad-6c8a-4ab2-a757-764437a6526a,masks_raw/3b3923ad-6c8a-4ab2-a757-764437a6526a,masks_images/3b3923ad-6c8a-4ab2-a757-764437a6526a,3dgs/3b3923ad-6c8a-4ab2-a757-764437a6526a.ply,images-csv/3b3923ad-6c8a-4ab2-a757-764437a6526a.csv
3c0ed4d3-7008-438b-9b8f-0d6b4fb7b6c9,images/3c0ed4d3-7008-438b-9b8f-0d6b4fb7b6c9,depth_est/3c0ed4d3-7008-438b-9b8f-0d6b4fb7b6c9,,sparse/3c0ed4d3-7008-438b-9b8f-0d6b4fb7b6c9,images_raw/3c0ed4d3-7008-438b-9b8f-0d6b4fb7b6c9,masks_raw/3c0ed4d3-7008-438b-9b8f-0d6b4fb7b6c9,masks_images/3c0ed4d3-7008-438b-9b8f-0d6b4fb7b6c9,3dgs/3c0ed4d3-7008-438b-9b8f-0d6b4fb7b6c9.ply,images-csv/3c0ed4d3-7008-438b-9b8f-0d6b4fb7b6c9.csv
3c38ce25-c5a0-4c58-9191-1f2d6e8fab07,images/3c38ce25-c5a0-4c58-9191-1f2d6e8fab07,depth_est/3c38ce25-c5a0-4c58-9191-1f2d6e8fab07,,sparse/3c38ce25-c5a0-4c58-9191-1f2d6e8fab07,images_raw/3c38ce25-c5a0-4c58-9191-1f2d6e8fab07,masks_raw/3c38ce25-c5a0-4c58-9191-1f2d6e8fab07,masks_images/3c38ce25-c5a0-4c58-9191-1f2d6e8fab07,3dgs/3c38ce25-c5a0-4c58-9191-1f2d6e8fab07.ply,images-csv/3c38ce25-c5a0-4c58-9191-1f2d6e8fab07.csv
3c39cbe0-137d-4d13-b087-4d9557d58c41,images/3c39cbe0-137d-4d13-b087-4d9557d58c41,depth_est/3c39cbe0-137d-4d13-b087-4d9557d58c41,depths/3c39cbe0-137d-4d13-b087-4d9557d58c41,sparse/3c39cbe0-137d-4d13-b087-4d9557d58c41,images_raw/3c39cbe0-137d-4d13-b087-4d9557d58c41,masks_raw/3c39cbe0-137d-4d13-b087-4d9557d58c41,masks_images/3c39cbe0-137d-4d13-b087-4d9557d58c41,3dgs/3c39cbe0-137d-4d13-b087-4d9557d58c41.ply,images-csv/3c39cbe0-137d-4d13-b087-4d9557d58c41.csv
3c97b45f-aac0-4b20-888c-63bbf5ea4831,images/3c97b45f-aac0-4b20-888c-63bbf5ea4831,depth_est/3c97b45f-aac0-4b20-888c-63bbf5ea4831,,sparse/3c97b45f-aac0-4b20-888c-63bbf5ea4831,images_raw/3c97b45f-aac0-4b20-888c-63bbf5ea4831,masks_raw/3c97b45f-aac0-4b20-888c-63bbf5ea4831,masks_images/3c97b45f-aac0-4b20-888c-63bbf5ea4831,3dgs/3c97b45f-aac0-4b20-888c-63bbf5ea4831.ply,images-csv/3c97b45f-aac0-4b20-888c-63bbf5ea4831.csv
3cbc2e9b-5fa3-4419-a3b3-6f8775039e9f,images/3cbc2e9b-5fa3-4419-a3b3-6f8775039e9f,depth_est/3cbc2e9b-5fa3-4419-a3b3-6f8775039e9f,,sparse/3cbc2e9b-5fa3-4419-a3b3-6f8775039e9f,images_raw/3cbc2e9b-5fa3-4419-a3b3-6f8775039e9f,masks_raw/3cbc2e9b-5fa3-4419-a3b3-6f8775039e9f,masks_images/3cbc2e9b-5fa3-4419-a3b3-6f8775039e9f,3dgs/3cbc2e9b-5fa3-4419-a3b3-6f8775039e9f.ply,images-csv/3cbc2e9b-5fa3-4419-a3b3-6f8775039e9f.csv
3d30bd84-0d69-4f76-ba1a-115e47b7b00b,images/3d30bd84-0d69-4f76-ba1a-115e47b7b00b,depth_est/3d30bd84-0d69-4f76-ba1a-115e47b7b00b,depths/3d30bd84-0d69-4f76-ba1a-115e47b7b00b,sparse/3d30bd84-0d69-4f76-ba1a-115e47b7b00b,images_raw/3d30bd84-0d69-4f76-ba1a-115e47b7b00b,masks_raw/3d30bd84-0d69-4f76-ba1a-115e47b7b00b,masks_images/3d30bd84-0d69-4f76-ba1a-115e47b7b00b,3dgs/3d30bd84-0d69-4f76-ba1a-115e47b7b00b.ply,images-csv/3d30bd84-0d69-4f76-ba1a-115e47b7b00b.csv
3d8b519b-5bce-4313-bba2-14836213ea05,images/3d8b519b-5bce-4313-bba2-14836213ea05,depth_est/3d8b519b-5bce-4313-bba2-14836213ea05,depths/3d8b519b-5bce-4313-bba2-14836213ea05,sparse/3d8b519b-5bce-4313-bba2-14836213ea05,images_raw/3d8b519b-5bce-4313-bba2-14836213ea05,masks_raw/3d8b519b-5bce-4313-bba2-14836213ea05,masks_images/3d8b519b-5bce-4313-bba2-14836213ea05,3dgs/3d8b519b-5bce-4313-bba2-14836213ea05.ply,images-csv/3d8b519b-5bce-4313-bba2-14836213ea05.csv
3da795db-ee94-431a-9544-598bd48cafd7,images/3da795db-ee94-431a-9544-598bd48cafd7,depth_est/3da795db-ee94-431a-9544-598bd48cafd7,,sparse/3da795db-ee94-431a-9544-598bd48cafd7,images_raw/3da795db-ee94-431a-9544-598bd48cafd7,masks_raw/3da795db-ee94-431a-9544-598bd48cafd7,masks_images/3da795db-ee94-431a-9544-598bd48cafd7,3dgs/3da795db-ee94-431a-9544-598bd48cafd7.ply,images-csv/3da795db-ee94-431a-9544-598bd48cafd7.csv
3dc3371e-1e68-4d2d-ad69-c15173b46b96,images/3dc3371e-1e68-4d2d-ad69-c15173b46b96,depth_est/3dc3371e-1e68-4d2d-ad69-c15173b46b96,depths/3dc3371e-1e68-4d2d-ad69-c15173b46b96,sparse/3dc3371e-1e68-4d2d-ad69-c15173b46b96,images_raw/3dc3371e-1e68-4d2d-ad69-c15173b46b96,masks_raw/3dc3371e-1e68-4d2d-ad69-c15173b46b96,masks_images/3dc3371e-1e68-4d2d-ad69-c15173b46b96,3dgs/3dc3371e-1e68-4d2d-ad69-c15173b46b96.ply,images-csv/3dc3371e-1e68-4d2d-ad69-c15173b46b96.csv
3e1dba07-b731-4058-8953-ab2ddb6995f7,images/3e1dba07-b731-4058-8953-ab2ddb6995f7,depth_est/3e1dba07-b731-4058-8953-ab2ddb6995f7,depths/3e1dba07-b731-4058-8953-ab2ddb6995f7,sparse/3e1dba07-b731-4058-8953-ab2ddb6995f7,images_raw/3e1dba07-b731-4058-8953-ab2ddb6995f7,masks_raw/3e1dba07-b731-4058-8953-ab2ddb6995f7,masks_images/3e1dba07-b731-4058-8953-ab2ddb6995f7,3dgs/3e1dba07-b731-4058-8953-ab2ddb6995f7.ply,images-csv/3e1dba07-b731-4058-8953-ab2ddb6995f7.csv
3e3c33f0-1dd3-4ef1-a932-f4b6c0b20262,images/3e3c33f0-1dd3-4ef1-a932-f4b6c0b20262,depth_est/3e3c33f0-1dd3-4ef1-a932-f4b6c0b20262,depths/3e3c33f0-1dd3-4ef1-a932-f4b6c0b20262,sparse/3e3c33f0-1dd3-4ef1-a932-f4b6c0b20262,images_raw/3e3c33f0-1dd3-4ef1-a932-f4b6c0b20262,masks_raw/3e3c33f0-1dd3-4ef1-a932-f4b6c0b20262,masks_images/3e3c33f0-1dd3-4ef1-a932-f4b6c0b20262,3dgs/3e3c33f0-1dd3-4ef1-a932-f4b6c0b20262.ply,images-csv/3e3c33f0-1dd3-4ef1-a932-f4b6c0b20262.csv
3e5e3e40-62b7-4aca-a359-39c5e552e614,images/3e5e3e40-62b7-4aca-a359-39c5e552e614,depth_est/3e5e3e40-62b7-4aca-a359-39c5e552e614,depths/3e5e3e40-62b7-4aca-a359-39c5e552e614,sparse/3e5e3e40-62b7-4aca-a359-39c5e552e614,images_raw/3e5e3e40-62b7-4aca-a359-39c5e552e614,masks_raw/3e5e3e40-62b7-4aca-a359-39c5e552e614,masks_images/3e5e3e40-62b7-4aca-a359-39c5e552e614,3dgs/3e5e3e40-62b7-4aca-a359-39c5e552e614.ply,images-csv/3e5e3e40-62b7-4aca-a359-39c5e552e614.csv
3ef88950-bb7b-496d-98b9-22bedc7b1466,images/3ef88950-bb7b-496d-98b9-22bedc7b1466,depth_est/3ef88950-bb7b-496d-98b9-22bedc7b1466,,sparse/3ef88950-bb7b-496d-98b9-22bedc7b1466,images_raw/3ef88950-bb7b-496d-98b9-22bedc7b1466,masks_raw/3ef88950-bb7b-496d-98b9-22bedc7b1466,masks_images/3ef88950-bb7b-496d-98b9-22bedc7b1466,3dgs/3ef88950-bb7b-496d-98b9-22bedc7b1466.ply,images-csv/3ef88950-bb7b-496d-98b9-22bedc7b1466.csv
3f085415-0ce4-4274-b8e1-dc4cef5dedae,images/3f085415-0ce4-4274-b8e1-dc4cef5dedae,depth_est/3f085415-0ce4-4274-b8e1-dc4cef5dedae,,sparse/3f085415-0ce4-4274-b8e1-dc4cef5dedae,images_raw/3f085415-0ce4-4274-b8e1-dc4cef5dedae,masks_raw/3f085415-0ce4-4274-b8e1-dc4cef5dedae,masks_images/3f085415-0ce4-4274-b8e1-dc4cef5dedae,3dgs/3f085415-0ce4-4274-b8e1-dc4cef5dedae.ply,images-csv/3f085415-0ce4-4274-b8e1-dc4cef5dedae.csv
3f37d9af-099f-4ebd-a835-5f2d4e630e84,images/3f37d9af-099f-4ebd-a835-5f2d4e630e84,depth_est/3f37d9af-099f-4ebd-a835-5f2d4e630e84,depths/3f37d9af-099f-4ebd-a835-5f2d4e630e84,sparse/3f37d9af-099f-4ebd-a835-5f2d4e630e84,images_raw/3f37d9af-099f-4ebd-a835-5f2d4e630e84,masks_raw/3f37d9af-099f-4ebd-a835-5f2d4e630e84,masks_images/3f37d9af-099f-4ebd-a835-5f2d4e630e84,3dgs/3f37d9af-099f-4ebd-a835-5f2d4e630e84.ply,images-csv/3f37d9af-099f-4ebd-a835-5f2d4e630e84.csv
3f3ac152-670f-4fbd-bf3a-dda61b34a634,images/3f3ac152-670f-4fbd-bf3a-dda61b34a634,depth_est/3f3ac152-670f-4fbd-bf3a-dda61b34a634,,sparse/3f3ac152-670f-4fbd-bf3a-dda61b34a634,images_raw/3f3ac152-670f-4fbd-bf3a-dda61b34a634,masks_raw/3f3ac152-670f-4fbd-bf3a-dda61b34a634,masks_images/3f3ac152-670f-4fbd-bf3a-dda61b34a634,3dgs/3f3ac152-670f-4fbd-bf3a-dda61b34a634.ply,images-csv/3f3ac152-670f-4fbd-bf3a-dda61b34a634.csv
3f60e5f9-c7a9-4c78-8759-11059cf0feb7,images/3f60e5f9-c7a9-4c78-8759-11059cf0feb7,depth_est/3f60e5f9-c7a9-4c78-8759-11059cf0feb7,,sparse/3f60e5f9-c7a9-4c78-8759-11059cf0feb7,images_raw/3f60e5f9-c7a9-4c78-8759-11059cf0feb7,masks_raw/3f60e5f9-c7a9-4c78-8759-11059cf0feb7,masks_images/3f60e5f9-c7a9-4c78-8759-11059cf0feb7,3dgs/3f60e5f9-c7a9-4c78-8759-11059cf0feb7.ply,images-csv/3f60e5f9-c7a9-4c78-8759-11059cf0feb7.csv
3faa1a55-f47a-45cc-8d1e-8869ffb218e0,images/3faa1a55-f47a-45cc-8d1e-8869ffb218e0,depth_est/3faa1a55-f47a-45cc-8d1e-8869ffb218e0,,sparse/3faa1a55-f47a-45cc-8d1e-8869ffb218e0,images_raw/3faa1a55-f47a-45cc-8d1e-8869ffb218e0,masks_raw/3faa1a55-f47a-45cc-8d1e-8869ffb218e0,masks_images/3faa1a55-f47a-45cc-8d1e-8869ffb218e0,3dgs/3faa1a55-f47a-45cc-8d1e-8869ffb218e0.ply,images-csv/3faa1a55-f47a-45cc-8d1e-8869ffb218e0.csv
3fe7a420-51a0-4111-85f9-3db73b4fa8c7,images/3fe7a420-51a0-4111-85f9-3db73b4fa8c7,depth_est/3fe7a420-51a0-4111-85f9-3db73b4fa8c7,,sparse/3fe7a420-51a0-4111-85f9-3db73b4fa8c7,images_raw/3fe7a420-51a0-4111-85f9-3db73b4fa8c7,masks_raw/3fe7a420-51a0-4111-85f9-3db73b4fa8c7,masks_images/3fe7a420-51a0-4111-85f9-3db73b4fa8c7,3dgs/3fe7a420-51a0-4111-85f9-3db73b4fa8c7.ply,images-csv/3fe7a420-51a0-4111-85f9-3db73b4fa8c7.csv
40086317-6fde-4fcf-831b-4b5e077305ca,images/40086317-6fde-4fcf-831b-4b5e077305ca,depth_est/40086317-6fde-4fcf-831b-4b5e077305ca,depths/40086317-6fde-4fcf-831b-4b5e077305ca,sparse/40086317-6fde-4fcf-831b-4b5e077305ca,images_raw/40086317-6fde-4fcf-831b-4b5e077305ca,masks_raw/40086317-6fde-4fcf-831b-4b5e077305ca,masks_images/40086317-6fde-4fcf-831b-4b5e077305ca,3dgs/40086317-6fde-4fcf-831b-4b5e077305ca.ply,images-csv/40086317-6fde-4fcf-831b-4b5e077305ca.csv
418230ca-95c1-44b0-a0b9-59d98478c2b3,images/418230ca-95c1-44b0-a0b9-59d98478c2b3,depth_est/418230ca-95c1-44b0-a0b9-59d98478c2b3,,sparse/418230ca-95c1-44b0-a0b9-59d98478c2b3,images_raw/418230ca-95c1-44b0-a0b9-59d98478c2b3,masks_raw/418230ca-95c1-44b0-a0b9-59d98478c2b3,masks_images/418230ca-95c1-44b0-a0b9-59d98478c2b3,3dgs/418230ca-95c1-44b0-a0b9-59d98478c2b3.ply,images-csv/418230ca-95c1-44b0-a0b9-59d98478c2b3.csv
41fa2d07-f397-4139-883e-06dc154ce121,images/41fa2d07-f397-4139-883e-06dc154ce121,depth_est/41fa2d07-f397-4139-883e-06dc154ce121,,sparse/41fa2d07-f397-4139-883e-06dc154ce121,images_raw/41fa2d07-f397-4139-883e-06dc154ce121,masks_raw/41fa2d07-f397-4139-883e-06dc154ce121,masks_images/41fa2d07-f397-4139-883e-06dc154ce121,3dgs/41fa2d07-f397-4139-883e-06dc154ce121.ply,images-csv/41fa2d07-f397-4139-883e-06dc154ce121.csv
41ff2ccc-6ebd-4b26-999e-503da0fb2c62,images/41ff2ccc-6ebd-4b26-999e-503da0fb2c62,depth_est/41ff2ccc-6ebd-4b26-999e-503da0fb2c62,,sparse/41ff2ccc-6ebd-4b26-999e-503da0fb2c62,images_raw/41ff2ccc-6ebd-4b26-999e-503da0fb2c62,masks_raw/41ff2ccc-6ebd-4b26-999e-503da0fb2c62,masks_images/41ff2ccc-6ebd-4b26-999e-503da0fb2c62,3dgs/41ff2ccc-6ebd-4b26-999e-503da0fb2c62.ply,images-csv/41ff2ccc-6ebd-4b26-999e-503da0fb2c62.csv
427f74c0-9a4e-47e3-9919-21c26fbb1ab8,images/427f74c0-9a4e-47e3-9919-21c26fbb1ab8,depth_est/427f74c0-9a4e-47e3-9919-21c26fbb1ab8,,sparse/427f74c0-9a4e-47e3-9919-21c26fbb1ab8,images_raw/427f74c0-9a4e-47e3-9919-21c26fbb1ab8,masks_raw/427f74c0-9a4e-47e3-9919-21c26fbb1ab8,masks_images/427f74c0-9a4e-47e3-9919-21c26fbb1ab8,3dgs/427f74c0-9a4e-47e3-9919-21c26fbb1ab8.ply,images-csv/427f74c0-9a4e-47e3-9919-21c26fbb1ab8.csv
42a65a32-2024-419b-87e4-1127cbe4ea29,images/42a65a32-2024-419b-87e4-1127cbe4ea29,depth_est/42a65a32-2024-419b-87e4-1127cbe4ea29,depths/42a65a32-2024-419b-87e4-1127cbe4ea29,sparse/42a65a32-2024-419b-87e4-1127cbe4ea29,images_raw/42a65a32-2024-419b-87e4-1127cbe4ea29,masks_raw/42a65a32-2024-419b-87e4-1127cbe4ea29,masks_images/42a65a32-2024-419b-87e4-1127cbe4ea29,3dgs/42a65a32-2024-419b-87e4-1127cbe4ea29.ply,images-csv/42a65a32-2024-419b-87e4-1127cbe4ea29.csv
43340ba4-babf-4126-9710-975861d074b7,images/43340ba4-babf-4126-9710-975861d074b7,depth_est/43340ba4-babf-4126-9710-975861d074b7,,sparse/43340ba4-babf-4126-9710-975861d074b7,images_raw/43340ba4-babf-4126-9710-975861d074b7,masks_raw/43340ba4-babf-4126-9710-975861d074b7,masks_images/43340ba4-babf-4126-9710-975861d074b7,3dgs/43340ba4-babf-4126-9710-975861d074b7.ply,images-csv/43340ba4-babf-4126-9710-975861d074b7.csv
433ac798-c1b2-4152-8aab-4eb6a61a183b,images/433ac798-c1b2-4152-8aab-4eb6a61a183b,depth_est/433ac798-c1b2-4152-8aab-4eb6a61a183b,depths/433ac798-c1b2-4152-8aab-4eb6a61a183b,sparse/433ac798-c1b2-4152-8aab-4eb6a61a183b,images_raw/433ac798-c1b2-4152-8aab-4eb6a61a183b,masks_raw/433ac798-c1b2-4152-8aab-4eb6a61a183b,masks_images/433ac798-c1b2-4152-8aab-4eb6a61a183b,3dgs/433ac798-c1b2-4152-8aab-4eb6a61a183b.ply,images-csv/433ac798-c1b2-4152-8aab-4eb6a61a183b.csv
438e122d-b47d-46db-a5e9-7630e4134b5e,images/438e122d-b47d-46db-a5e9-7630e4134b5e,depth_est/438e122d-b47d-46db-a5e9-7630e4134b5e,,sparse/438e122d-b47d-46db-a5e9-7630e4134b5e,images_raw/438e122d-b47d-46db-a5e9-7630e4134b5e,masks_raw/438e122d-b47d-46db-a5e9-7630e4134b5e,masks_images/438e122d-b47d-46db-a5e9-7630e4134b5e,3dgs/438e122d-b47d-46db-a5e9-7630e4134b5e.ply,images-csv/438e122d-b47d-46db-a5e9-7630e4134b5e.csv
44182fc3-aea3-47aa-ab6a-3e7c04417bcc,images/44182fc3-aea3-47aa-ab6a-3e7c04417bcc,depth_est/44182fc3-aea3-47aa-ab6a-3e7c04417bcc,depths/44182fc3-aea3-47aa-ab6a-3e7c04417bcc,sparse/44182fc3-aea3-47aa-ab6a-3e7c04417bcc,images_raw/44182fc3-aea3-47aa-ab6a-3e7c04417bcc,masks_raw/44182fc3-aea3-47aa-ab6a-3e7c04417bcc,masks_images/44182fc3-aea3-47aa-ab6a-3e7c04417bcc,3dgs/44182fc3-aea3-47aa-ab6a-3e7c04417bcc.ply,images-csv/44182fc3-aea3-47aa-ab6a-3e7c04417bcc.csv
446ea70a-134c-4def-b539-5723c24ea6e9,images/446ea70a-134c-4def-b539-5723c24ea6e9,depth_est/446ea70a-134c-4def-b539-5723c24ea6e9,,sparse/446ea70a-134c-4def-b539-5723c24ea6e9,images_raw/446ea70a-134c-4def-b539-5723c24ea6e9,masks_raw/446ea70a-134c-4def-b539-5723c24ea6e9,masks_images/446ea70a-134c-4def-b539-5723c24ea6e9,3dgs/446ea70a-134c-4def-b539-5723c24ea6e9.ply,images-csv/446ea70a-134c-4def-b539-5723c24ea6e9.csv
449131d2-0e9f-4419-8675-5c3055798222,images/449131d2-0e9f-4419-8675-5c3055798222,depth_est/449131d2-0e9f-4419-8675-5c3055798222,,sparse/449131d2-0e9f-4419-8675-5c3055798222,images_raw/449131d2-0e9f-4419-8675-5c3055798222,masks_raw/449131d2-0e9f-4419-8675-5c3055798222,masks_images/449131d2-0e9f-4419-8675-5c3055798222,3dgs/449131d2-0e9f-4419-8675-5c3055798222.ply,images-csv/449131d2-0e9f-4419-8675-5c3055798222.csv
44a034a1-efe7-4ac7-b2a0-df3fc743fff1,images/44a034a1-efe7-4ac7-b2a0-df3fc743fff1,depth_est/44a034a1-efe7-4ac7-b2a0-df3fc743fff1,depths/44a034a1-efe7-4ac7-b2a0-df3fc743fff1,sparse/44a034a1-efe7-4ac7-b2a0-df3fc743fff1,images_raw/44a034a1-efe7-4ac7-b2a0-df3fc743fff1,masks_raw/44a034a1-efe7-4ac7-b2a0-df3fc743fff1,masks_images/44a034a1-efe7-4ac7-b2a0-df3fc743fff1,3dgs/44a034a1-efe7-4ac7-b2a0-df3fc743fff1.ply,images-csv/44a034a1-efe7-4ac7-b2a0-df3fc743fff1.csv
44fd16a6-234e-44ad-aafa-41fbeeeb4878,images/44fd16a6-234e-44ad-aafa-41fbeeeb4878,depth_est/44fd16a6-234e-44ad-aafa-41fbeeeb4878,,sparse/44fd16a6-234e-44ad-aafa-41fbeeeb4878,images_raw/44fd16a6-234e-44ad-aafa-41fbeeeb4878,masks_raw/44fd16a6-234e-44ad-aafa-41fbeeeb4878,masks_images/44fd16a6-234e-44ad-aafa-41fbeeeb4878,3dgs/44fd16a6-234e-44ad-aafa-41fbeeeb4878.ply,images-csv/44fd16a6-234e-44ad-aafa-41fbeeeb4878.csv
4500d4e7-7817-47ea-ab9f-ef00e88322c1,images/4500d4e7-7817-47ea-ab9f-ef00e88322c1,depth_est/4500d4e7-7817-47ea-ab9f-ef00e88322c1,depths/4500d4e7-7817-47ea-ab9f-ef00e88322c1,sparse/4500d4e7-7817-47ea-ab9f-ef00e88322c1,images_raw/4500d4e7-7817-47ea-ab9f-ef00e88322c1,masks_raw/4500d4e7-7817-47ea-ab9f-ef00e88322c1,masks_images/4500d4e7-7817-47ea-ab9f-ef00e88322c1,3dgs/4500d4e7-7817-47ea-ab9f-ef00e88322c1.ply,images-csv/4500d4e7-7817-47ea-ab9f-ef00e88322c1.csv
45025d58-c2d9-49fc-bc7b-d2388b67cd2b,images/45025d58-c2d9-49fc-bc7b-d2388b67cd2b,depth_est/45025d58-c2d9-49fc-bc7b-d2388b67cd2b,,sparse/45025d58-c2d9-49fc-bc7b-d2388b67cd2b,images_raw/45025d58-c2d9-49fc-bc7b-d2388b67cd2b,masks_raw/45025d58-c2d9-49fc-bc7b-d2388b67cd2b,masks_images/45025d58-c2d9-49fc-bc7b-d2388b67cd2b,3dgs/45025d58-c2d9-49fc-bc7b-d2388b67cd2b.ply,images-csv/45025d58-c2d9-49fc-bc7b-d2388b67cd2b.csv
4522a0f2-a191-4f3c-b9a6-84b0c29ba559,images/4522a0f2-a191-4f3c-b9a6-84b0c29ba559,depth_est/4522a0f2-a191-4f3c-b9a6-84b0c29ba559,depths/4522a0f2-a191-4f3c-b9a6-84b0c29ba559,sparse/4522a0f2-a191-4f3c-b9a6-84b0c29ba559,images_raw/4522a0f2-a191-4f3c-b9a6-84b0c29ba559,masks_raw/4522a0f2-a191-4f3c-b9a6-84b0c29ba559,masks_images/4522a0f2-a191-4f3c-b9a6-84b0c29ba559,3dgs/4522a0f2-a191-4f3c-b9a6-84b0c29ba559.ply,images-csv/4522a0f2-a191-4f3c-b9a6-84b0c29ba559.csv
454cdc31-3def-4a27-a984-1b3615d2f9ce,images/454cdc31-3def-4a27-a984-1b3615d2f9ce,depth_est/454cdc31-3def-4a27-a984-1b3615d2f9ce,,sparse/454cdc31-3def-4a27-a984-1b3615d2f9ce,images_raw/454cdc31-3def-4a27-a984-1b3615d2f9ce,masks_raw/454cdc31-3def-4a27-a984-1b3615d2f9ce,masks_images/454cdc31-3def-4a27-a984-1b3615d2f9ce,3dgs/454cdc31-3def-4a27-a984-1b3615d2f9ce.ply,images-csv/454cdc31-3def-4a27-a984-1b3615d2f9ce.csv
45891a60-8611-4eea-920b-ab60720051c3,images/45891a60-8611-4eea-920b-ab60720051c3,depth_est/45891a60-8611-4eea-920b-ab60720051c3,,sparse/45891a60-8611-4eea-920b-ab60720051c3,images_raw/45891a60-8611-4eea-920b-ab60720051c3,masks_raw/45891a60-8611-4eea-920b-ab60720051c3,masks_images/45891a60-8611-4eea-920b-ab60720051c3,3dgs/45891a60-8611-4eea-920b-ab60720051c3.ply,images-csv/45891a60-8611-4eea-920b-ab60720051c3.csv
4592a1f4-b327-4ab7-8cb7-09ba6776fae3,images/4592a1f4-b327-4ab7-8cb7-09ba6776fae3,depth_est/4592a1f4-b327-4ab7-8cb7-09ba6776fae3,depths/4592a1f4-b327-4ab7-8cb7-09ba6776fae3,sparse/4592a1f4-b327-4ab7-8cb7-09ba6776fae3,images_raw/4592a1f4-b327-4ab7-8cb7-09ba6776fae3,masks_raw/4592a1f4-b327-4ab7-8cb7-09ba6776fae3,masks_images/4592a1f4-b327-4ab7-8cb7-09ba6776fae3,3dgs/4592a1f4-b327-4ab7-8cb7-09ba6776fae3.ply,images-csv/4592a1f4-b327-4ab7-8cb7-09ba6776fae3.csv
466d4329-6af4-4007-bf42-6d2624b98984,images/466d4329-6af4-4007-bf42-6d2624b98984,depth_est/466d4329-6af4-4007-bf42-6d2624b98984,,sparse/466d4329-6af4-4007-bf42-6d2624b98984,images_raw/466d4329-6af4-4007-bf42-6d2624b98984,masks_raw/466d4329-6af4-4007-bf42-6d2624b98984,masks_images/466d4329-6af4-4007-bf42-6d2624b98984,3dgs/466d4329-6af4-4007-bf42-6d2624b98984.ply,images-csv/466d4329-6af4-4007-bf42-6d2624b98984.csv
46a350a9-6546-4f49-a31a-bb401a5929e8,images/46a350a9-6546-4f49-a31a-bb401a5929e8,depth_est/46a350a9-6546-4f49-a31a-bb401a5929e8,,sparse/46a350a9-6546-4f49-a31a-bb401a5929e8,images_raw/46a350a9-6546-4f49-a31a-bb401a5929e8,masks_raw/46a350a9-6546-4f49-a31a-bb401a5929e8,masks_images/46a350a9-6546-4f49-a31a-bb401a5929e8,3dgs/46a350a9-6546-4f49-a31a-bb401a5929e8.ply,images-csv/46a350a9-6546-4f49-a31a-bb401a5929e8.csv
46d971f6-b690-434f-9a8c-5000e65eb24e,images/46d971f6-b690-434f-9a8c-5000e65eb24e,depth_est/46d971f6-b690-434f-9a8c-5000e65eb24e,depths/46d971f6-b690-434f-9a8c-5000e65eb24e,sparse/46d971f6-b690-434f-9a8c-5000e65eb24e,images_raw/46d971f6-b690-434f-9a8c-5000e65eb24e,masks_raw/46d971f6-b690-434f-9a8c-5000e65eb24e,masks_images/46d971f6-b690-434f-9a8c-5000e65eb24e,3dgs/46d971f6-b690-434f-9a8c-5000e65eb24e.ply,images-csv/46d971f6-b690-434f-9a8c-5000e65eb24e.csv
4837b6a5-1005-4d9c-b61e-ebe0e35a4142,images/4837b6a5-1005-4d9c-b61e-ebe0e35a4142,depth_est/4837b6a5-1005-4d9c-b61e-ebe0e35a4142,,sparse/4837b6a5-1005-4d9c-b61e-ebe0e35a4142,images_raw/4837b6a5-1005-4d9c-b61e-ebe0e35a4142,masks_raw/4837b6a5-1005-4d9c-b61e-ebe0e35a4142,masks_images/4837b6a5-1005-4d9c-b61e-ebe0e35a4142,3dgs/4837b6a5-1005-4d9c-b61e-ebe0e35a4142.ply,images-csv/4837b6a5-1005-4d9c-b61e-ebe0e35a4142.csv
48b07269-6df6-4955-8a25-fbe1f8134bcb,images/48b07269-6df6-4955-8a25-fbe1f8134bcb,depth_est/48b07269-6df6-4955-8a25-fbe1f8134bcb,,sparse/48b07269-6df6-4955-8a25-fbe1f8134bcb,images_raw/48b07269-6df6-4955-8a25-fbe1f8134bcb,masks_raw/48b07269-6df6-4955-8a25-fbe1f8134bcb,masks_images/48b07269-6df6-4955-8a25-fbe1f8134bcb,3dgs/48b07269-6df6-4955-8a25-fbe1f8134bcb.ply,images-csv/48b07269-6df6-4955-8a25-fbe1f8134bcb.csv
4a130517-8eb7-4cec-adfa-dd24ea406ec3,images/4a130517-8eb7-4cec-adfa-dd24ea406ec3,depth_est/4a130517-8eb7-4cec-adfa-dd24ea406ec3,,sparse/4a130517-8eb7-4cec-adfa-dd24ea406ec3,images_raw/4a130517-8eb7-4cec-adfa-dd24ea406ec3,masks_raw/4a130517-8eb7-4cec-adfa-dd24ea406ec3,masks_images/4a130517-8eb7-4cec-adfa-dd24ea406ec3,3dgs/4a130517-8eb7-4cec-adfa-dd24ea406ec3.ply,images-csv/4a130517-8eb7-4cec-adfa-dd24ea406ec3.csv
4a2d8a2e-d131-4893-a9f3-a636ce2aeea2,images/4a2d8a2e-d131-4893-a9f3-a636ce2aeea2,depth_est/4a2d8a2e-d131-4893-a9f3-a636ce2aeea2,,sparse/4a2d8a2e-d131-4893-a9f3-a636ce2aeea2,images_raw/4a2d8a2e-d131-4893-a9f3-a636ce2aeea2,masks_raw/4a2d8a2e-d131-4893-a9f3-a636ce2aeea2,masks_images/4a2d8a2e-d131-4893-a9f3-a636ce2aeea2,3dgs/4a2d8a2e-d131-4893-a9f3-a636ce2aeea2.ply,images-csv/4a2d8a2e-d131-4893-a9f3-a636ce2aeea2.csv
4ab39c27-a5d9-46a2-a1a6-0f81f104ac08,images/4ab39c27-a5d9-46a2-a1a6-0f81f104ac08,depth_est/4ab39c27-a5d9-46a2-a1a6-0f81f104ac08,,sparse/4ab39c27-a5d9-46a2-a1a6-0f81f104ac08,images_raw/4ab39c27-a5d9-46a2-a1a6-0f81f104ac08,masks_raw/4ab39c27-a5d9-46a2-a1a6-0f81f104ac08,masks_images/4ab39c27-a5d9-46a2-a1a6-0f81f104ac08,3dgs/4ab39c27-a5d9-46a2-a1a6-0f81f104ac08.ply,images-csv/4ab39c27-a5d9-46a2-a1a6-0f81f104ac08.csv
4b1d40a1-aa42-478c-9a50-cd50be5d432d,images/4b1d40a1-aa42-478c-9a50-cd50be5d432d,depth_est/4b1d40a1-aa42-478c-9a50-cd50be5d432d,depths/4b1d40a1-aa42-478c-9a50-cd50be5d432d,sparse/4b1d40a1-aa42-478c-9a50-cd50be5d432d,images_raw/4b1d40a1-aa42-478c-9a50-cd50be5d432d,masks_raw/4b1d40a1-aa42-478c-9a50-cd50be5d432d,masks_images/4b1d40a1-aa42-478c-9a50-cd50be5d432d,3dgs/4b1d40a1-aa42-478c-9a50-cd50be5d432d.ply,images-csv/4b1d40a1-aa42-478c-9a50-cd50be5d432d.csv
4b7901cf-5f97-4030-be72-8e165e94f623,images/4b7901cf-5f97-4030-be72-8e165e94f623,depth_est/4b7901cf-5f97-4030-be72-8e165e94f623,depths/4b7901cf-5f97-4030-be72-8e165e94f623,sparse/4b7901cf-5f97-4030-be72-8e165e94f623,images_raw/4b7901cf-5f97-4030-be72-8e165e94f623,masks_raw/4b7901cf-5f97-4030-be72-8e165e94f623,masks_images/4b7901cf-5f97-4030-be72-8e165e94f623,3dgs/4b7901cf-5f97-4030-be72-8e165e94f623.ply,images-csv/4b7901cf-5f97-4030-be72-8e165e94f623.csv
4b7e60bb-a242-4e89-aeb5-76623f5153fa,images/4b7e60bb-a242-4e89-aeb5-76623f5153fa,depth_est/4b7e60bb-a242-4e89-aeb5-76623f5153fa,,sparse/4b7e60bb-a242-4e89-aeb5-76623f5153fa,images_raw/4b7e60bb-a242-4e89-aeb5-76623f5153fa,masks_raw/4b7e60bb-a242-4e89-aeb5-76623f5153fa,masks_images/4b7e60bb-a242-4e89-aeb5-76623f5153fa,3dgs/4b7e60bb-a242-4e89-aeb5-76623f5153fa.ply,images-csv/4b7e60bb-a242-4e89-aeb5-76623f5153fa.csv
4ba270fd-1f22-43b2-b5d6-11253c79b499,images/4ba270fd-1f22-43b2-b5d6-11253c79b499,depth_est/4ba270fd-1f22-43b2-b5d6-11253c79b499,depths/4ba270fd-1f22-43b2-b5d6-11253c79b499,sparse/4ba270fd-1f22-43b2-b5d6-11253c79b499,images_raw/4ba270fd-1f22-43b2-b5d6-11253c79b499,masks_raw/4ba270fd-1f22-43b2-b5d6-11253c79b499,masks_images/4ba270fd-1f22-43b2-b5d6-11253c79b499,3dgs/4ba270fd-1f22-43b2-b5d6-11253c79b499.ply,images-csv/4ba270fd-1f22-43b2-b5d6-11253c79b499.csv
4bc96331-3e9e-42ef-aaad-a8211936a371,images/4bc96331-3e9e-42ef-aaad-a8211936a371,depth_est/4bc96331-3e9e-42ef-aaad-a8211936a371,depths/4bc96331-3e9e-42ef-aaad-a8211936a371,sparse/4bc96331-3e9e-42ef-aaad-a8211936a371,images_raw/4bc96331-3e9e-42ef-aaad-a8211936a371,masks_raw/4bc96331-3e9e-42ef-aaad-a8211936a371,masks_images/4bc96331-3e9e-42ef-aaad-a8211936a371,3dgs/4bc96331-3e9e-42ef-aaad-a8211936a371.ply,images-csv/4bc96331-3e9e-42ef-aaad-a8211936a371.csv
4d3bd71a-ac2d-4564-9379-837317375d79,images/4d3bd71a-ac2d-4564-9379-837317375d79,depth_est/4d3bd71a-ac2d-4564-9379-837317375d79,,sparse/4d3bd71a-ac2d-4564-9379-837317375d79,images_raw/4d3bd71a-ac2d-4564-9379-837317375d79,masks_raw/4d3bd71a-ac2d-4564-9379-837317375d79,masks_images/4d3bd71a-ac2d-4564-9379-837317375d79,3dgs/4d3bd71a-ac2d-4564-9379-837317375d79.ply,images-csv/4d3bd71a-ac2d-4564-9379-837317375d79.csv
4d3ff170-1720-42fa-8dc3-7c7db0b20d6e,images/4d3ff170-1720-42fa-8dc3-7c7db0b20d6e,depth_est/4d3ff170-1720-42fa-8dc3-7c7db0b20d6e,,sparse/4d3ff170-1720-42fa-8dc3-7c7db0b20d6e,images_raw/4d3ff170-1720-42fa-8dc3-7c7db0b20d6e,masks_raw/4d3ff170-1720-42fa-8dc3-7c7db0b20d6e,masks_images/4d3ff170-1720-42fa-8dc3-7c7db0b20d6e,3dgs/4d3ff170-1720-42fa-8dc3-7c7db0b20d6e.ply,images-csv/4d3ff170-1720-42fa-8dc3-7c7db0b20d6e.csv
4d54d34a-552a-433f-9448-605095d53e5c,images/4d54d34a-552a-433f-9448-605095d53e5c,depth_est/4d54d34a-552a-433f-9448-605095d53e5c,,sparse/4d54d34a-552a-433f-9448-605095d53e5c,images_raw/4d54d34a-552a-433f-9448-605095d53e5c,masks_raw/4d54d34a-552a-433f-9448-605095d53e5c,masks_images/4d54d34a-552a-433f-9448-605095d53e5c,3dgs/4d54d34a-552a-433f-9448-605095d53e5c.ply,images-csv/4d54d34a-552a-433f-9448-605095d53e5c.csv
4d64007d-e826-4ae3-b0b0-03dbcb291af0,images/4d64007d-e826-4ae3-b0b0-03dbcb291af0,depth_est/4d64007d-e826-4ae3-b0b0-03dbcb291af0,depths/4d64007d-e826-4ae3-b0b0-03dbcb291af0,sparse/4d64007d-e826-4ae3-b0b0-03dbcb291af0,images_raw/4d64007d-e826-4ae3-b0b0-03dbcb291af0,masks_raw/4d64007d-e826-4ae3-b0b0-03dbcb291af0,masks_images/4d64007d-e826-4ae3-b0b0-03dbcb291af0,3dgs/4d64007d-e826-4ae3-b0b0-03dbcb291af0.ply,images-csv/4d64007d-e826-4ae3-b0b0-03dbcb291af0.csv
4d7a9a73-63e9-474f-82ee-135a36e10b9a,images/4d7a9a73-63e9-474f-82ee-135a36e10b9a,depth_est/4d7a9a73-63e9-474f-82ee-135a36e10b9a,depths/4d7a9a73-63e9-474f-82ee-135a36e10b9a,sparse/4d7a9a73-63e9-474f-82ee-135a36e10b9a,images_raw/4d7a9a73-63e9-474f-82ee-135a36e10b9a,masks_raw/4d7a9a73-63e9-474f-82ee-135a36e10b9a,masks_images/4d7a9a73-63e9-474f-82ee-135a36e10b9a,3dgs/4d7a9a73-63e9-474f-82ee-135a36e10b9a.ply,images-csv/4d7a9a73-63e9-474f-82ee-135a36e10b9a.csv
4d7cc21e-8ce5-46f9-ba3c-dc958fa90ba6,images/4d7cc21e-8ce5-46f9-ba3c-dc958fa90ba6,depth_est/4d7cc21e-8ce5-46f9-ba3c-dc958fa90ba6,,sparse/4d7cc21e-8ce5-46f9-ba3c-dc958fa90ba6,images_raw/4d7cc21e-8ce5-46f9-ba3c-dc958fa90ba6,masks_raw/4d7cc21e-8ce5-46f9-ba3c-dc958fa90ba6,masks_images/4d7cc21e-8ce5-46f9-ba3c-dc958fa90ba6,3dgs/4d7cc21e-8ce5-46f9-ba3c-dc958fa90ba6.ply,images-csv/4d7cc21e-8ce5-46f9-ba3c-dc958fa90ba6.csv
4d8e2ec6-3286-4dfa-9ab2-2bc367d3aa10,images/4d8e2ec6-3286-4dfa-9ab2-2bc367d3aa10,depth_est/4d8e2ec6-3286-4dfa-9ab2-2bc367d3aa10,,sparse/4d8e2ec6-3286-4dfa-9ab2-2bc367d3aa10,images_raw/4d8e2ec6-3286-4dfa-9ab2-2bc367d3aa10,masks_raw/4d8e2ec6-3286-4dfa-9ab2-2bc367d3aa10,masks_images/4d8e2ec6-3286-4dfa-9ab2-2bc367d3aa10,3dgs/4d8e2ec6-3286-4dfa-9ab2-2bc367d3aa10.ply,images-csv/4d8e2ec6-3286-4dfa-9ab2-2bc367d3aa10.csv
4dd9bb07-52b3-4e61-a813-b5b44fabc6af,images/4dd9bb07-52b3-4e61-a813-b5b44fabc6af,depth_est/4dd9bb07-52b3-4e61-a813-b5b44fabc6af,depths/4dd9bb07-52b3-4e61-a813-b5b44fabc6af,sparse/4dd9bb07-52b3-4e61-a813-b5b44fabc6af,images_raw/4dd9bb07-52b3-4e61-a813-b5b44fabc6af,masks_raw/4dd9bb07-52b3-4e61-a813-b5b44fabc6af,masks_images/4dd9bb07-52b3-4e61-a813-b5b44fabc6af,3dgs/4dd9bb07-52b3-4e61-a813-b5b44fabc6af.ply,images-csv/4dd9bb07-52b3-4e61-a813-b5b44fabc6af.csv
4e0b7d6c-08f2-4c60-84c6-c4a10ed520ce,images/4e0b7d6c-08f2-4c60-84c6-c4a10ed520ce,depth_est/4e0b7d6c-08f2-4c60-84c6-c4a10ed520ce,,sparse/4e0b7d6c-08f2-4c60-84c6-c4a10ed520ce,images_raw/4e0b7d6c-08f2-4c60-84c6-c4a10ed520ce,masks_raw/4e0b7d6c-08f2-4c60-84c6-c4a10ed520ce,masks_images/4e0b7d6c-08f2-4c60-84c6-c4a10ed520ce,3dgs/4e0b7d6c-08f2-4c60-84c6-c4a10ed520ce.ply,images-csv/4e0b7d6c-08f2-4c60-84c6-c4a10ed520ce.csv
4e9374a2-9f2a-4ec6-a590-e6982efc9e4e,images/4e9374a2-9f2a-4ec6-a590-e6982efc9e4e,depth_est/4e9374a2-9f2a-4ec6-a590-e6982efc9e4e,depths/4e9374a2-9f2a-4ec6-a590-e6982efc9e4e,sparse/4e9374a2-9f2a-4ec6-a590-e6982efc9e4e,images_raw/4e9374a2-9f2a-4ec6-a590-e6982efc9e4e,masks_raw/4e9374a2-9f2a-4ec6-a590-e6982efc9e4e,masks_images/4e9374a2-9f2a-4ec6-a590-e6982efc9e4e,3dgs/4e9374a2-9f2a-4ec6-a590-e6982efc9e4e.ply,images-csv/4e9374a2-9f2a-4ec6-a590-e6982efc9e4e.csv
4ed6edad-fe8e-41d2-a6a9-262135bd31ea,images/4ed6edad-fe8e-41d2-a6a9-262135bd31ea,depth_est/4ed6edad-fe8e-41d2-a6a9-262135bd31ea,,sparse/4ed6edad-fe8e-41d2-a6a9-262135bd31ea,images_raw/4ed6edad-fe8e-41d2-a6a9-262135bd31ea,masks_raw/4ed6edad-fe8e-41d2-a6a9-262135bd31ea,masks_images/4ed6edad-fe8e-41d2-a6a9-262135bd31ea,3dgs/4ed6edad-fe8e-41d2-a6a9-262135bd31ea.ply,images-csv/4ed6edad-fe8e-41d2-a6a9-262135bd31ea.csv
4ee9d117-6e58-4628-952a-25e0d05c489f,images/4ee9d117-6e58-4628-952a-25e0d05c489f,depth_est/4ee9d117-6e58-4628-952a-25e0d05c489f,depths/4ee9d117-6e58-4628-952a-25e0d05c489f,sparse/4ee9d117-6e58-4628-952a-25e0d05c489f,images_raw/4ee9d117-6e58-4628-952a-25e0d05c489f,masks_raw/4ee9d117-6e58-4628-952a-25e0d05c489f,masks_images/4ee9d117-6e58-4628-952a-25e0d05c489f,3dgs/4ee9d117-6e58-4628-952a-25e0d05c489f.ply,images-csv/4ee9d117-6e58-4628-952a-25e0d05c489f.csv
4f8a0e1e-bb88-4339-b350-c9b81e60e4a3,images/4f8a0e1e-bb88-4339-b350-c9b81e60e4a3,depth_est/4f8a0e1e-bb88-4339-b350-c9b81e60e4a3,depths/4f8a0e1e-bb88-4339-b350-c9b81e60e4a3,sparse/4f8a0e1e-bb88-4339-b350-c9b81e60e4a3,images_raw/4f8a0e1e-bb88-4339-b350-c9b81e60e4a3,masks_raw/4f8a0e1e-bb88-4339-b350-c9b81e60e4a3,masks_images/4f8a0e1e-bb88-4339-b350-c9b81e60e4a3,3dgs/4f8a0e1e-bb88-4339-b350-c9b81e60e4a3.ply,images-csv/4f8a0e1e-bb88-4339-b350-c9b81e60e4a3.csv
4fa65af1-2b7b-49bd-a325-3fe0c50cae25,images/4fa65af1-2b7b-49bd-a325-3fe0c50cae25,depth_est/4fa65af1-2b7b-49bd-a325-3fe0c50cae25,depths/4fa65af1-2b7b-49bd-a325-3fe0c50cae25,sparse/4fa65af1-2b7b-49bd-a325-3fe0c50cae25,images_raw/4fa65af1-2b7b-49bd-a325-3fe0c50cae25,masks_raw/4fa65af1-2b7b-49bd-a325-3fe0c50cae25,masks_images/4fa65af1-2b7b-49bd-a325-3fe0c50cae25,3dgs/4fa65af1-2b7b-49bd-a325-3fe0c50cae25.ply,images-csv/4fa65af1-2b7b-49bd-a325-3fe0c50cae25.csv
4fac2952-46ac-4f29-9e8e-60d59b28d630,images/4fac2952-46ac-4f29-9e8e-60d59b28d630,depth_est/4fac2952-46ac-4f29-9e8e-60d59b28d630,,sparse/4fac2952-46ac-4f29-9e8e-60d59b28d630,images_raw/4fac2952-46ac-4f29-9e8e-60d59b28d630,masks_raw/4fac2952-46ac-4f29-9e8e-60d59b28d630,masks_images/4fac2952-46ac-4f29-9e8e-60d59b28d630,3dgs/4fac2952-46ac-4f29-9e8e-60d59b28d630.ply,images-csv/4fac2952-46ac-4f29-9e8e-60d59b28d630.csv
50516237-27ac-4054-b751-3c225627f7d6,images/50516237-27ac-4054-b751-3c225627f7d6,depth_est/50516237-27ac-4054-b751-3c225627f7d6,depths/50516237-27ac-4054-b751-3c225627f7d6,sparse/50516237-27ac-4054-b751-3c225627f7d6,images_raw/50516237-27ac-4054-b751-3c225627f7d6,masks_raw/50516237-27ac-4054-b751-3c225627f7d6,masks_images/50516237-27ac-4054-b751-3c225627f7d6,3dgs/50516237-27ac-4054-b751-3c225627f7d6.ply,images-csv/50516237-27ac-4054-b751-3c225627f7d6.csv
5090f84c-291b-416d-8ab3-6b601a74c864,images/5090f84c-291b-416d-8ab3-6b601a74c864,depth_est/5090f84c-291b-416d-8ab3-6b601a74c864,,sparse/5090f84c-291b-416d-8ab3-6b601a74c864,images_raw/5090f84c-291b-416d-8ab3-6b601a74c864,masks_raw/5090f84c-291b-416d-8ab3-6b601a74c864,masks_images/5090f84c-291b-416d-8ab3-6b601a74c864,3dgs/5090f84c-291b-416d-8ab3-6b601a74c864.ply,images-csv/5090f84c-291b-416d-8ab3-6b601a74c864.csv
50ebad2e-39d3-4c79-bc31-a91e3bb0ae13,images/50ebad2e-39d3-4c79-bc31-a91e3bb0ae13,depth_est/50ebad2e-39d3-4c79-bc31-a91e3bb0ae13,depths/50ebad2e-39d3-4c79-bc31-a91e3bb0ae13,sparse/50ebad2e-39d3-4c79-bc31-a91e3bb0ae13,images_raw/50ebad2e-39d3-4c79-bc31-a91e3bb0ae13,masks_raw/50ebad2e-39d3-4c79-bc31-a91e3bb0ae13,masks_images/50ebad2e-39d3-4c79-bc31-a91e3bb0ae13,3dgs/50ebad2e-39d3-4c79-bc31-a91e3bb0ae13.ply,images-csv/50ebad2e-39d3-4c79-bc31-a91e3bb0ae13.csv
5110ec6f-2369-4535-867d-4cea630a6200,images/5110ec6f-2369-4535-867d-4cea630a6200,depth_est/5110ec6f-2369-4535-867d-4cea630a6200,depths/5110ec6f-2369-4535-867d-4cea630a6200,sparse/5110ec6f-2369-4535-867d-4cea630a6200,images_raw/5110ec6f-2369-4535-867d-4cea630a6200,masks_raw/5110ec6f-2369-4535-867d-4cea630a6200,masks_images/5110ec6f-2369-4535-867d-4cea630a6200,3dgs/5110ec6f-2369-4535-867d-4cea630a6200.ply,images-csv/5110ec6f-2369-4535-867d-4cea630a6200.csv
5134a999-a403-47d3-af71-3b63b9e759e9,images/5134a999-a403-47d3-af71-3b63b9e759e9,depth_est/5134a999-a403-47d3-af71-3b63b9e759e9,,sparse/5134a999-a403-47d3-af71-3b63b9e759e9,images_raw/5134a999-a403-47d3-af71-3b63b9e759e9,masks_raw/5134a999-a403-47d3-af71-3b63b9e759e9,masks_images/5134a999-a403-47d3-af71-3b63b9e759e9,3dgs/5134a999-a403-47d3-af71-3b63b9e759e9.ply,images-csv/5134a999-a403-47d3-af71-3b63b9e759e9.csv
514e034b-bee1-4a39-bdda-697acfa61b53,images/514e034b-bee1-4a39-bdda-697acfa61b53,depth_est/514e034b-bee1-4a39-bdda-697acfa61b53,,sparse/514e034b-bee1-4a39-bdda-697acfa61b53,images_raw/514e034b-bee1-4a39-bdda-697acfa61b53,masks_raw/514e034b-bee1-4a39-bdda-697acfa61b53,masks_images/514e034b-bee1-4a39-bdda-697acfa61b53,3dgs/514e034b-bee1-4a39-bdda-697acfa61b53.ply,images-csv/514e034b-bee1-4a39-bdda-697acfa61b53.csv
51628dc2-07f0-4fbb-ba84-6d262221d537,images/51628dc2-07f0-4fbb-ba84-6d262221d537,depth_est/51628dc2-07f0-4fbb-ba84-6d262221d537,,sparse/51628dc2-07f0-4fbb-ba84-6d262221d537,images_raw/51628dc2-07f0-4fbb-ba84-6d262221d537,masks_raw/51628dc2-07f0-4fbb-ba84-6d262221d537,masks_images/51628dc2-07f0-4fbb-ba84-6d262221d537,3dgs/51628dc2-07f0-4fbb-ba84-6d262221d537.ply,images-csv/51628dc2-07f0-4fbb-ba84-6d262221d537.csv
5175098c-1dae-4b6a-841b-3197cc4116cd,images/5175098c-1dae-4b6a-841b-3197cc4116cd,depth_est/5175098c-1dae-4b6a-841b-3197cc4116cd,,sparse/5175098c-1dae-4b6a-841b-3197cc4116cd,images_raw/5175098c-1dae-4b6a-841b-3197cc4116cd,masks_raw/5175098c-1dae-4b6a-841b-3197cc4116cd,masks_images/5175098c-1dae-4b6a-841b-3197cc4116cd,3dgs/5175098c-1dae-4b6a-841b-3197cc4116cd.ply,images-csv/5175098c-1dae-4b6a-841b-3197cc4116cd.csv
519c7e02-0f03-4e3e-a343-220096e155e8,images/519c7e02-0f03-4e3e-a343-220096e155e8,depth_est/519c7e02-0f03-4e3e-a343-220096e155e8,depths/519c7e02-0f03-4e3e-a343-220096e155e8,sparse/519c7e02-0f03-4e3e-a343-220096e155e8,images_raw/519c7e02-0f03-4e3e-a343-220096e155e8,masks_raw/519c7e02-0f03-4e3e-a343-220096e155e8,masks_images/519c7e02-0f03-4e3e-a343-220096e155e8,3dgs/519c7e02-0f03-4e3e-a343-220096e155e8.ply,images-csv/519c7e02-0f03-4e3e-a343-220096e155e8.csv
51a0fc3d-c92c-41ee-abf4-bfaee740b561,images/51a0fc3d-c92c-41ee-abf4-bfaee740b561,depth_est/51a0fc3d-c92c-41ee-abf4-bfaee740b561,,sparse/51a0fc3d-c92c-41ee-abf4-bfaee740b561,images_raw/51a0fc3d-c92c-41ee-abf4-bfaee740b561,masks_raw/51a0fc3d-c92c-41ee-abf4-bfaee740b561,masks_images/51a0fc3d-c92c-41ee-abf4-bfaee740b561,3dgs/51a0fc3d-c92c-41ee-abf4-bfaee740b561.ply,images-csv/51a0fc3d-c92c-41ee-abf4-bfaee740b561.csv
51e80db7-c6f2-41b1-97c9-661da5d1d472,images/51e80db7-c6f2-41b1-97c9-661da5d1d472,depth_est/51e80db7-c6f2-41b1-97c9-661da5d1d472,depths/51e80db7-c6f2-41b1-97c9-661da5d1d472,sparse/51e80db7-c6f2-41b1-97c9-661da5d1d472,images_raw/51e80db7-c6f2-41b1-97c9-661da5d1d472,masks_raw/51e80db7-c6f2-41b1-97c9-661da5d1d472,masks_images/51e80db7-c6f2-41b1-97c9-661da5d1d472,3dgs/51e80db7-c6f2-41b1-97c9-661da5d1d472.ply,images-csv/51e80db7-c6f2-41b1-97c9-661da5d1d472.csv
51ede12f-9011-48d6-8414-64e2da5fd612,images/51ede12f-9011-48d6-8414-64e2da5fd612,depth_est/51ede12f-9011-48d6-8414-64e2da5fd612,depths/51ede12f-9011-48d6-8414-64e2da5fd612,sparse/51ede12f-9011-48d6-8414-64e2da5fd612,images_raw/51ede12f-9011-48d6-8414-64e2da5fd612,masks_raw/51ede12f-9011-48d6-8414-64e2da5fd612,masks_images/51ede12f-9011-48d6-8414-64e2da5fd612,3dgs/51ede12f-9011-48d6-8414-64e2da5fd612.ply,images-csv/51ede12f-9011-48d6-8414-64e2da5fd612.csv
51f98d05-59c2-4a48-92d0-75fbc9d24afd,images/51f98d05-59c2-4a48-92d0-75fbc9d24afd,depth_est/51f98d05-59c2-4a48-92d0-75fbc9d24afd,depths/51f98d05-59c2-4a48-92d0-75fbc9d24afd,sparse/51f98d05-59c2-4a48-92d0-75fbc9d24afd,images_raw/51f98d05-59c2-4a48-92d0-75fbc9d24afd,masks_raw/51f98d05-59c2-4a48-92d0-75fbc9d24afd,masks_images/51f98d05-59c2-4a48-92d0-75fbc9d24afd,3dgs/51f98d05-59c2-4a48-92d0-75fbc9d24afd.ply,images-csv/51f98d05-59c2-4a48-92d0-75fbc9d24afd.csv
5226a3e1-31d8-416c-b03a-a2b07a7e2734,images/5226a3e1-31d8-416c-b03a-a2b07a7e2734,depth_est/5226a3e1-31d8-416c-b03a-a2b07a7e2734,,sparse/5226a3e1-31d8-416c-b03a-a2b07a7e2734,images_raw/5226a3e1-31d8-416c-b03a-a2b07a7e2734,masks_raw/5226a3e1-31d8-416c-b03a-a2b07a7e2734,masks_images/5226a3e1-31d8-416c-b03a-a2b07a7e2734,3dgs/5226a3e1-31d8-416c-b03a-a2b07a7e2734.ply,images-csv/5226a3e1-31d8-416c-b03a-a2b07a7e2734.csv
522ddf26-0fc3-43d2-8b96-0ced7c6c0676,images/522ddf26-0fc3-43d2-8b96-0ced7c6c0676,depth_est/522ddf26-0fc3-43d2-8b96-0ced7c6c0676,,sparse/522ddf26-0fc3-43d2-8b96-0ced7c6c0676,images_raw/522ddf26-0fc3-43d2-8b96-0ced7c6c0676,masks_raw/522ddf26-0fc3-43d2-8b96-0ced7c6c0676,masks_images/522ddf26-0fc3-43d2-8b96-0ced7c6c0676,3dgs/522ddf26-0fc3-43d2-8b96-0ced7c6c0676.ply,images-csv/522ddf26-0fc3-43d2-8b96-0ced7c6c0676.csv
5244d114-efa6-447e-b030-d8cdcf886f85,images/5244d114-efa6-447e-b030-d8cdcf886f85,depth_est/5244d114-efa6-447e-b030-d8cdcf886f85,depths/5244d114-efa6-447e-b030-d8cdcf886f85,sparse/5244d114-efa6-447e-b030-d8cdcf886f85,images_raw/5244d114-efa6-447e-b030-d8cdcf886f85,masks_raw/5244d114-efa6-447e-b030-d8cdcf886f85,masks_images/5244d114-efa6-447e-b030-d8cdcf886f85,3dgs/5244d114-efa6-447e-b030-d8cdcf886f85.ply,images-csv/5244d114-efa6-447e-b030-d8cdcf886f85.csv
524a022e-e596-4ee2-b803-d3c6a91e467d,images/524a022e-e596-4ee2-b803-d3c6a91e467d,depth_est/524a022e-e596-4ee2-b803-d3c6a91e467d,depths/524a022e-e596-4ee2-b803-d3c6a91e467d,sparse/524a022e-e596-4ee2-b803-d3c6a91e467d,images_raw/524a022e-e596-4ee2-b803-d3c6a91e467d,masks_raw/524a022e-e596-4ee2-b803-d3c6a91e467d,masks_images/524a022e-e596-4ee2-b803-d3c6a91e467d,3dgs/524a022e-e596-4ee2-b803-d3c6a91e467d.ply,images-csv/524a022e-e596-4ee2-b803-d3c6a91e467d.csv
52902a51-9070-480b-8a8d-7fb9ef041f19,images/52902a51-9070-480b-8a8d-7fb9ef041f19,depth_est/52902a51-9070-480b-8a8d-7fb9ef041f19,,sparse/52902a51-9070-480b-8a8d-7fb9ef041f19,images_raw/52902a51-9070-480b-8a8d-7fb9ef041f19,masks_raw/52902a51-9070-480b-8a8d-7fb9ef041f19,masks_images/52902a51-9070-480b-8a8d-7fb9ef041f19,3dgs/52902a51-9070-480b-8a8d-7fb9ef041f19.ply,images-csv/52902a51-9070-480b-8a8d-7fb9ef041f19.csv
52bb9024-75a1-4459-8b2e-1b67bd540cbf,images/52bb9024-75a1-4459-8b2e-1b67bd540cbf,depth_est/52bb9024-75a1-4459-8b2e-1b67bd540cbf,,sparse/52bb9024-75a1-4459-8b2e-1b67bd540cbf,images_raw/52bb9024-75a1-4459-8b2e-1b67bd540cbf,masks_raw/52bb9024-75a1-4459-8b2e-1b67bd540cbf,masks_images/52bb9024-75a1-4459-8b2e-1b67bd540cbf,3dgs/52bb9024-75a1-4459-8b2e-1b67bd540cbf.ply,images-csv/52bb9024-75a1-4459-8b2e-1b67bd540cbf.csv
530eeb18-a600-4e1f-ac08-ea3bbbbe002c,images/530eeb18-a600-4e1f-ac08-ea3bbbbe002c,depth_est/530eeb18-a600-4e1f-ac08-ea3bbbbe002c,,sparse/530eeb18-a600-4e1f-ac08-ea3bbbbe002c,images_raw/530eeb18-a600-4e1f-ac08-ea3bbbbe002c,masks_raw/530eeb18-a600-4e1f-ac08-ea3bbbbe002c,masks_images/530eeb18-a600-4e1f-ac08-ea3bbbbe002c,3dgs/530eeb18-a600-4e1f-ac08-ea3bbbbe002c.ply,images-csv/530eeb18-a600-4e1f-ac08-ea3bbbbe002c.csv
533711be-421d-4045-8f91-af6a8e05dcc9,images/533711be-421d-4045-8f91-af6a8e05dcc9,depth_est/533711be-421d-4045-8f91-af6a8e05dcc9,depths/533711be-421d-4045-8f91-af6a8e05dcc9,sparse/533711be-421d-4045-8f91-af6a8e05dcc9,images_raw/533711be-421d-4045-8f91-af6a8e05dcc9,masks_raw/533711be-421d-4045-8f91-af6a8e05dcc9,masks_images/533711be-421d-4045-8f91-af6a8e05dcc9,3dgs/533711be-421d-4045-8f91-af6a8e05dcc9.ply,images-csv/533711be-421d-4045-8f91-af6a8e05dcc9.csv
53cc9d84-2ed9-4c9e-ad4c-f7cd03555f79,images/53cc9d84-2ed9-4c9e-ad4c-f7cd03555f79,depth_est/53cc9d84-2ed9-4c9e-ad4c-f7cd03555f79,depths/53cc9d84-2ed9-4c9e-ad4c-f7cd03555f79,sparse/53cc9d84-2ed9-4c9e-ad4c-f7cd03555f79,images_raw/53cc9d84-2ed9-4c9e-ad4c-f7cd03555f79,masks_raw/53cc9d84-2ed9-4c9e-ad4c-f7cd03555f79,masks_images/53cc9d84-2ed9-4c9e-ad4c-f7cd03555f79,3dgs/53cc9d84-2ed9-4c9e-ad4c-f7cd03555f79.ply,images-csv/53cc9d84-2ed9-4c9e-ad4c-f7cd03555f79.csv
542b9754-7386-466b-8576-50102173f1bc,images/542b9754-7386-466b-8576-50102173f1bc,depth_est/542b9754-7386-466b-8576-50102173f1bc,depths/542b9754-7386-466b-8576-50102173f1bc,sparse/542b9754-7386-466b-8576-50102173f1bc,images_raw/542b9754-7386-466b-8576-50102173f1bc,masks_raw/542b9754-7386-466b-8576-50102173f1bc,masks_images/542b9754-7386-466b-8576-50102173f1bc,3dgs/542b9754-7386-466b-8576-50102173f1bc.ply,images-csv/542b9754-7386-466b-8576-50102173f1bc.csv
54987455-2533-4f2a-8940-067c92208874,images/54987455-2533-4f2a-8940-067c92208874,depth_est/54987455-2533-4f2a-8940-067c92208874,,sparse/54987455-2533-4f2a-8940-067c92208874,images_raw/54987455-2533-4f2a-8940-067c92208874,masks_raw/54987455-2533-4f2a-8940-067c92208874,masks_images/54987455-2533-4f2a-8940-067c92208874,3dgs/54987455-2533-4f2a-8940-067c92208874.ply,images-csv/54987455-2533-4f2a-8940-067c92208874.csv
54ec9c1c-311e-4efb-bb86-353218271c30,images/54ec9c1c-311e-4efb-bb86-353218271c30,depth_est/54ec9c1c-311e-4efb-bb86-353218271c30,depths/54ec9c1c-311e-4efb-bb86-353218271c30,sparse/54ec9c1c-311e-4efb-bb86-353218271c30,images_raw/54ec9c1c-311e-4efb-bb86-353218271c30,masks_raw/54ec9c1c-311e-4efb-bb86-353218271c30,masks_images/54ec9c1c-311e-4efb-bb86-353218271c30,3dgs/54ec9c1c-311e-4efb-bb86-353218271c30.ply,images-csv/54ec9c1c-311e-4efb-bb86-353218271c30.csv
54f4d5d2-617e-4a6d-a74d-0e43e321ca7b,images/54f4d5d2-617e-4a6d-a74d-0e43e321ca7b,depth_est/54f4d5d2-617e-4a6d-a74d-0e43e321ca7b,depths/54f4d5d2-617e-4a6d-a74d-0e43e321ca7b,sparse/54f4d5d2-617e-4a6d-a74d-0e43e321ca7b,images_raw/54f4d5d2-617e-4a6d-a74d-0e43e321ca7b,masks_raw/54f4d5d2-617e-4a6d-a74d-0e43e321ca7b,masks_images/54f4d5d2-617e-4a6d-a74d-0e43e321ca7b,3dgs/54f4d5d2-617e-4a6d-a74d-0e43e321ca7b.ply,images-csv/54f4d5d2-617e-4a6d-a74d-0e43e321ca7b.csv
5506cc16-e218-4837-b98d-11aeed545c31,images/5506cc16-e218-4837-b98d-11aeed545c31,depth_est/5506cc16-e218-4837-b98d-11aeed545c31,,sparse/5506cc16-e218-4837-b98d-11aeed545c31,images_raw/5506cc16-e218-4837-b98d-11aeed545c31,masks_raw/5506cc16-e218-4837-b98d-11aeed545c31,masks_images/5506cc16-e218-4837-b98d-11aeed545c31,3dgs/5506cc16-e218-4837-b98d-11aeed545c31.ply,images-csv/5506cc16-e218-4837-b98d-11aeed545c31.csv
5541f54f-b55c-4d83-af04-f04f4da738b6,images/5541f54f-b55c-4d83-af04-f04f4da738b6,depth_est/5541f54f-b55c-4d83-af04-f04f4da738b6,depths/5541f54f-b55c-4d83-af04-f04f4da738b6,sparse/5541f54f-b55c-4d83-af04-f04f4da738b6,images_raw/5541f54f-b55c-4d83-af04-f04f4da738b6,masks_raw/5541f54f-b55c-4d83-af04-f04f4da738b6,masks_images/5541f54f-b55c-4d83-af04-f04f4da738b6,3dgs/5541f54f-b55c-4d83-af04-f04f4da738b6.ply,images-csv/5541f54f-b55c-4d83-af04-f04f4da738b6.csv
55735d7d-9918-4355-a87f-589210cf7073,images/55735d7d-9918-4355-a87f-589210cf7073,depth_est/55735d7d-9918-4355-a87f-589210cf7073,depths/55735d7d-9918-4355-a87f-589210cf7073,sparse/55735d7d-9918-4355-a87f-589210cf7073,images_raw/55735d7d-9918-4355-a87f-589210cf7073,masks_raw/55735d7d-9918-4355-a87f-589210cf7073,masks_images/55735d7d-9918-4355-a87f-589210cf7073,3dgs/55735d7d-9918-4355-a87f-589210cf7073.ply,images-csv/55735d7d-9918-4355-a87f-589210cf7073.csv
55a9bde8-3641-4045-b20a-febc101e5710,images/55a9bde8-3641-4045-b20a-febc101e5710,depth_est/55a9bde8-3641-4045-b20a-febc101e5710,,sparse/55a9bde8-3641-4045-b20a-febc101e5710,images_raw/55a9bde8-3641-4045-b20a-febc101e5710,masks_raw/55a9bde8-3641-4045-b20a-febc101e5710,masks_images/55a9bde8-3641-4045-b20a-febc101e5710,3dgs/55a9bde8-3641-4045-b20a-febc101e5710.ply,images-csv/55a9bde8-3641-4045-b20a-febc101e5710.csv
560714d9-e532-42c7-a89b-779cf294cc56,images/560714d9-e532-42c7-a89b-779cf294cc56,depth_est/560714d9-e532-42c7-a89b-779cf294cc56,,sparse/560714d9-e532-42c7-a89b-779cf294cc56,images_raw/560714d9-e532-42c7-a89b-779cf294cc56,masks_raw/560714d9-e532-42c7-a89b-779cf294cc56,masks_images/560714d9-e532-42c7-a89b-779cf294cc56,3dgs/560714d9-e532-42c7-a89b-779cf294cc56.ply,images-csv/560714d9-e532-42c7-a89b-779cf294cc56.csv
5677144b-adc7-48de-ac89-f2466f5d5597,images/5677144b-adc7-48de-ac89-f2466f5d5597,depth_est/5677144b-adc7-48de-ac89-f2466f5d5597,depths/5677144b-adc7-48de-ac89-f2466f5d5597,sparse/5677144b-adc7-48de-ac89-f2466f5d5597,images_raw/5677144b-adc7-48de-ac89-f2466f5d5597,masks_raw/5677144b-adc7-48de-ac89-f2466f5d5597,masks_images/5677144b-adc7-48de-ac89-f2466f5d5597,3dgs/5677144b-adc7-48de-ac89-f2466f5d5597.ply,images-csv/5677144b-adc7-48de-ac89-f2466f5d5597.csv
56d168c1-f174-4aff-9a0c-80b251dfdd68,images/56d168c1-f174-4aff-9a0c-80b251dfdd68,depth_est/56d168c1-f174-4aff-9a0c-80b251dfdd68,,sparse/56d168c1-f174-4aff-9a0c-80b251dfdd68,images_raw/56d168c1-f174-4aff-9a0c-80b251dfdd68,masks_raw/56d168c1-f174-4aff-9a0c-80b251dfdd68,masks_images/56d168c1-f174-4aff-9a0c-80b251dfdd68,3dgs/56d168c1-f174-4aff-9a0c-80b251dfdd68.ply,images-csv/56d168c1-f174-4aff-9a0c-80b251dfdd68.csv
570729fc-3bae-4c9e-9a9d-b93383727fa6,images/570729fc-3bae-4c9e-9a9d-b93383727fa6,depth_est/570729fc-3bae-4c9e-9a9d-b93383727fa6,depths/570729fc-3bae-4c9e-9a9d-b93383727fa6,sparse/570729fc-3bae-4c9e-9a9d-b93383727fa6,images_raw/570729fc-3bae-4c9e-9a9d-b93383727fa6,masks_raw/570729fc-3bae-4c9e-9a9d-b93383727fa6,masks_images/570729fc-3bae-4c9e-9a9d-b93383727fa6,3dgs/570729fc-3bae-4c9e-9a9d-b93383727fa6.ply,images-csv/570729fc-3bae-4c9e-9a9d-b93383727fa6.csv
57116de1-2a2f-4401-8bc2-450357b9180f,images/57116de1-2a2f-4401-8bc2-450357b9180f,depth_est/57116de1-2a2f-4401-8bc2-450357b9180f,,sparse/57116de1-2a2f-4401-8bc2-450357b9180f,images_raw/57116de1-2a2f-4401-8bc2-450357b9180f,masks_raw/57116de1-2a2f-4401-8bc2-450357b9180f,masks_images/57116de1-2a2f-4401-8bc2-450357b9180f,3dgs/57116de1-2a2f-4401-8bc2-450357b9180f.ply,images-csv/57116de1-2a2f-4401-8bc2-450357b9180f.csv
5714c738-bb39-4f56-a49f-38b4eccbff67,images/5714c738-bb39-4f56-a49f-38b4eccbff67,depth_est/5714c738-bb39-4f56-a49f-38b4eccbff67,,sparse/5714c738-bb39-4f56-a49f-38b4eccbff67,images_raw/5714c738-bb39-4f56-a49f-38b4eccbff67,masks_raw/5714c738-bb39-4f56-a49f-38b4eccbff67,masks_images/5714c738-bb39-4f56-a49f-38b4eccbff67,3dgs/5714c738-bb39-4f56-a49f-38b4eccbff67.ply,images-csv/5714c738-bb39-4f56-a49f-38b4eccbff67.csv
5738298d-7bad-430c-879d-ce0f79418e85,images/5738298d-7bad-430c-879d-ce0f79418e85,depth_est/5738298d-7bad-430c-879d-ce0f79418e85,depths/5738298d-7bad-430c-879d-ce0f79418e85,sparse/5738298d-7bad-430c-879d-ce0f79418e85,images_raw/5738298d-7bad-430c-879d-ce0f79418e85,masks_raw/5738298d-7bad-430c-879d-ce0f79418e85,masks_images/5738298d-7bad-430c-879d-ce0f79418e85,3dgs/5738298d-7bad-430c-879d-ce0f79418e85.ply,images-csv/5738298d-7bad-430c-879d-ce0f79418e85.csv
579a7e8c-a647-44f8-b8d9-0b433877060e,images/579a7e8c-a647-44f8-b8d9-0b433877060e,depth_est/579a7e8c-a647-44f8-b8d9-0b433877060e,depths/579a7e8c-a647-44f8-b8d9-0b433877060e,sparse/579a7e8c-a647-44f8-b8d9-0b433877060e,images_raw/579a7e8c-a647-44f8-b8d9-0b433877060e,masks_raw/579a7e8c-a647-44f8-b8d9-0b433877060e,masks_images/579a7e8c-a647-44f8-b8d9-0b433877060e,3dgs/579a7e8c-a647-44f8-b8d9-0b433877060e.ply,images-csv/579a7e8c-a647-44f8-b8d9-0b433877060e.csv
57b45226-bb5b-4028-b499-67ed5529c0f2,images/57b45226-bb5b-4028-b499-67ed5529c0f2,depth_est/57b45226-bb5b-4028-b499-67ed5529c0f2,,sparse/57b45226-bb5b-4028-b499-67ed5529c0f2,images_raw/57b45226-bb5b-4028-b499-67ed5529c0f2,masks_raw/57b45226-bb5b-4028-b499-67ed5529c0f2,masks_images/57b45226-bb5b-4028-b499-67ed5529c0f2,3dgs/57b45226-bb5b-4028-b499-67ed5529c0f2.ply,images-csv/57b45226-bb5b-4028-b499-67ed5529c0f2.csv
58b6e400-efc4-4ae1-b662-0e307341f115,images/58b6e400-efc4-4ae1-b662-0e307341f115,depth_est/58b6e400-efc4-4ae1-b662-0e307341f115,,sparse/58b6e400-efc4-4ae1-b662-0e307341f115,images_raw/58b6e400-efc4-4ae1-b662-0e307341f115,masks_raw/58b6e400-efc4-4ae1-b662-0e307341f115,masks_images/58b6e400-efc4-4ae1-b662-0e307341f115,3dgs/58b6e400-efc4-4ae1-b662-0e307341f115.ply,images-csv/58b6e400-efc4-4ae1-b662-0e307341f115.csv
58c24d5f-4b4b-4aaf-ae63-79adc86b4cba,images/58c24d5f-4b4b-4aaf-ae63-79adc86b4cba,depth_est/58c24d5f-4b4b-4aaf-ae63-79adc86b4cba,depths/58c24d5f-4b4b-4aaf-ae63-79adc86b4cba,sparse/58c24d5f-4b4b-4aaf-ae63-79adc86b4cba,images_raw/58c24d5f-4b4b-4aaf-ae63-79adc86b4cba,masks_raw/58c24d5f-4b4b-4aaf-ae63-79adc86b4cba,masks_images/58c24d5f-4b4b-4aaf-ae63-79adc86b4cba,3dgs/58c24d5f-4b4b-4aaf-ae63-79adc86b4cba.ply,images-csv/58c24d5f-4b4b-4aaf-ae63-79adc86b4cba.csv
598cfcd4-4998-4a85-bb6c-955c17b67f93,images/598cfcd4-4998-4a85-bb6c-955c17b67f93,depth_est/598cfcd4-4998-4a85-bb6c-955c17b67f93,depths/598cfcd4-4998-4a85-bb6c-955c17b67f93,sparse/598cfcd4-4998-4a85-bb6c-955c17b67f93,images_raw/598cfcd4-4998-4a85-bb6c-955c17b67f93,masks_raw/598cfcd4-4998-4a85-bb6c-955c17b67f93,masks_images/598cfcd4-4998-4a85-bb6c-955c17b67f93,3dgs/598cfcd4-4998-4a85-bb6c-955c17b67f93.ply,images-csv/598cfcd4-4998-4a85-bb6c-955c17b67f93.csv
5990a445-ea87-4844-bd06-5610957dc86f,images/5990a445-ea87-4844-bd06-5610957dc86f,depth_est/5990a445-ea87-4844-bd06-5610957dc86f,depths/5990a445-ea87-4844-bd06-5610957dc86f,sparse/5990a445-ea87-4844-bd06-5610957dc86f,images_raw/5990a445-ea87-4844-bd06-5610957dc86f,masks_raw/5990a445-ea87-4844-bd06-5610957dc86f,masks_images/5990a445-ea87-4844-bd06-5610957dc86f,3dgs/5990a445-ea87-4844-bd06-5610957dc86f.ply,images-csv/5990a445-ea87-4844-bd06-5610957dc86f.csv
599217d5-0c7b-44b8-b66c-4e8375d533bd,images/599217d5-0c7b-44b8-b66c-4e8375d533bd,depth_est/599217d5-0c7b-44b8-b66c-4e8375d533bd,,sparse/599217d5-0c7b-44b8-b66c-4e8375d533bd,images_raw/599217d5-0c7b-44b8-b66c-4e8375d533bd,masks_raw/599217d5-0c7b-44b8-b66c-4e8375d533bd,masks_images/599217d5-0c7b-44b8-b66c-4e8375d533bd,3dgs/599217d5-0c7b-44b8-b66c-4e8375d533bd.ply,images-csv/599217d5-0c7b-44b8-b66c-4e8375d533bd.csv
59ddaa67-d59f-4927-b097-f026c6ceb5a8,images/59ddaa67-d59f-4927-b097-f026c6ceb5a8,depth_est/59ddaa67-d59f-4927-b097-f026c6ceb5a8,depths/59ddaa67-d59f-4927-b097-f026c6ceb5a8,sparse/59ddaa67-d59f-4927-b097-f026c6ceb5a8,images_raw/59ddaa67-d59f-4927-b097-f026c6ceb5a8,masks_raw/59ddaa67-d59f-4927-b097-f026c6ceb5a8,masks_images/59ddaa67-d59f-4927-b097-f026c6ceb5a8,3dgs/59ddaa67-d59f-4927-b097-f026c6ceb5a8.ply,images-csv/59ddaa67-d59f-4927-b097-f026c6ceb5a8.csv
5a23459f-29fe-4411-b969-b3d62314ff56,images/5a23459f-29fe-4411-b969-b3d62314ff56,depth_est/5a23459f-29fe-4411-b969-b3d62314ff56,depths/5a23459f-29fe-4411-b969-b3d62314ff56,sparse/5a23459f-29fe-4411-b969-b3d62314ff56,images_raw/5a23459f-29fe-4411-b969-b3d62314ff56,masks_raw/5a23459f-29fe-4411-b969-b3d62314ff56,masks_images/5a23459f-29fe-4411-b969-b3d62314ff56,3dgs/5a23459f-29fe-4411-b969-b3d62314ff56.ply,images-csv/5a23459f-29fe-4411-b969-b3d62314ff56.csv
5a46d116-7b32-454e-9f25-1302728c4e9c,images/5a46d116-7b32-454e-9f25-1302728c4e9c,depth_est/5a46d116-7b32-454e-9f25-1302728c4e9c,,sparse/5a46d116-7b32-454e-9f25-1302728c4e9c,images_raw/5a46d116-7b32-454e-9f25-1302728c4e9c,masks_raw/5a46d116-7b32-454e-9f25-1302728c4e9c,masks_images/5a46d116-7b32-454e-9f25-1302728c4e9c,3dgs/5a46d116-7b32-454e-9f25-1302728c4e9c.ply,images-csv/5a46d116-7b32-454e-9f25-1302728c4e9c.csv
5a785815-9f83-4647-8396-7c07277c28c4,images/5a785815-9f83-4647-8396-7c07277c28c4,depth_est/5a785815-9f83-4647-8396-7c07277c28c4,,sparse/5a785815-9f83-4647-8396-7c07277c28c4,images_raw/5a785815-9f83-4647-8396-7c07277c28c4,masks_raw/5a785815-9f83-4647-8396-7c07277c28c4,masks_images/5a785815-9f83-4647-8396-7c07277c28c4,3dgs/5a785815-9f83-4647-8396-7c07277c28c4.ply,images-csv/5a785815-9f83-4647-8396-7c07277c28c4.csv
5aedda8c-4493-4bca-8ab0-8cc4e03cfbd6,images/5aedda8c-4493-4bca-8ab0-8cc4e03cfbd6,depth_est/5aedda8c-4493-4bca-8ab0-8cc4e03cfbd6,,sparse/5aedda8c-4493-4bca-8ab0-8cc4e03cfbd6,images_raw/5aedda8c-4493-4bca-8ab0-8cc4e03cfbd6,masks_raw/5aedda8c-4493-4bca-8ab0-8cc4e03cfbd6,masks_images/5aedda8c-4493-4bca-8ab0-8cc4e03cfbd6,3dgs/5aedda8c-4493-4bca-8ab0-8cc4e03cfbd6.ply,images-csv/5aedda8c-4493-4bca-8ab0-8cc4e03cfbd6.csv
5af21a6b-a88a-498d-ab34-c3d9e296b59d,images/5af21a6b-a88a-498d-ab34-c3d9e296b59d,depth_est/5af21a6b-a88a-498d-ab34-c3d9e296b59d,depths/5af21a6b-a88a-498d-ab34-c3d9e296b59d,sparse/5af21a6b-a88a-498d-ab34-c3d9e296b59d,images_raw/5af21a6b-a88a-498d-ab34-c3d9e296b59d,masks_raw/5af21a6b-a88a-498d-ab34-c3d9e296b59d,masks_images/5af21a6b-a88a-498d-ab34-c3d9e296b59d,3dgs/5af21a6b-a88a-498d-ab34-c3d9e296b59d.ply,images-csv/5af21a6b-a88a-498d-ab34-c3d9e296b59d.csv
5b2c32e4-a759-4eb9-84b9-8cd05dc7dcca,images/5b2c32e4-a759-4eb9-84b9-8cd05dc7dcca,depth_est/5b2c32e4-a759-4eb9-84b9-8cd05dc7dcca,depths/5b2c32e4-a759-4eb9-84b9-8cd05dc7dcca,sparse/5b2c32e4-a759-4eb9-84b9-8cd05dc7dcca,images_raw/5b2c32e4-a759-4eb9-84b9-8cd05dc7dcca,masks_raw/5b2c32e4-a759-4eb9-84b9-8cd05dc7dcca,masks_images/5b2c32e4-a759-4eb9-84b9-8cd05dc7dcca,3dgs/5b2c32e4-a759-4eb9-84b9-8cd05dc7dcca.ply,images-csv/5b2c32e4-a759-4eb9-84b9-8cd05dc7dcca.csv
5b31376c-a545-41d5-96cb-79089fc5554f,images/5b31376c-a545-41d5-96cb-79089fc5554f,depth_est/5b31376c-a545-41d5-96cb-79089fc5554f,depths/5b31376c-a545-41d5-96cb-79089fc5554f,sparse/5b31376c-a545-41d5-96cb-79089fc5554f,images_raw/5b31376c-a545-41d5-96cb-79089fc5554f,masks_raw/5b31376c-a545-41d5-96cb-79089fc5554f,masks_images/5b31376c-a545-41d5-96cb-79089fc5554f,3dgs/5b31376c-a545-41d5-96cb-79089fc5554f.ply,images-csv/5b31376c-a545-41d5-96cb-79089fc5554f.csv
5b44fda9-5643-4034-814f-51a5d14551e3,images/5b44fda9-5643-4034-814f-51a5d14551e3,depth_est/5b44fda9-5643-4034-814f-51a5d14551e3,depths/5b44fda9-5643-4034-814f-51a5d14551e3,sparse/5b44fda9-5643-4034-814f-51a5d14551e3,images_raw/5b44fda9-5643-4034-814f-51a5d14551e3,masks_raw/5b44fda9-5643-4034-814f-51a5d14551e3,masks_images/5b44fda9-5643-4034-814f-51a5d14551e3,3dgs/5b44fda9-5643-4034-814f-51a5d14551e3.ply,images-csv/5b44fda9-5643-4034-814f-51a5d14551e3.csv
5b6986af-0110-4762-83ad-e32d2568c7ac,images/5b6986af-0110-4762-83ad-e32d2568c7ac,depth_est/5b6986af-0110-4762-83ad-e32d2568c7ac,,sparse/5b6986af-0110-4762-83ad-e32d2568c7ac,images_raw/5b6986af-0110-4762-83ad-e32d2568c7ac,masks_raw/5b6986af-0110-4762-83ad-e32d2568c7ac,masks_images/5b6986af-0110-4762-83ad-e32d2568c7ac,3dgs/5b6986af-0110-4762-83ad-e32d2568c7ac.ply,images-csv/5b6986af-0110-4762-83ad-e32d2568c7ac.csv
5b6e7a20-e78d-47b4-9e45-80e02fbf5549,images/5b6e7a20-e78d-47b4-9e45-80e02fbf5549,depth_est/5b6e7a20-e78d-47b4-9e45-80e02fbf5549,,sparse/5b6e7a20-e78d-47b4-9e45-80e02fbf5549,images_raw/5b6e7a20-e78d-47b4-9e45-80e02fbf5549,masks_raw/5b6e7a20-e78d-47b4-9e45-80e02fbf5549,masks_images/5b6e7a20-e78d-47b4-9e45-80e02fbf5549,3dgs/5b6e7a20-e78d-47b4-9e45-80e02fbf5549.ply,images-csv/5b6e7a20-e78d-47b4-9e45-80e02fbf5549.csv
5b91ce8c-8b39-47a7-8663-877a25d0cefd,images/5b91ce8c-8b39-47a7-8663-877a25d0cefd,depth_est/5b91ce8c-8b39-47a7-8663-877a25d0cefd,depths/5b91ce8c-8b39-47a7-8663-877a25d0cefd,sparse/5b91ce8c-8b39-47a7-8663-877a25d0cefd,images_raw/5b91ce8c-8b39-47a7-8663-877a25d0cefd,masks_raw/5b91ce8c-8b39-47a7-8663-877a25d0cefd,masks_images/5b91ce8c-8b39-47a7-8663-877a25d0cefd,3dgs/5b91ce8c-8b39-47a7-8663-877a25d0cefd.ply,images-csv/5b91ce8c-8b39-47a7-8663-877a25d0cefd.csv
5ba57d48-6929-41dd-9bba-88e6e2388c25,images/5ba57d48-6929-41dd-9bba-88e6e2388c25,depth_est/5ba57d48-6929-41dd-9bba-88e6e2388c25,depths/5ba57d48-6929-41dd-9bba-88e6e2388c25,sparse/5ba57d48-6929-41dd-9bba-88e6e2388c25,images_raw/5ba57d48-6929-41dd-9bba-88e6e2388c25,masks_raw/5ba57d48-6929-41dd-9bba-88e6e2388c25,masks_images/5ba57d48-6929-41dd-9bba-88e6e2388c25,3dgs/5ba57d48-6929-41dd-9bba-88e6e2388c25.ply,images-csv/5ba57d48-6929-41dd-9bba-88e6e2388c25.csv
5bc01783-97f4-4977-87d7-23082df986b2,images/5bc01783-97f4-4977-87d7-23082df986b2,depth_est/5bc01783-97f4-4977-87d7-23082df986b2,,sparse/5bc01783-97f4-4977-87d7-23082df986b2,images_raw/5bc01783-97f4-4977-87d7-23082df986b2,masks_raw/5bc01783-97f4-4977-87d7-23082df986b2,masks_images/5bc01783-97f4-4977-87d7-23082df986b2,3dgs/5bc01783-97f4-4977-87d7-23082df986b2.ply,images-csv/5bc01783-97f4-4977-87d7-23082df986b2.csv
5bf71264-1e43-4ac8-bab7-86153c2dc278,images/5bf71264-1e43-4ac8-bab7-86153c2dc278,depth_est/5bf71264-1e43-4ac8-bab7-86153c2dc278,,sparse/5bf71264-1e43-4ac8-bab7-86153c2dc278,images_raw/5bf71264-1e43-4ac8-bab7-86153c2dc278,masks_raw/5bf71264-1e43-4ac8-bab7-86153c2dc278,masks_images/5bf71264-1e43-4ac8-bab7-86153c2dc278,3dgs/5bf71264-1e43-4ac8-bab7-86153c2dc278.ply,images-csv/5bf71264-1e43-4ac8-bab7-86153c2dc278.csv
5c516169-1828-4e9f-8261-227343806eba,images/5c516169-1828-4e9f-8261-227343806eba,depth_est/5c516169-1828-4e9f-8261-227343806eba,,sparse/5c516169-1828-4e9f-8261-227343806eba,images_raw/5c516169-1828-4e9f-8261-227343806eba,masks_raw/5c516169-1828-4e9f-8261-227343806eba,masks_images/5c516169-1828-4e9f-8261-227343806eba,3dgs/5c516169-1828-4e9f-8261-227343806eba.ply,images-csv/5c516169-1828-4e9f-8261-227343806eba.csv
5ca4e7f9-5201-423b-8e9d-8f4ddc444028,images/5ca4e7f9-5201-423b-8e9d-8f4ddc444028,depth_est/5ca4e7f9-5201-423b-8e9d-8f4ddc444028,,sparse/5ca4e7f9-5201-423b-8e9d-8f4ddc444028,images_raw/5ca4e7f9-5201-423b-8e9d-8f4ddc444028,masks_raw/5ca4e7f9-5201-423b-8e9d-8f4ddc444028,masks_images/5ca4e7f9-5201-423b-8e9d-8f4ddc444028,3dgs/5ca4e7f9-5201-423b-8e9d-8f4ddc444028.ply,images-csv/5ca4e7f9-5201-423b-8e9d-8f4ddc444028.csv
5cbf5822-81fc-4b42-83f5-421ed0fa3d09,images/5cbf5822-81fc-4b42-83f5-421ed0fa3d09,depth_est/5cbf5822-81fc-4b42-83f5-421ed0fa3d09,depths/5cbf5822-81fc-4b42-83f5-421ed0fa3d09,sparse/5cbf5822-81fc-4b42-83f5-421ed0fa3d09,images_raw/5cbf5822-81fc-4b42-83f5-421ed0fa3d09,masks_raw/5cbf5822-81fc-4b42-83f5-421ed0fa3d09,masks_images/5cbf5822-81fc-4b42-83f5-421ed0fa3d09,3dgs/5cbf5822-81fc-4b42-83f5-421ed0fa3d09.ply,images-csv/5cbf5822-81fc-4b42-83f5-421ed0fa3d09.csv
5cc80638-3f4e-445b-95d6-9f36a631e627,images/5cc80638-3f4e-445b-95d6-9f36a631e627,depth_est/5cc80638-3f4e-445b-95d6-9f36a631e627,,sparse/5cc80638-3f4e-445b-95d6-9f36a631e627,images_raw/5cc80638-3f4e-445b-95d6-9f36a631e627,masks_raw/5cc80638-3f4e-445b-95d6-9f36a631e627,masks_images/5cc80638-3f4e-445b-95d6-9f36a631e627,3dgs/5cc80638-3f4e-445b-95d6-9f36a631e627.ply,images-csv/5cc80638-3f4e-445b-95d6-9f36a631e627.csv
5d060831-ce5a-421f-b7d3-0b604155934d,images/5d060831-ce5a-421f-b7d3-0b604155934d,depth_est/5d060831-ce5a-421f-b7d3-0b604155934d,depths/5d060831-ce5a-421f-b7d3-0b604155934d,sparse/5d060831-ce5a-421f-b7d3-0b604155934d,images_raw/5d060831-ce5a-421f-b7d3-0b604155934d,masks_raw/5d060831-ce5a-421f-b7d3-0b604155934d,masks_images/5d060831-ce5a-421f-b7d3-0b604155934d,3dgs/5d060831-ce5a-421f-b7d3-0b604155934d.ply,images-csv/5d060831-ce5a-421f-b7d3-0b604155934d.csv
5d5380d2-99b5-42f4-b504-e2fc74660e69,images/5d5380d2-99b5-42f4-b504-e2fc74660e69,depth_est/5d5380d2-99b5-42f4-b504-e2fc74660e69,depths/5d5380d2-99b5-42f4-b504-e2fc74660e69,sparse/5d5380d2-99b5-42f4-b504-e2fc74660e69,images_raw/5d5380d2-99b5-42f4-b504-e2fc74660e69,masks_raw/5d5380d2-99b5-42f4-b504-e2fc74660e69,masks_images/5d5380d2-99b5-42f4-b504-e2fc74660e69,3dgs/5d5380d2-99b5-42f4-b504-e2fc74660e69.ply,images-csv/5d5380d2-99b5-42f4-b504-e2fc74660e69.csv
5e61433d-a3bb-46e5-acd4-966173447270,images/5e61433d-a3bb-46e5-acd4-966173447270,depth_est/5e61433d-a3bb-46e5-acd4-966173447270,depths/5e61433d-a3bb-46e5-acd4-966173447270,sparse/5e61433d-a3bb-46e5-acd4-966173447270,images_raw/5e61433d-a3bb-46e5-acd4-966173447270,masks_raw/5e61433d-a3bb-46e5-acd4-966173447270,masks_images/5e61433d-a3bb-46e5-acd4-966173447270,3dgs/5e61433d-a3bb-46e5-acd4-966173447270.ply,images-csv/5e61433d-a3bb-46e5-acd4-966173447270.csv
5e7a8bb9-f37d-41d0-a721-2ca0ed8524a4,images/5e7a8bb9-f37d-41d0-a721-2ca0ed8524a4,depth_est/5e7a8bb9-f37d-41d0-a721-2ca0ed8524a4,,sparse/5e7a8bb9-f37d-41d0-a721-2ca0ed8524a4,images_raw/5e7a8bb9-f37d-41d0-a721-2ca0ed8524a4,masks_raw/5e7a8bb9-f37d-41d0-a721-2ca0ed8524a4,masks_images/5e7a8bb9-f37d-41d0-a721-2ca0ed8524a4,3dgs/5e7a8bb9-f37d-41d0-a721-2ca0ed8524a4.ply,images-csv/5e7a8bb9-f37d-41d0-a721-2ca0ed8524a4.csv
5ed7fc42-448a-4594-a9b9-85fdaf01af02,images/5ed7fc42-448a-4594-a9b9-85fdaf01af02,depth_est/5ed7fc42-448a-4594-a9b9-85fdaf01af02,depths/5ed7fc42-448a-4594-a9b9-85fdaf01af02,sparse/5ed7fc42-448a-4594-a9b9-85fdaf01af02,images_raw/5ed7fc42-448a-4594-a9b9-85fdaf01af02,masks_raw/5ed7fc42-448a-4594-a9b9-85fdaf01af02,masks_images/5ed7fc42-448a-4594-a9b9-85fdaf01af02,3dgs/5ed7fc42-448a-4594-a9b9-85fdaf01af02.ply,images-csv/5ed7fc42-448a-4594-a9b9-85fdaf01af02.csv
5f92b7da-15d0-4a6d-98c6-4e8d49b90253,images/5f92b7da-15d0-4a6d-98c6-4e8d49b90253,depth_est/5f92b7da-15d0-4a6d-98c6-4e8d49b90253,depths/5f92b7da-15d0-4a6d-98c6-4e8d49b90253,sparse/5f92b7da-15d0-4a6d-98c6-4e8d49b90253,images_raw/5f92b7da-15d0-4a6d-98c6-4e8d49b90253,masks_raw/5f92b7da-15d0-4a6d-98c6-4e8d49b90253,masks_images/5f92b7da-15d0-4a6d-98c6-4e8d49b90253,3dgs/5f92b7da-15d0-4a6d-98c6-4e8d49b90253.ply,images-csv/5f92b7da-15d0-4a6d-98c6-4e8d49b90253.csv
6000c962-2549-4301-92a4-bc7a19e11471,images/6000c962-2549-4301-92a4-bc7a19e11471,depth_est/6000c962-2549-4301-92a4-bc7a19e11471,depths/6000c962-2549-4301-92a4-bc7a19e11471,sparse/6000c962-2549-4301-92a4-bc7a19e11471,images_raw/6000c962-2549-4301-92a4-bc7a19e11471,masks_raw/6000c962-2549-4301-92a4-bc7a19e11471,masks_images/6000c962-2549-4301-92a4-bc7a19e11471,3dgs/6000c962-2549-4301-92a4-bc7a19e11471.ply,images-csv/6000c962-2549-4301-92a4-bc7a19e11471.csv
60a6e0c3-f853-4b0f-adb0-2bb5270dacec,images/60a6e0c3-f853-4b0f-adb0-2bb5270dacec,depth_est/60a6e0c3-f853-4b0f-adb0-2bb5270dacec,depths/60a6e0c3-f853-4b0f-adb0-2bb5270dacec,sparse/60a6e0c3-f853-4b0f-adb0-2bb5270dacec,images_raw/60a6e0c3-f853-4b0f-adb0-2bb5270dacec,masks_raw/60a6e0c3-f853-4b0f-adb0-2bb5270dacec,masks_images/60a6e0c3-f853-4b0f-adb0-2bb5270dacec,3dgs/60a6e0c3-f853-4b0f-adb0-2bb5270dacec.ply,images-csv/60a6e0c3-f853-4b0f-adb0-2bb5270dacec.csv
60d7b720-3d6c-4a19-8d02-8ec0381e9b51,images/60d7b720-3d6c-4a19-8d02-8ec0381e9b51,depth_est/60d7b720-3d6c-4a19-8d02-8ec0381e9b51,depths/60d7b720-3d6c-4a19-8d02-8ec0381e9b51,sparse/60d7b720-3d6c-4a19-8d02-8ec0381e9b51,images_raw/60d7b720-3d6c-4a19-8d02-8ec0381e9b51,masks_raw/60d7b720-3d6c-4a19-8d02-8ec0381e9b51,masks_images/60d7b720-3d6c-4a19-8d02-8ec0381e9b51,3dgs/60d7b720-3d6c-4a19-8d02-8ec0381e9b51.ply,images-csv/60d7b720-3d6c-4a19-8d02-8ec0381e9b51.csv
611d1ea2-4ebc-4b2d-8d0d-2132ed6362c4,images/611d1ea2-4ebc-4b2d-8d0d-2132ed6362c4,depth_est/611d1ea2-4ebc-4b2d-8d0d-2132ed6362c4,,sparse/611d1ea2-4ebc-4b2d-8d0d-2132ed6362c4,images_raw/611d1ea2-4ebc-4b2d-8d0d-2132ed6362c4,masks_raw/611d1ea2-4ebc-4b2d-8d0d-2132ed6362c4,masks_images/611d1ea2-4ebc-4b2d-8d0d-2132ed6362c4,3dgs/611d1ea2-4ebc-4b2d-8d0d-2132ed6362c4.ply,images-csv/611d1ea2-4ebc-4b2d-8d0d-2132ed6362c4.csv
618fa37f-e669-466f-b8e6-b9d0fc5043ce,images/618fa37f-e669-466f-b8e6-b9d0fc5043ce,depth_est/618fa37f-e669-466f-b8e6-b9d0fc5043ce,,sparse/618fa37f-e669-466f-b8e6-b9d0fc5043ce,images_raw/618fa37f-e669-466f-b8e6-b9d0fc5043ce,masks_raw/618fa37f-e669-466f-b8e6-b9d0fc5043ce,masks_images/618fa37f-e669-466f-b8e6-b9d0fc5043ce,3dgs/618fa37f-e669-466f-b8e6-b9d0fc5043ce.ply,images-csv/618fa37f-e669-466f-b8e6-b9d0fc5043ce.csv
61a5687c-483d-4a81-916e-f459fc909e05,images/61a5687c-483d-4a81-916e-f459fc909e05,depth_est/61a5687c-483d-4a81-916e-f459fc909e05,depths/61a5687c-483d-4a81-916e-f459fc909e05,sparse/61a5687c-483d-4a81-916e-f459fc909e05,images_raw/61a5687c-483d-4a81-916e-f459fc909e05,masks_raw/61a5687c-483d-4a81-916e-f459fc909e05,masks_images/61a5687c-483d-4a81-916e-f459fc909e05,3dgs/61a5687c-483d-4a81-916e-f459fc909e05.ply,images-csv/61a5687c-483d-4a81-916e-f459fc909e05.csv
61a9bbd4-b60f-4529-bf8f-4d38f9fc3a79,images/61a9bbd4-b60f-4529-bf8f-4d38f9fc3a79,depth_est/61a9bbd4-b60f-4529-bf8f-4d38f9fc3a79,depths/61a9bbd4-b60f-4529-bf8f-4d38f9fc3a79,sparse/61a9bbd4-b60f-4529-bf8f-4d38f9fc3a79,images_raw/61a9bbd4-b60f-4529-bf8f-4d38f9fc3a79,masks_raw/61a9bbd4-b60f-4529-bf8f-4d38f9fc3a79,masks_images/61a9bbd4-b60f-4529-bf8f-4d38f9fc3a79,3dgs/61a9bbd4-b60f-4529-bf8f-4d38f9fc3a79.ply,images-csv/61a9bbd4-b60f-4529-bf8f-4d38f9fc3a79.csv
61c2261b-5d3f-43a7-b179-90362fbf1b82,images/61c2261b-5d3f-43a7-b179-90362fbf1b82,depth_est/61c2261b-5d3f-43a7-b179-90362fbf1b82,depths/61c2261b-5d3f-43a7-b179-90362fbf1b82,sparse/61c2261b-5d3f-43a7-b179-90362fbf1b82,images_raw/61c2261b-5d3f-43a7-b179-90362fbf1b82,masks_raw/61c2261b-5d3f-43a7-b179-90362fbf1b82,masks_images/61c2261b-5d3f-43a7-b179-90362fbf1b82,3dgs/61c2261b-5d3f-43a7-b179-90362fbf1b82.ply,images-csv/61c2261b-5d3f-43a7-b179-90362fbf1b82.csv
61fee160-28ab-4ba6-b1e6-27cfe1b2cca2,images/61fee160-28ab-4ba6-b1e6-27cfe1b2cca2,depth_est/61fee160-28ab-4ba6-b1e6-27cfe1b2cca2,depths/61fee160-28ab-4ba6-b1e6-27cfe1b2cca2,sparse/61fee160-28ab-4ba6-b1e6-27cfe1b2cca2,images_raw/61fee160-28ab-4ba6-b1e6-27cfe1b2cca2,masks_raw/61fee160-28ab-4ba6-b1e6-27cfe1b2cca2,masks_images/61fee160-28ab-4ba6-b1e6-27cfe1b2cca2,3dgs/61fee160-28ab-4ba6-b1e6-27cfe1b2cca2.ply,images-csv/61fee160-28ab-4ba6-b1e6-27cfe1b2cca2.csv
62b7e22c-90fb-4872-9408-d5101178b844,images/62b7e22c-90fb-4872-9408-d5101178b844,depth_est/62b7e22c-90fb-4872-9408-d5101178b844,depths/62b7e22c-90fb-4872-9408-d5101178b844,sparse/62b7e22c-90fb-4872-9408-d5101178b844,images_raw/62b7e22c-90fb-4872-9408-d5101178b844,masks_raw/62b7e22c-90fb-4872-9408-d5101178b844,masks_images/62b7e22c-90fb-4872-9408-d5101178b844,3dgs/62b7e22c-90fb-4872-9408-d5101178b844.ply,images-csv/62b7e22c-90fb-4872-9408-d5101178b844.csv
62bda9d3-90f4-4463-a157-20513a227a28,images/62bda9d3-90f4-4463-a157-20513a227a28,depth_est/62bda9d3-90f4-4463-a157-20513a227a28,depths/62bda9d3-90f4-4463-a157-20513a227a28,sparse/62bda9d3-90f4-4463-a157-20513a227a28,images_raw/62bda9d3-90f4-4463-a157-20513a227a28,masks_raw/62bda9d3-90f4-4463-a157-20513a227a28,masks_images/62bda9d3-90f4-4463-a157-20513a227a28,3dgs/62bda9d3-90f4-4463-a157-20513a227a28.ply,images-csv/62bda9d3-90f4-4463-a157-20513a227a28.csv
637a5938-5c67-4659-9b96-3e2f69df2940,images/637a5938-5c67-4659-9b96-3e2f69df2940,depth_est/637a5938-5c67-4659-9b96-3e2f69df2940,,sparse/637a5938-5c67-4659-9b96-3e2f69df2940,images_raw/637a5938-5c67-4659-9b96-3e2f69df2940,masks_raw/637a5938-5c67-4659-9b96-3e2f69df2940,masks_images/637a5938-5c67-4659-9b96-3e2f69df2940,3dgs/637a5938-5c67-4659-9b96-3e2f69df2940.ply,images-csv/637a5938-5c67-4659-9b96-3e2f69df2940.csv
63ea459f-aaba-42fb-8a68-90792f4ea7ac,images/63ea459f-aaba-42fb-8a68-90792f4ea7ac,depth_est/63ea459f-aaba-42fb-8a68-90792f4ea7ac,depths/63ea459f-aaba-42fb-8a68-90792f4ea7ac,sparse/63ea459f-aaba-42fb-8a68-90792f4ea7ac,images_raw/63ea459f-aaba-42fb-8a68-90792f4ea7ac,masks_raw/63ea459f-aaba-42fb-8a68-90792f4ea7ac,masks_images/63ea459f-aaba-42fb-8a68-90792f4ea7ac,3dgs/63ea459f-aaba-42fb-8a68-90792f4ea7ac.ply,images-csv/63ea459f-aaba-42fb-8a68-90792f4ea7ac.csv
63eeb5ee-7292-4f53-acf6-66f1f84a6eca,images/63eeb5ee-7292-4f53-acf6-66f1f84a6eca,depth_est/63eeb5ee-7292-4f53-acf6-66f1f84a6eca,depths/63eeb5ee-7292-4f53-acf6-66f1f84a6eca,sparse/63eeb5ee-7292-4f53-acf6-66f1f84a6eca,images_raw/63eeb5ee-7292-4f53-acf6-66f1f84a6eca,masks_raw/63eeb5ee-7292-4f53-acf6-66f1f84a6eca,masks_images/63eeb5ee-7292-4f53-acf6-66f1f84a6eca,3dgs/63eeb5ee-7292-4f53-acf6-66f1f84a6eca.ply,images-csv/63eeb5ee-7292-4f53-acf6-66f1f84a6eca.csv
64193663-0a94-44ef-bdb4-fab6c8b33451,images/64193663-0a94-44ef-bdb4-fab6c8b33451,depth_est/64193663-0a94-44ef-bdb4-fab6c8b33451,,sparse/64193663-0a94-44ef-bdb4-fab6c8b33451,images_raw/64193663-0a94-44ef-bdb4-fab6c8b33451,masks_raw/64193663-0a94-44ef-bdb4-fab6c8b33451,masks_images/64193663-0a94-44ef-bdb4-fab6c8b33451,3dgs/64193663-0a94-44ef-bdb4-fab6c8b33451.ply,images-csv/64193663-0a94-44ef-bdb4-fab6c8b33451.csv
6449d64d-4312-4afe-b6b8-6e3a44ef8da1,images/6449d64d-4312-4afe-b6b8-6e3a44ef8da1,depth_est/6449d64d-4312-4afe-b6b8-6e3a44ef8da1,depths/6449d64d-4312-4afe-b6b8-6e3a44ef8da1,sparse/6449d64d-4312-4afe-b6b8-6e3a44ef8da1,images_raw/6449d64d-4312-4afe-b6b8-6e3a44ef8da1,masks_raw/6449d64d-4312-4afe-b6b8-6e3a44ef8da1,masks_images/6449d64d-4312-4afe-b6b8-6e3a44ef8da1,3dgs/6449d64d-4312-4afe-b6b8-6e3a44ef8da1.ply,images-csv/6449d64d-4312-4afe-b6b8-6e3a44ef8da1.csv
644e7eab-8ac2-4cd2-bf87-4d7817344d8e,images/644e7eab-8ac2-4cd2-bf87-4d7817344d8e,depth_est/644e7eab-8ac2-4cd2-bf87-4d7817344d8e,,sparse/644e7eab-8ac2-4cd2-bf87-4d7817344d8e,images_raw/644e7eab-8ac2-4cd2-bf87-4d7817344d8e,masks_raw/644e7eab-8ac2-4cd2-bf87-4d7817344d8e,masks_images/644e7eab-8ac2-4cd2-bf87-4d7817344d8e,3dgs/644e7eab-8ac2-4cd2-bf87-4d7817344d8e.ply,images-csv/644e7eab-8ac2-4cd2-bf87-4d7817344d8e.csv
6477d1c7-3e6f-4c28-a5a5-950345599808,images/6477d1c7-3e6f-4c28-a5a5-950345599808,depth_est/6477d1c7-3e6f-4c28-a5a5-950345599808,depths/6477d1c7-3e6f-4c28-a5a5-950345599808,sparse/6477d1c7-3e6f-4c28-a5a5-950345599808,images_raw/6477d1c7-3e6f-4c28-a5a5-950345599808,masks_raw/6477d1c7-3e6f-4c28-a5a5-950345599808,masks_images/6477d1c7-3e6f-4c28-a5a5-950345599808,3dgs/6477d1c7-3e6f-4c28-a5a5-950345599808.ply,images-csv/6477d1c7-3e6f-4c28-a5a5-950345599808.csv
6485df2e-6bc1-44f5-bfcd-e7b44ba29146,images/6485df2e-6bc1-44f5-bfcd-e7b44ba29146,depth_est/6485df2e-6bc1-44f5-bfcd-e7b44ba29146,,sparse/6485df2e-6bc1-44f5-bfcd-e7b44ba29146,images_raw/6485df2e-6bc1-44f5-bfcd-e7b44ba29146,masks_raw/6485df2e-6bc1-44f5-bfcd-e7b44ba29146,masks_images/6485df2e-6bc1-44f5-bfcd-e7b44ba29146,3dgs/6485df2e-6bc1-44f5-bfcd-e7b44ba29146.ply,images-csv/6485df2e-6bc1-44f5-bfcd-e7b44ba29146.csv
64e15d21-1181-47ea-8a8d-78a46422582c,images/64e15d21-1181-47ea-8a8d-78a46422582c,depth_est/64e15d21-1181-47ea-8a8d-78a46422582c,depths/64e15d21-1181-47ea-8a8d-78a46422582c,sparse/64e15d21-1181-47ea-8a8d-78a46422582c,images_raw/64e15d21-1181-47ea-8a8d-78a46422582c,masks_raw/64e15d21-1181-47ea-8a8d-78a46422582c,masks_images/64e15d21-1181-47ea-8a8d-78a46422582c,3dgs/64e15d21-1181-47ea-8a8d-78a46422582c.ply,images-csv/64e15d21-1181-47ea-8a8d-78a46422582c.csv
64fd7aa6-1035-47a1-a3fa-2062a7ae72ea,images/64fd7aa6-1035-47a1-a3fa-2062a7ae72ea,depth_est/64fd7aa6-1035-47a1-a3fa-2062a7ae72ea,,sparse/64fd7aa6-1035-47a1-a3fa-2062a7ae72ea,images_raw/64fd7aa6-1035-47a1-a3fa-2062a7ae72ea,masks_raw/64fd7aa6-1035-47a1-a3fa-2062a7ae72ea,masks_images/64fd7aa6-1035-47a1-a3fa-2062a7ae72ea,3dgs/64fd7aa6-1035-47a1-a3fa-2062a7ae72ea.ply,images-csv/64fd7aa6-1035-47a1-a3fa-2062a7ae72ea.csv
6562f66d-a92f-4c7d-87c1-c86fb1d240e0,images/6562f66d-a92f-4c7d-87c1-c86fb1d240e0,depth_est/6562f66d-a92f-4c7d-87c1-c86fb1d240e0,,sparse/6562f66d-a92f-4c7d-87c1-c86fb1d240e0,images_raw/6562f66d-a92f-4c7d-87c1-c86fb1d240e0,masks_raw/6562f66d-a92f-4c7d-87c1-c86fb1d240e0,masks_images/6562f66d-a92f-4c7d-87c1-c86fb1d240e0,3dgs/6562f66d-a92f-4c7d-87c1-c86fb1d240e0.ply,images-csv/6562f66d-a92f-4c7d-87c1-c86fb1d240e0.csv
658f4f2d-5e75-4031-be69-f39cb54706da,images/658f4f2d-5e75-4031-be69-f39cb54706da,depth_est/658f4f2d-5e75-4031-be69-f39cb54706da,,sparse/658f4f2d-5e75-4031-be69-f39cb54706da,images_raw/658f4f2d-5e75-4031-be69-f39cb54706da,masks_raw/658f4f2d-5e75-4031-be69-f39cb54706da,masks_images/658f4f2d-5e75-4031-be69-f39cb54706da,3dgs/658f4f2d-5e75-4031-be69-f39cb54706da.ply,images-csv/658f4f2d-5e75-4031-be69-f39cb54706da.csv
659115a7-08ff-47ac-8c52-c8be0f5c4e2e,images/659115a7-08ff-47ac-8c52-c8be0f5c4e2e,depth_est/659115a7-08ff-47ac-8c52-c8be0f5c4e2e,,sparse/659115a7-08ff-47ac-8c52-c8be0f5c4e2e,images_raw/659115a7-08ff-47ac-8c52-c8be0f5c4e2e,masks_raw/659115a7-08ff-47ac-8c52-c8be0f5c4e2e,masks_images/659115a7-08ff-47ac-8c52-c8be0f5c4e2e,3dgs/659115a7-08ff-47ac-8c52-c8be0f5c4e2e.ply,images-csv/659115a7-08ff-47ac-8c52-c8be0f5c4e2e.csv
659efe14-d592-4e1d-825a-4072e74af178,images/659efe14-d592-4e1d-825a-4072e74af178,depth_est/659efe14-d592-4e1d-825a-4072e74af178,,sparse/659efe14-d592-4e1d-825a-4072e74af178,images_raw/659efe14-d592-4e1d-825a-4072e74af178,masks_raw/659efe14-d592-4e1d-825a-4072e74af178,masks_images/659efe14-d592-4e1d-825a-4072e74af178,3dgs/659efe14-d592-4e1d-825a-4072e74af178.ply,images-csv/659efe14-d592-4e1d-825a-4072e74af178.csv
65b53f29-d666-44e7-b369-036c3c581c4c,images/65b53f29-d666-44e7-b369-036c3c581c4c,depth_est/65b53f29-d666-44e7-b369-036c3c581c4c,depths/65b53f29-d666-44e7-b369-036c3c581c4c,sparse/65b53f29-d666-44e7-b369-036c3c581c4c,images_raw/65b53f29-d666-44e7-b369-036c3c581c4c,masks_raw/65b53f29-d666-44e7-b369-036c3c581c4c,masks_images/65b53f29-d666-44e7-b369-036c3c581c4c,3dgs/65b53f29-d666-44e7-b369-036c3c581c4c.ply,images-csv/65b53f29-d666-44e7-b369-036c3c581c4c.csv
65c9006d-8917-4b0a-9a0d-4bd2e500554f,images/65c9006d-8917-4b0a-9a0d-4bd2e500554f,depth_est/65c9006d-8917-4b0a-9a0d-4bd2e500554f,depths/65c9006d-8917-4b0a-9a0d-4bd2e500554f,sparse/65c9006d-8917-4b0a-9a0d-4bd2e500554f,images_raw/65c9006d-8917-4b0a-9a0d-4bd2e500554f,masks_raw/65c9006d-8917-4b0a-9a0d-4bd2e500554f,masks_images/65c9006d-8917-4b0a-9a0d-4bd2e500554f,3dgs/65c9006d-8917-4b0a-9a0d-4bd2e500554f.ply,images-csv/65c9006d-8917-4b0a-9a0d-4bd2e500554f.csv
66a333cf-6265-4df2-a27a-bb3277e42e0d,images/66a333cf-6265-4df2-a27a-bb3277e42e0d,depth_est/66a333cf-6265-4df2-a27a-bb3277e42e0d,depths/66a333cf-6265-4df2-a27a-bb3277e42e0d,sparse/66a333cf-6265-4df2-a27a-bb3277e42e0d,images_raw/66a333cf-6265-4df2-a27a-bb3277e42e0d,masks_raw/66a333cf-6265-4df2-a27a-bb3277e42e0d,masks_images/66a333cf-6265-4df2-a27a-bb3277e42e0d,3dgs/66a333cf-6265-4df2-a27a-bb3277e42e0d.ply,images-csv/66a333cf-6265-4df2-a27a-bb3277e42e0d.csv
66cd5df0-da64-487f-be53-c7c76ad08d23,images/66cd5df0-da64-487f-be53-c7c76ad08d23,depth_est/66cd5df0-da64-487f-be53-c7c76ad08d23,,sparse/66cd5df0-da64-487f-be53-c7c76ad08d23,images_raw/66cd5df0-da64-487f-be53-c7c76ad08d23,masks_raw/66cd5df0-da64-487f-be53-c7c76ad08d23,masks_images/66cd5df0-da64-487f-be53-c7c76ad08d23,3dgs/66cd5df0-da64-487f-be53-c7c76ad08d23.ply,images-csv/66cd5df0-da64-487f-be53-c7c76ad08d23.csv
6739d290-7420-4ff2-90e8-0edcd142c20f,images/6739d290-7420-4ff2-90e8-0edcd142c20f,depth_est/6739d290-7420-4ff2-90e8-0edcd142c20f,depths/6739d290-7420-4ff2-90e8-0edcd142c20f,sparse/6739d290-7420-4ff2-90e8-0edcd142c20f,images_raw/6739d290-7420-4ff2-90e8-0edcd142c20f,masks_raw/6739d290-7420-4ff2-90e8-0edcd142c20f,masks_images/6739d290-7420-4ff2-90e8-0edcd142c20f,3dgs/6739d290-7420-4ff2-90e8-0edcd142c20f.ply,images-csv/6739d290-7420-4ff2-90e8-0edcd142c20f.csv
67c7757f-1a07-47cc-88b0-616216cd4dba,images/67c7757f-1a07-47cc-88b0-616216cd4dba,depth_est/67c7757f-1a07-47cc-88b0-616216cd4dba,,sparse/67c7757f-1a07-47cc-88b0-616216cd4dba,images_raw/67c7757f-1a07-47cc-88b0-616216cd4dba,masks_raw/67c7757f-1a07-47cc-88b0-616216cd4dba,masks_images/67c7757f-1a07-47cc-88b0-616216cd4dba,3dgs/67c7757f-1a07-47cc-88b0-616216cd4dba.ply,images-csv/67c7757f-1a07-47cc-88b0-616216cd4dba.csv
67e9f8d6-f9d1-4ae7-bdd8-56c1e2124dcf,images/67e9f8d6-f9d1-4ae7-bdd8-56c1e2124dcf,depth_est/67e9f8d6-f9d1-4ae7-bdd8-56c1e2124dcf,,sparse/67e9f8d6-f9d1-4ae7-bdd8-56c1e2124dcf,images_raw/67e9f8d6-f9d1-4ae7-bdd8-56c1e2124dcf,masks_raw/67e9f8d6-f9d1-4ae7-bdd8-56c1e2124dcf,masks_images/67e9f8d6-f9d1-4ae7-bdd8-56c1e2124dcf,3dgs/67e9f8d6-f9d1-4ae7-bdd8-56c1e2124dcf.ply,images-csv/67e9f8d6-f9d1-4ae7-bdd8-56c1e2124dcf.csv
6820322c-d539-4a50-8864-d32cdfed1f89,images/6820322c-d539-4a50-8864-d32cdfed1f89,depth_est/6820322c-d539-4a50-8864-d32cdfed1f89,,sparse/6820322c-d539-4a50-8864-d32cdfed1f89,images_raw/6820322c-d539-4a50-8864-d32cdfed1f89,masks_raw/6820322c-d539-4a50-8864-d32cdfed1f89,masks_images/6820322c-d539-4a50-8864-d32cdfed1f89,3dgs/6820322c-d539-4a50-8864-d32cdfed1f89.ply,images-csv/6820322c-d539-4a50-8864-d32cdfed1f89.csv
682c07dd-9c63-42f9-ae8f-e991a047f4f3,images/682c07dd-9c63-42f9-ae8f-e991a047f4f3,depth_est/682c07dd-9c63-42f9-ae8f-e991a047f4f3,,sparse/682c07dd-9c63-42f9-ae8f-e991a047f4f3,images_raw/682c07dd-9c63-42f9-ae8f-e991a047f4f3,masks_raw/682c07dd-9c63-42f9-ae8f-e991a047f4f3,masks_images/682c07dd-9c63-42f9-ae8f-e991a047f4f3,3dgs/682c07dd-9c63-42f9-ae8f-e991a047f4f3.ply,images-csv/682c07dd-9c63-42f9-ae8f-e991a047f4f3.csv
687f1225-627d-4715-9184-5153c1efb135,images/687f1225-627d-4715-9184-5153c1efb135,depth_est/687f1225-627d-4715-9184-5153c1efb135,depths/687f1225-627d-4715-9184-5153c1efb135,sparse/687f1225-627d-4715-9184-5153c1efb135,images_raw/687f1225-627d-4715-9184-5153c1efb135,masks_raw/687f1225-627d-4715-9184-5153c1efb135,masks_images/687f1225-627d-4715-9184-5153c1efb135,3dgs/687f1225-627d-4715-9184-5153c1efb135.ply,images-csv/687f1225-627d-4715-9184-5153c1efb135.csv
68b41db2-6b2c-4f41-b971-7dbf1926783b,images/68b41db2-6b2c-4f41-b971-7dbf1926783b,depth_est/68b41db2-6b2c-4f41-b971-7dbf1926783b,,sparse/68b41db2-6b2c-4f41-b971-7dbf1926783b,images_raw/68b41db2-6b2c-4f41-b971-7dbf1926783b,masks_raw/68b41db2-6b2c-4f41-b971-7dbf1926783b,masks_images/68b41db2-6b2c-4f41-b971-7dbf1926783b,3dgs/68b41db2-6b2c-4f41-b971-7dbf1926783b.ply,images-csv/68b41db2-6b2c-4f41-b971-7dbf1926783b.csv
68bb97a5-e4f2-47d9-bdb9-02a2d2ff9f41,images/68bb97a5-e4f2-47d9-bdb9-02a2d2ff9f41,depth_est/68bb97a5-e4f2-47d9-bdb9-02a2d2ff9f41,depths/68bb97a5-e4f2-47d9-bdb9-02a2d2ff9f41,sparse/68bb97a5-e4f2-47d9-bdb9-02a2d2ff9f41,images_raw/68bb97a5-e4f2-47d9-bdb9-02a2d2ff9f41,masks_raw/68bb97a5-e4f2-47d9-bdb9-02a2d2ff9f41,masks_images/68bb97a5-e4f2-47d9-bdb9-02a2d2ff9f41,3dgs/68bb97a5-e4f2-47d9-bdb9-02a2d2ff9f41.ply,images-csv/68bb97a5-e4f2-47d9-bdb9-02a2d2ff9f41.csv
68c9ca3f-e13b-412b-9aad-684dac71210f,images/68c9ca3f-e13b-412b-9aad-684dac71210f,depth_est/68c9ca3f-e13b-412b-9aad-684dac71210f,,sparse/68c9ca3f-e13b-412b-9aad-684dac71210f,images_raw/68c9ca3f-e13b-412b-9aad-684dac71210f,masks_raw/68c9ca3f-e13b-412b-9aad-684dac71210f,masks_images/68c9ca3f-e13b-412b-9aad-684dac71210f,3dgs/68c9ca3f-e13b-412b-9aad-684dac71210f.ply,images-csv/68c9ca3f-e13b-412b-9aad-684dac71210f.csv
68dca829-0c9c-4967-9e94-2033059390ce,images/68dca829-0c9c-4967-9e94-2033059390ce,depth_est/68dca829-0c9c-4967-9e94-2033059390ce,,sparse/68dca829-0c9c-4967-9e94-2033059390ce,images_raw/68dca829-0c9c-4967-9e94-2033059390ce,masks_raw/68dca829-0c9c-4967-9e94-2033059390ce,masks_images/68dca829-0c9c-4967-9e94-2033059390ce,3dgs/68dca829-0c9c-4967-9e94-2033059390ce.ply,images-csv/68dca829-0c9c-4967-9e94-2033059390ce.csv
68dd6f98-59c9-40b0-bf85-b14bf1a51db9,images/68dd6f98-59c9-40b0-bf85-b14bf1a51db9,depth_est/68dd6f98-59c9-40b0-bf85-b14bf1a51db9,depths/68dd6f98-59c9-40b0-bf85-b14bf1a51db9,sparse/68dd6f98-59c9-40b0-bf85-b14bf1a51db9,images_raw/68dd6f98-59c9-40b0-bf85-b14bf1a51db9,masks_raw/68dd6f98-59c9-40b0-bf85-b14bf1a51db9,masks_images/68dd6f98-59c9-40b0-bf85-b14bf1a51db9,3dgs/68dd6f98-59c9-40b0-bf85-b14bf1a51db9.ply,images-csv/68dd6f98-59c9-40b0-bf85-b14bf1a51db9.csv
692016dc-d381-4308-9c23-7342c963932e,images/692016dc-d381-4308-9c23-7342c963932e,depth_est/692016dc-d381-4308-9c23-7342c963932e,depths/692016dc-d381-4308-9c23-7342c963932e,sparse/692016dc-d381-4308-9c23-7342c963932e,images_raw/692016dc-d381-4308-9c23-7342c963932e,masks_raw/692016dc-d381-4308-9c23-7342c963932e,masks_images/692016dc-d381-4308-9c23-7342c963932e,3dgs/692016dc-d381-4308-9c23-7342c963932e.ply,images-csv/692016dc-d381-4308-9c23-7342c963932e.csv
694aed17-a74c-4fc7-96a0-31812065dadf,images/694aed17-a74c-4fc7-96a0-31812065dadf,depth_est/694aed17-a74c-4fc7-96a0-31812065dadf,depths/694aed17-a74c-4fc7-96a0-31812065dadf,sparse/694aed17-a74c-4fc7-96a0-31812065dadf,images_raw/694aed17-a74c-4fc7-96a0-31812065dadf,masks_raw/694aed17-a74c-4fc7-96a0-31812065dadf,masks_images/694aed17-a74c-4fc7-96a0-31812065dadf,3dgs/694aed17-a74c-4fc7-96a0-31812065dadf.ply,images-csv/694aed17-a74c-4fc7-96a0-31812065dadf.csv
695843e5-ceb8-4113-947a-e482cd8a16e0,images/695843e5-ceb8-4113-947a-e482cd8a16e0,depth_est/695843e5-ceb8-4113-947a-e482cd8a16e0,depths/695843e5-ceb8-4113-947a-e482cd8a16e0,sparse/695843e5-ceb8-4113-947a-e482cd8a16e0,images_raw/695843e5-ceb8-4113-947a-e482cd8a16e0,masks_raw/695843e5-ceb8-4113-947a-e482cd8a16e0,masks_images/695843e5-ceb8-4113-947a-e482cd8a16e0,3dgs/695843e5-ceb8-4113-947a-e482cd8a16e0.ply,images-csv/695843e5-ceb8-4113-947a-e482cd8a16e0.csv
6974be50-48e8-4190-b585-d9a07f95dc5f,images/6974be50-48e8-4190-b585-d9a07f95dc5f,depth_est/6974be50-48e8-4190-b585-d9a07f95dc5f,depths/6974be50-48e8-4190-b585-d9a07f95dc5f,sparse/6974be50-48e8-4190-b585-d9a07f95dc5f,images_raw/6974be50-48e8-4190-b585-d9a07f95dc5f,masks_raw/6974be50-48e8-4190-b585-d9a07f95dc5f,masks_images/6974be50-48e8-4190-b585-d9a07f95dc5f,3dgs/6974be50-48e8-4190-b585-d9a07f95dc5f.ply,images-csv/6974be50-48e8-4190-b585-d9a07f95dc5f.csv
697b47f3-1a0e-4794-a00d-41b481051c4f,images/697b47f3-1a0e-4794-a00d-41b481051c4f,depth_est/697b47f3-1a0e-4794-a00d-41b481051c4f,,sparse/697b47f3-1a0e-4794-a00d-41b481051c4f,images_raw/697b47f3-1a0e-4794-a00d-41b481051c4f,masks_raw/697b47f3-1a0e-4794-a00d-41b481051c4f,masks_images/697b47f3-1a0e-4794-a00d-41b481051c4f,3dgs/697b47f3-1a0e-4794-a00d-41b481051c4f.ply,images-csv/697b47f3-1a0e-4794-a00d-41b481051c4f.csv
69d8adab-aa77-4d22-804f-ccf58368fb25,images/69d8adab-aa77-4d22-804f-ccf58368fb25,depth_est/69d8adab-aa77-4d22-804f-ccf58368fb25,,sparse/69d8adab-aa77-4d22-804f-ccf58368fb25,images_raw/69d8adab-aa77-4d22-804f-ccf58368fb25,masks_raw/69d8adab-aa77-4d22-804f-ccf58368fb25,masks_images/69d8adab-aa77-4d22-804f-ccf58368fb25,3dgs/69d8adab-aa77-4d22-804f-ccf58368fb25.ply,images-csv/69d8adab-aa77-4d22-804f-ccf58368fb25.csv
6a4091f0-92f5-4104-bf77-78437a66d0a9,images/6a4091f0-92f5-4104-bf77-78437a66d0a9,depth_est/6a4091f0-92f5-4104-bf77-78437a66d0a9,depths/6a4091f0-92f5-4104-bf77-78437a66d0a9,sparse/6a4091f0-92f5-4104-bf77-78437a66d0a9,images_raw/6a4091f0-92f5-4104-bf77-78437a66d0a9,masks_raw/6a4091f0-92f5-4104-bf77-78437a66d0a9,masks_images/6a4091f0-92f5-4104-bf77-78437a66d0a9,3dgs/6a4091f0-92f5-4104-bf77-78437a66d0a9.ply,images-csv/6a4091f0-92f5-4104-bf77-78437a66d0a9.csv
6a8cd309-2d1d-4bf0-a290-23a222d8a4a3,images/6a8cd309-2d1d-4bf0-a290-23a222d8a4a3,depth_est/6a8cd309-2d1d-4bf0-a290-23a222d8a4a3,depths/6a8cd309-2d1d-4bf0-a290-23a222d8a4a3,sparse/6a8cd309-2d1d-4bf0-a290-23a222d8a4a3,images_raw/6a8cd309-2d1d-4bf0-a290-23a222d8a4a3,masks_raw/6a8cd309-2d1d-4bf0-a290-23a222d8a4a3,masks_images/6a8cd309-2d1d-4bf0-a290-23a222d8a4a3,3dgs/6a8cd309-2d1d-4bf0-a290-23a222d8a4a3.ply,images-csv/6a8cd309-2d1d-4bf0-a290-23a222d8a4a3.csv
6ae18f89-84d8-40f1-9e53-ca0215fb8292,images/6ae18f89-84d8-40f1-9e53-ca0215fb8292,depth_est/6ae18f89-84d8-40f1-9e53-ca0215fb8292,,sparse/6ae18f89-84d8-40f1-9e53-ca0215fb8292,images_raw/6ae18f89-84d8-40f1-9e53-ca0215fb8292,masks_raw/6ae18f89-84d8-40f1-9e53-ca0215fb8292,masks_images/6ae18f89-84d8-40f1-9e53-ca0215fb8292,3dgs/6ae18f89-84d8-40f1-9e53-ca0215fb8292.ply,images-csv/6ae18f89-84d8-40f1-9e53-ca0215fb8292.csv
6b354e1b-edd5-4fc8-828e-e627324d4f01,images/6b354e1b-edd5-4fc8-828e-e627324d4f01,depth_est/6b354e1b-edd5-4fc8-828e-e627324d4f01,,sparse/6b354e1b-edd5-4fc8-828e-e627324d4f01,images_raw/6b354e1b-edd5-4fc8-828e-e627324d4f01,masks_raw/6b354e1b-edd5-4fc8-828e-e627324d4f01,masks_images/6b354e1b-edd5-4fc8-828e-e627324d4f01,3dgs/6b354e1b-edd5-4fc8-828e-e627324d4f01.ply,images-csv/6b354e1b-edd5-4fc8-828e-e627324d4f01.csv
6b9a2203-6d86-46fa-99bb-6b3f2c4ca2a1,images/6b9a2203-6d86-46fa-99bb-6b3f2c4ca2a1,depth_est/6b9a2203-6d86-46fa-99bb-6b3f2c4ca2a1,depths/6b9a2203-6d86-46fa-99bb-6b3f2c4ca2a1,sparse/6b9a2203-6d86-46fa-99bb-6b3f2c4ca2a1,images_raw/6b9a2203-6d86-46fa-99bb-6b3f2c4ca2a1,masks_raw/6b9a2203-6d86-46fa-99bb-6b3f2c4ca2a1,masks_images/6b9a2203-6d86-46fa-99bb-6b3f2c4ca2a1,3dgs/6b9a2203-6d86-46fa-99bb-6b3f2c4ca2a1.ply,images-csv/6b9a2203-6d86-46fa-99bb-6b3f2c4ca2a1.csv
6bd65870-08a5-409b-adc7-5014a56667f5,images/6bd65870-08a5-409b-adc7-5014a56667f5,depth_est/6bd65870-08a5-409b-adc7-5014a56667f5,depths/6bd65870-08a5-409b-adc7-5014a56667f5,sparse/6bd65870-08a5-409b-adc7-5014a56667f5,images_raw/6bd65870-08a5-409b-adc7-5014a56667f5,masks_raw/6bd65870-08a5-409b-adc7-5014a56667f5,masks_images/6bd65870-08a5-409b-adc7-5014a56667f5,3dgs/6bd65870-08a5-409b-adc7-5014a56667f5.ply,images-csv/6bd65870-08a5-409b-adc7-5014a56667f5.csv
6bef04c5-2ce7-4224-9698-64492dcbdc3a,images/6bef04c5-2ce7-4224-9698-64492dcbdc3a,depth_est/6bef04c5-2ce7-4224-9698-64492dcbdc3a,,sparse/6bef04c5-2ce7-4224-9698-64492dcbdc3a,images_raw/6bef04c5-2ce7-4224-9698-64492dcbdc3a,masks_raw/6bef04c5-2ce7-4224-9698-64492dcbdc3a,masks_images/6bef04c5-2ce7-4224-9698-64492dcbdc3a,3dgs/6bef04c5-2ce7-4224-9698-64492dcbdc3a.ply,images-csv/6bef04c5-2ce7-4224-9698-64492dcbdc3a.csv
6c6d7f28-f689-42af-8319-a3b6cc176b49,images/6c6d7f28-f689-42af-8319-a3b6cc176b49,depth_est/6c6d7f28-f689-42af-8319-a3b6cc176b49,,sparse/6c6d7f28-f689-42af-8319-a3b6cc176b49,images_raw/6c6d7f28-f689-42af-8319-a3b6cc176b49,masks_raw/6c6d7f28-f689-42af-8319-a3b6cc176b49,masks_images/6c6d7f28-f689-42af-8319-a3b6cc176b49,3dgs/6c6d7f28-f689-42af-8319-a3b6cc176b49.ply,images-csv/6c6d7f28-f689-42af-8319-a3b6cc176b49.csv
6ce6d42f-f8de-4e3a-8453-8d160094865b,images/6ce6d42f-f8de-4e3a-8453-8d160094865b,depth_est/6ce6d42f-f8de-4e3a-8453-8d160094865b,depths/6ce6d42f-f8de-4e3a-8453-8d160094865b,sparse/6ce6d42f-f8de-4e3a-8453-8d160094865b,images_raw/6ce6d42f-f8de-4e3a-8453-8d160094865b,masks_raw/6ce6d42f-f8de-4e3a-8453-8d160094865b,masks_images/6ce6d42f-f8de-4e3a-8453-8d160094865b,3dgs/6ce6d42f-f8de-4e3a-8453-8d160094865b.ply,images-csv/6ce6d42f-f8de-4e3a-8453-8d160094865b.csv
6d04946e-7b46-464e-a7bd-dbf1a10f0f67,images/6d04946e-7b46-464e-a7bd-dbf1a10f0f67,depth_est/6d04946e-7b46-464e-a7bd-dbf1a10f0f67,,sparse/6d04946e-7b46-464e-a7bd-dbf1a10f0f67,images_raw/6d04946e-7b46-464e-a7bd-dbf1a10f0f67,masks_raw/6d04946e-7b46-464e-a7bd-dbf1a10f0f67,masks_images/6d04946e-7b46-464e-a7bd-dbf1a10f0f67,3dgs/6d04946e-7b46-464e-a7bd-dbf1a10f0f67.ply,images-csv/6d04946e-7b46-464e-a7bd-dbf1a10f0f67.csv
6d89720f-2535-4471-9016-6ad832c917df,images/6d89720f-2535-4471-9016-6ad832c917df,depth_est/6d89720f-2535-4471-9016-6ad832c917df,,sparse/6d89720f-2535-4471-9016-6ad832c917df,images_raw/6d89720f-2535-4471-9016-6ad832c917df,masks_raw/6d89720f-2535-4471-9016-6ad832c917df,masks_images/6d89720f-2535-4471-9016-6ad832c917df,3dgs/6d89720f-2535-4471-9016-6ad832c917df.ply,images-csv/6d89720f-2535-4471-9016-6ad832c917df.csv
6dcff26a-ed5d-46c0-b78c-c8af7124dc03,images/6dcff26a-ed5d-46c0-b78c-c8af7124dc03,depth_est/6dcff26a-ed5d-46c0-b78c-c8af7124dc03,,sparse/6dcff26a-ed5d-46c0-b78c-c8af7124dc03,images_raw/6dcff26a-ed5d-46c0-b78c-c8af7124dc03,masks_raw/6dcff26a-ed5d-46c0-b78c-c8af7124dc03,masks_images/6dcff26a-ed5d-46c0-b78c-c8af7124dc03,3dgs/6dcff26a-ed5d-46c0-b78c-c8af7124dc03.ply,images-csv/6dcff26a-ed5d-46c0-b78c-c8af7124dc03.csv
6de98bdf-ec51-4363-820c-bb7b25abf75e,images/6de98bdf-ec51-4363-820c-bb7b25abf75e,depth_est/6de98bdf-ec51-4363-820c-bb7b25abf75e,depths/6de98bdf-ec51-4363-820c-bb7b25abf75e,sparse/6de98bdf-ec51-4363-820c-bb7b25abf75e,images_raw/6de98bdf-ec51-4363-820c-bb7b25abf75e,masks_raw/6de98bdf-ec51-4363-820c-bb7b25abf75e,masks_images/6de98bdf-ec51-4363-820c-bb7b25abf75e,3dgs/6de98bdf-ec51-4363-820c-bb7b25abf75e.ply,images-csv/6de98bdf-ec51-4363-820c-bb7b25abf75e.csv
6e1e6ff5-e937-4260-973b-31c628569661,images/6e1e6ff5-e937-4260-973b-31c628569661,depth_est/6e1e6ff5-e937-4260-973b-31c628569661,depths/6e1e6ff5-e937-4260-973b-31c628569661,sparse/6e1e6ff5-e937-4260-973b-31c628569661,images_raw/6e1e6ff5-e937-4260-973b-31c628569661,masks_raw/6e1e6ff5-e937-4260-973b-31c628569661,masks_images/6e1e6ff5-e937-4260-973b-31c628569661,3dgs/6e1e6ff5-e937-4260-973b-31c628569661.ply,images-csv/6e1e6ff5-e937-4260-973b-31c628569661.csv
6e216b8c-6279-4f72-8d71-80fa28d5699f,images/6e216b8c-6279-4f72-8d71-80fa28d5699f,depth_est/6e216b8c-6279-4f72-8d71-80fa28d5699f,,sparse/6e216b8c-6279-4f72-8d71-80fa28d5699f,images_raw/6e216b8c-6279-4f72-8d71-80fa28d5699f,masks_raw/6e216b8c-6279-4f72-8d71-80fa28d5699f,masks_images/6e216b8c-6279-4f72-8d71-80fa28d5699f,3dgs/6e216b8c-6279-4f72-8d71-80fa28d5699f.ply,images-csv/6e216b8c-6279-4f72-8d71-80fa28d5699f.csv
6e7ab20c-2003-4fc0-9c6e-08f0db259a3c,images/6e7ab20c-2003-4fc0-9c6e-08f0db259a3c,depth_est/6e7ab20c-2003-4fc0-9c6e-08f0db259a3c,depths/6e7ab20c-2003-4fc0-9c6e-08f0db259a3c,sparse/6e7ab20c-2003-4fc0-9c6e-08f0db259a3c,images_raw/6e7ab20c-2003-4fc0-9c6e-08f0db259a3c,masks_raw/6e7ab20c-2003-4fc0-9c6e-08f0db259a3c,masks_images/6e7ab20c-2003-4fc0-9c6e-08f0db259a3c,3dgs/6e7ab20c-2003-4fc0-9c6e-08f0db259a3c.ply,images-csv/6e7ab20c-2003-4fc0-9c6e-08f0db259a3c.csv
6e9b4ca8-7b40-4a4f-bca6-2aa221d65c42,images/6e9b4ca8-7b40-4a4f-bca6-2aa221d65c42,depth_est/6e9b4ca8-7b40-4a4f-bca6-2aa221d65c42,,sparse/6e9b4ca8-7b40-4a4f-bca6-2aa221d65c42,images_raw/6e9b4ca8-7b40-4a4f-bca6-2aa221d65c42,masks_raw/6e9b4ca8-7b40-4a4f-bca6-2aa221d65c42,masks_images/6e9b4ca8-7b40-4a4f-bca6-2aa221d65c42,3dgs/6e9b4ca8-7b40-4a4f-bca6-2aa221d65c42.ply,images-csv/6e9b4ca8-7b40-4a4f-bca6-2aa221d65c42.csv
6eee9094-8af0-4bc8-85b3-2985b35ad1c0,images/6eee9094-8af0-4bc8-85b3-2985b35ad1c0,depth_est/6eee9094-8af0-4bc8-85b3-2985b35ad1c0,,sparse/6eee9094-8af0-4bc8-85b3-2985b35ad1c0,images_raw/6eee9094-8af0-4bc8-85b3-2985b35ad1c0,masks_raw/6eee9094-8af0-4bc8-85b3-2985b35ad1c0,masks_images/6eee9094-8af0-4bc8-85b3-2985b35ad1c0,3dgs/6eee9094-8af0-4bc8-85b3-2985b35ad1c0.ply,images-csv/6eee9094-8af0-4bc8-85b3-2985b35ad1c0.csv
6f127a6d-e0b0-401a-9d96-b722c43568e0,images/6f127a6d-e0b0-401a-9d96-b722c43568e0,depth_est/6f127a6d-e0b0-401a-9d96-b722c43568e0,,sparse/6f127a6d-e0b0-401a-9d96-b722c43568e0,images_raw/6f127a6d-e0b0-401a-9d96-b722c43568e0,masks_raw/6f127a6d-e0b0-401a-9d96-b722c43568e0,masks_images/6f127a6d-e0b0-401a-9d96-b722c43568e0,3dgs/6f127a6d-e0b0-401a-9d96-b722c43568e0.ply,images-csv/6f127a6d-e0b0-401a-9d96-b722c43568e0.csv
6f5e8a9f-0d74-453d-8f13-3bc0a5d1ae30,images/6f5e8a9f-0d74-453d-8f13-3bc0a5d1ae30,depth_est/6f5e8a9f-0d74-453d-8f13-3bc0a5d1ae30,,sparse/6f5e8a9f-0d74-453d-8f13-3bc0a5d1ae30,images_raw/6f5e8a9f-0d74-453d-8f13-3bc0a5d1ae30,masks_raw/6f5e8a9f-0d74-453d-8f13-3bc0a5d1ae30,masks_images/6f5e8a9f-0d74-453d-8f13-3bc0a5d1ae30,3dgs/6f5e8a9f-0d74-453d-8f13-3bc0a5d1ae30.ply,images-csv/6f5e8a9f-0d74-453d-8f13-3bc0a5d1ae30.csv
6fc0eef8-19a6-44be-a890-9988493fcf08,images/6fc0eef8-19a6-44be-a890-9988493fcf08,depth_est/6fc0eef8-19a6-44be-a890-9988493fcf08,depths/6fc0eef8-19a6-44be-a890-9988493fcf08,sparse/6fc0eef8-19a6-44be-a890-9988493fcf08,images_raw/6fc0eef8-19a6-44be-a890-9988493fcf08,masks_raw/6fc0eef8-19a6-44be-a890-9988493fcf08,masks_images/6fc0eef8-19a6-44be-a890-9988493fcf08,3dgs/6fc0eef8-19a6-44be-a890-9988493fcf08.ply,images-csv/6fc0eef8-19a6-44be-a890-9988493fcf08.csv
700be9df-0b47-4146-b2a2-cf4964d9297d,images/700be9df-0b47-4146-b2a2-cf4964d9297d,depth_est/700be9df-0b47-4146-b2a2-cf4964d9297d,,sparse/700be9df-0b47-4146-b2a2-cf4964d9297d,images_raw/700be9df-0b47-4146-b2a2-cf4964d9297d,masks_raw/700be9df-0b47-4146-b2a2-cf4964d9297d,masks_images/700be9df-0b47-4146-b2a2-cf4964d9297d,3dgs/700be9df-0b47-4146-b2a2-cf4964d9297d.ply,images-csv/700be9df-0b47-4146-b2a2-cf4964d9297d.csv
7010f1f7-4997-4693-a433-d91d9f8eb840,images/7010f1f7-4997-4693-a433-d91d9f8eb840,depth_est/7010f1f7-4997-4693-a433-d91d9f8eb840,depths/7010f1f7-4997-4693-a433-d91d9f8eb840,sparse/7010f1f7-4997-4693-a433-d91d9f8eb840,images_raw/7010f1f7-4997-4693-a433-d91d9f8eb840,masks_raw/7010f1f7-4997-4693-a433-d91d9f8eb840,masks_images/7010f1f7-4997-4693-a433-d91d9f8eb840,3dgs/7010f1f7-4997-4693-a433-d91d9f8eb840.ply,images-csv/7010f1f7-4997-4693-a433-d91d9f8eb840.csv
70dbdca8-3ade-4a68-bd95-bd3189941a12,images/70dbdca8-3ade-4a68-bd95-bd3189941a12,depth_est/70dbdca8-3ade-4a68-bd95-bd3189941a12,depths/70dbdca8-3ade-4a68-bd95-bd3189941a12,sparse/70dbdca8-3ade-4a68-bd95-bd3189941a12,images_raw/70dbdca8-3ade-4a68-bd95-bd3189941a12,masks_raw/70dbdca8-3ade-4a68-bd95-bd3189941a12,masks_images/70dbdca8-3ade-4a68-bd95-bd3189941a12,3dgs/70dbdca8-3ade-4a68-bd95-bd3189941a12.ply,images-csv/70dbdca8-3ade-4a68-bd95-bd3189941a12.csv
7116c528-fb4e-45f9-8822-8ad9fbd4b4ba,images/7116c528-fb4e-45f9-8822-8ad9fbd4b4ba,depth_est/7116c528-fb4e-45f9-8822-8ad9fbd4b4ba,depths/7116c528-fb4e-45f9-8822-8ad9fbd4b4ba,sparse/7116c528-fb4e-45f9-8822-8ad9fbd4b4ba,images_raw/7116c528-fb4e-45f9-8822-8ad9fbd4b4ba,masks_raw/7116c528-fb4e-45f9-8822-8ad9fbd4b4ba,masks_images/7116c528-fb4e-45f9-8822-8ad9fbd4b4ba,3dgs/7116c528-fb4e-45f9-8822-8ad9fbd4b4ba.ply,images-csv/7116c528-fb4e-45f9-8822-8ad9fbd4b4ba.csv
714f7df0-7bfb-4e97-b846-d612ec6fe7e2,images/714f7df0-7bfb-4e97-b846-d612ec6fe7e2,depth_est/714f7df0-7bfb-4e97-b846-d612ec6fe7e2,depths/714f7df0-7bfb-4e97-b846-d612ec6fe7e2,sparse/714f7df0-7bfb-4e97-b846-d612ec6fe7e2,images_raw/714f7df0-7bfb-4e97-b846-d612ec6fe7e2,masks_raw/714f7df0-7bfb-4e97-b846-d612ec6fe7e2,masks_images/714f7df0-7bfb-4e97-b846-d612ec6fe7e2,3dgs/714f7df0-7bfb-4e97-b846-d612ec6fe7e2.ply,images-csv/714f7df0-7bfb-4e97-b846-d612ec6fe7e2.csv
7160c0f2-f23a-4b26-972e-7adb466d2f8b,images/7160c0f2-f23a-4b26-972e-7adb466d2f8b,depth_est/7160c0f2-f23a-4b26-972e-7adb466d2f8b,depths/7160c0f2-f23a-4b26-972e-7adb466d2f8b,sparse/7160c0f2-f23a-4b26-972e-7adb466d2f8b,images_raw/7160c0f2-f23a-4b26-972e-7adb466d2f8b,masks_raw/7160c0f2-f23a-4b26-972e-7adb466d2f8b,masks_images/7160c0f2-f23a-4b26-972e-7adb466d2f8b,3dgs/7160c0f2-f23a-4b26-972e-7adb466d2f8b.ply,images-csv/7160c0f2-f23a-4b26-972e-7adb466d2f8b.csv
71afdbdd-e844-4d08-8c0a-3fd02505023d,images/71afdbdd-e844-4d08-8c0a-3fd02505023d,depth_est/71afdbdd-e844-4d08-8c0a-3fd02505023d,depths/71afdbdd-e844-4d08-8c0a-3fd02505023d,sparse/71afdbdd-e844-4d08-8c0a-3fd02505023d,images_raw/71afdbdd-e844-4d08-8c0a-3fd02505023d,masks_raw/71afdbdd-e844-4d08-8c0a-3fd02505023d,masks_images/71afdbdd-e844-4d08-8c0a-3fd02505023d,3dgs/71afdbdd-e844-4d08-8c0a-3fd02505023d.ply,images-csv/71afdbdd-e844-4d08-8c0a-3fd02505023d.csv
71c1a9c2-0a90-474c-92bb-3165789596ab,images/71c1a9c2-0a90-474c-92bb-3165789596ab,depth_est/71c1a9c2-0a90-474c-92bb-3165789596ab,,sparse/71c1a9c2-0a90-474c-92bb-3165789596ab,images_raw/71c1a9c2-0a90-474c-92bb-3165789596ab,masks_raw/71c1a9c2-0a90-474c-92bb-3165789596ab,masks_images/71c1a9c2-0a90-474c-92bb-3165789596ab,3dgs/71c1a9c2-0a90-474c-92bb-3165789596ab.ply,images-csv/71c1a9c2-0a90-474c-92bb-3165789596ab.csv
72217f1d-a678-4154-98eb-29be4547b236,images/72217f1d-a678-4154-98eb-29be4547b236,depth_est/72217f1d-a678-4154-98eb-29be4547b236,depths/72217f1d-a678-4154-98eb-29be4547b236,sparse/72217f1d-a678-4154-98eb-29be4547b236,images_raw/72217f1d-a678-4154-98eb-29be4547b236,masks_raw/72217f1d-a678-4154-98eb-29be4547b236,masks_images/72217f1d-a678-4154-98eb-29be4547b236,3dgs/72217f1d-a678-4154-98eb-29be4547b236.ply,images-csv/72217f1d-a678-4154-98eb-29be4547b236.csv
728a97bf-10d1-4900-9bbd-d338e60f4da2,images/728a97bf-10d1-4900-9bbd-d338e60f4da2,depth_est/728a97bf-10d1-4900-9bbd-d338e60f4da2,,sparse/728a97bf-10d1-4900-9bbd-d338e60f4da2,images_raw/728a97bf-10d1-4900-9bbd-d338e60f4da2,masks_raw/728a97bf-10d1-4900-9bbd-d338e60f4da2,masks_images/728a97bf-10d1-4900-9bbd-d338e60f4da2,3dgs/728a97bf-10d1-4900-9bbd-d338e60f4da2.ply,images-csv/728a97bf-10d1-4900-9bbd-d338e60f4da2.csv
7292c67c-1071-41ac-9530-75bacbe8db45,images/7292c67c-1071-41ac-9530-75bacbe8db45,depth_est/7292c67c-1071-41ac-9530-75bacbe8db45,depths/7292c67c-1071-41ac-9530-75bacbe8db45,sparse/7292c67c-1071-41ac-9530-75bacbe8db45,images_raw/7292c67c-1071-41ac-9530-75bacbe8db45,masks_raw/7292c67c-1071-41ac-9530-75bacbe8db45,masks_images/7292c67c-1071-41ac-9530-75bacbe8db45,3dgs/7292c67c-1071-41ac-9530-75bacbe8db45.ply,images-csv/7292c67c-1071-41ac-9530-75bacbe8db45.csv
72af8c20-7394-428f-9fbb-1295d24e92f6,images/72af8c20-7394-428f-9fbb-1295d24e92f6,depth_est/72af8c20-7394-428f-9fbb-1295d24e92f6,,sparse/72af8c20-7394-428f-9fbb-1295d24e92f6,images_raw/72af8c20-7394-428f-9fbb-1295d24e92f6,masks_raw/72af8c20-7394-428f-9fbb-1295d24e92f6,masks_images/72af8c20-7394-428f-9fbb-1295d24e92f6,3dgs/72af8c20-7394-428f-9fbb-1295d24e92f6.ply,images-csv/72af8c20-7394-428f-9fbb-1295d24e92f6.csv
72b29a8d-2af4-496d-b339-6cd30c89ec22,images/72b29a8d-2af4-496d-b339-6cd30c89ec22,depth_est/72b29a8d-2af4-496d-b339-6cd30c89ec22,,sparse/72b29a8d-2af4-496d-b339-6cd30c89ec22,images_raw/72b29a8d-2af4-496d-b339-6cd30c89ec22,masks_raw/72b29a8d-2af4-496d-b339-6cd30c89ec22,masks_images/72b29a8d-2af4-496d-b339-6cd30c89ec22,3dgs/72b29a8d-2af4-496d-b339-6cd30c89ec22.ply,images-csv/72b29a8d-2af4-496d-b339-6cd30c89ec22.csv
72d2dbe6-12fc-4f0b-9f18-1f0d129f298a,images/72d2dbe6-12fc-4f0b-9f18-1f0d129f298a,depth_est/72d2dbe6-12fc-4f0b-9f18-1f0d129f298a,depths/72d2dbe6-12fc-4f0b-9f18-1f0d129f298a,sparse/72d2dbe6-12fc-4f0b-9f18-1f0d129f298a,images_raw/72d2dbe6-12fc-4f0b-9f18-1f0d129f298a,masks_raw/72d2dbe6-12fc-4f0b-9f18-1f0d129f298a,masks_images/72d2dbe6-12fc-4f0b-9f18-1f0d129f298a,3dgs/72d2dbe6-12fc-4f0b-9f18-1f0d129f298a.ply,images-csv/72d2dbe6-12fc-4f0b-9f18-1f0d129f298a.csv
72ec2e15-d790-47bc-8f29-1a577050f60b,images/72ec2e15-d790-47bc-8f29-1a577050f60b,depth_est/72ec2e15-d790-47bc-8f29-1a577050f60b,,sparse/72ec2e15-d790-47bc-8f29-1a577050f60b,images_raw/72ec2e15-d790-47bc-8f29-1a577050f60b,masks_raw/72ec2e15-d790-47bc-8f29-1a577050f60b,masks_images/72ec2e15-d790-47bc-8f29-1a577050f60b,3dgs/72ec2e15-d790-47bc-8f29-1a577050f60b.ply,images-csv/72ec2e15-d790-47bc-8f29-1a577050f60b.csv
7338c07b-a19a-4a59-a1b4-2ec3d9088799,images/7338c07b-a19a-4a59-a1b4-2ec3d9088799,depth_est/7338c07b-a19a-4a59-a1b4-2ec3d9088799,depths/7338c07b-a19a-4a59-a1b4-2ec3d9088799,sparse/7338c07b-a19a-4a59-a1b4-2ec3d9088799,images_raw/7338c07b-a19a-4a59-a1b4-2ec3d9088799,masks_raw/7338c07b-a19a-4a59-a1b4-2ec3d9088799,masks_images/7338c07b-a19a-4a59-a1b4-2ec3d9088799,3dgs/7338c07b-a19a-4a59-a1b4-2ec3d9088799.ply,images-csv/7338c07b-a19a-4a59-a1b4-2ec3d9088799.csv
738632d6-2a76-4cc9-9738-782ad9ec9a78,images/738632d6-2a76-4cc9-9738-782ad9ec9a78,depth_est/738632d6-2a76-4cc9-9738-782ad9ec9a78,depths/738632d6-2a76-4cc9-9738-782ad9ec9a78,sparse/738632d6-2a76-4cc9-9738-782ad9ec9a78,images_raw/738632d6-2a76-4cc9-9738-782ad9ec9a78,masks_raw/738632d6-2a76-4cc9-9738-782ad9ec9a78,masks_images/738632d6-2a76-4cc9-9738-782ad9ec9a78,3dgs/738632d6-2a76-4cc9-9738-782ad9ec9a78.ply,images-csv/738632d6-2a76-4cc9-9738-782ad9ec9a78.csv
73d37a89-5713-4976-bc28-470d24c285b8,images/73d37a89-5713-4976-bc28-470d24c285b8,depth_est/73d37a89-5713-4976-bc28-470d24c285b8,,sparse/73d37a89-5713-4976-bc28-470d24c285b8,images_raw/73d37a89-5713-4976-bc28-470d24c285b8,masks_raw/73d37a89-5713-4976-bc28-470d24c285b8,masks_images/73d37a89-5713-4976-bc28-470d24c285b8,3dgs/73d37a89-5713-4976-bc28-470d24c285b8.ply,images-csv/73d37a89-5713-4976-bc28-470d24c285b8.csv
74099414-ba09-4c8f-a4f3-f6a3ee6ed172,images/74099414-ba09-4c8f-a4f3-f6a3ee6ed172,depth_est/74099414-ba09-4c8f-a4f3-f6a3ee6ed172,depths/74099414-ba09-4c8f-a4f3-f6a3ee6ed172,sparse/74099414-ba09-4c8f-a4f3-f6a3ee6ed172,images_raw/74099414-ba09-4c8f-a4f3-f6a3ee6ed172,masks_raw/74099414-ba09-4c8f-a4f3-f6a3ee6ed172,masks_images/74099414-ba09-4c8f-a4f3-f6a3ee6ed172,3dgs/74099414-ba09-4c8f-a4f3-f6a3ee6ed172.ply,images-csv/74099414-ba09-4c8f-a4f3-f6a3ee6ed172.csv
7415cce3-25ed-4687-815d-4646b0fea996,images/7415cce3-25ed-4687-815d-4646b0fea996,depth_est/7415cce3-25ed-4687-815d-4646b0fea996,,sparse/7415cce3-25ed-4687-815d-4646b0fea996,images_raw/7415cce3-25ed-4687-815d-4646b0fea996,masks_raw/7415cce3-25ed-4687-815d-4646b0fea996,masks_images/7415cce3-25ed-4687-815d-4646b0fea996,3dgs/7415cce3-25ed-4687-815d-4646b0fea996.ply,images-csv/7415cce3-25ed-4687-815d-4646b0fea996.csv
74407559-67df-4811-83b3-e66f73874480,images/74407559-67df-4811-83b3-e66f73874480,depth_est/74407559-67df-4811-83b3-e66f73874480,depths/74407559-67df-4811-83b3-e66f73874480,sparse/74407559-67df-4811-83b3-e66f73874480,images_raw/74407559-67df-4811-83b3-e66f73874480,masks_raw/74407559-67df-4811-83b3-e66f73874480,masks_images/74407559-67df-4811-83b3-e66f73874480,3dgs/74407559-67df-4811-83b3-e66f73874480.ply,images-csv/74407559-67df-4811-83b3-e66f73874480.csv
744caaf6-580d-4dd5-a405-c1ab5f429235,images/744caaf6-580d-4dd5-a405-c1ab5f429235,depth_est/744caaf6-580d-4dd5-a405-c1ab5f429235,depths/744caaf6-580d-4dd5-a405-c1ab5f429235,sparse/744caaf6-580d-4dd5-a405-c1ab5f429235,images_raw/744caaf6-580d-4dd5-a405-c1ab5f429235,masks_raw/744caaf6-580d-4dd5-a405-c1ab5f429235,masks_images/744caaf6-580d-4dd5-a405-c1ab5f429235,3dgs/744caaf6-580d-4dd5-a405-c1ab5f429235.ply,images-csv/744caaf6-580d-4dd5-a405-c1ab5f429235.csv
7478e890-dc3a-4cbd-8bed-24d7cb8b7c4b,images/7478e890-dc3a-4cbd-8bed-24d7cb8b7c4b,depth_est/7478e890-dc3a-4cbd-8bed-24d7cb8b7c4b,depths/7478e890-dc3a-4cbd-8bed-24d7cb8b7c4b,sparse/7478e890-dc3a-4cbd-8bed-24d7cb8b7c4b,images_raw/7478e890-dc3a-4cbd-8bed-24d7cb8b7c4b,masks_raw/7478e890-dc3a-4cbd-8bed-24d7cb8b7c4b,masks_images/7478e890-dc3a-4cbd-8bed-24d7cb8b7c4b,3dgs/7478e890-dc3a-4cbd-8bed-24d7cb8b7c4b.ply,images-csv/7478e890-dc3a-4cbd-8bed-24d7cb8b7c4b.csv
750cb811-94a2-4ac3-8a79-c21ccf629679,images/750cb811-94a2-4ac3-8a79-c21ccf629679,depth_est/750cb811-94a2-4ac3-8a79-c21ccf629679,,sparse/750cb811-94a2-4ac3-8a79-c21ccf629679,images_raw/750cb811-94a2-4ac3-8a79-c21ccf629679,masks_raw/750cb811-94a2-4ac3-8a79-c21ccf629679,masks_images/750cb811-94a2-4ac3-8a79-c21ccf629679,3dgs/750cb811-94a2-4ac3-8a79-c21ccf629679.ply,images-csv/750cb811-94a2-4ac3-8a79-c21ccf629679.csv
757dd3a5-d0db-4027-8de5-f2c6add84140,images/757dd3a5-d0db-4027-8de5-f2c6add84140,depth_est/757dd3a5-d0db-4027-8de5-f2c6add84140,depths/757dd3a5-d0db-4027-8de5-f2c6add84140,sparse/757dd3a5-d0db-4027-8de5-f2c6add84140,images_raw/757dd3a5-d0db-4027-8de5-f2c6add84140,masks_raw/757dd3a5-d0db-4027-8de5-f2c6add84140,masks_images/757dd3a5-d0db-4027-8de5-f2c6add84140,3dgs/757dd3a5-d0db-4027-8de5-f2c6add84140.ply,images-csv/757dd3a5-d0db-4027-8de5-f2c6add84140.csv
7596388f-b471-4e1e-b8b7-049a37a36b71,images/7596388f-b471-4e1e-b8b7-049a37a36b71,depth_est/7596388f-b471-4e1e-b8b7-049a37a36b71,depths/7596388f-b471-4e1e-b8b7-049a37a36b71,sparse/7596388f-b471-4e1e-b8b7-049a37a36b71,images_raw/7596388f-b471-4e1e-b8b7-049a37a36b71,masks_raw/7596388f-b471-4e1e-b8b7-049a37a36b71,masks_images/7596388f-b471-4e1e-b8b7-049a37a36b71,3dgs/7596388f-b471-4e1e-b8b7-049a37a36b71.ply,images-csv/7596388f-b471-4e1e-b8b7-049a37a36b71.csv
75aaf9d2-8190-4195-9d29-b158a6724c14,images/75aaf9d2-8190-4195-9d29-b158a6724c14,depth_est/75aaf9d2-8190-4195-9d29-b158a6724c14,,sparse/75aaf9d2-8190-4195-9d29-b158a6724c14,images_raw/75aaf9d2-8190-4195-9d29-b158a6724c14,masks_raw/75aaf9d2-8190-4195-9d29-b158a6724c14,masks_images/75aaf9d2-8190-4195-9d29-b158a6724c14,3dgs/75aaf9d2-8190-4195-9d29-b158a6724c14.ply,images-csv/75aaf9d2-8190-4195-9d29-b158a6724c14.csv
75cd5e78-774e-41e9-ae16-409381737ac3,images/75cd5e78-774e-41e9-ae16-409381737ac3,depth_est/75cd5e78-774e-41e9-ae16-409381737ac3,,sparse/75cd5e78-774e-41e9-ae16-409381737ac3,images_raw/75cd5e78-774e-41e9-ae16-409381737ac3,masks_raw/75cd5e78-774e-41e9-ae16-409381737ac3,masks_images/75cd5e78-774e-41e9-ae16-409381737ac3,3dgs/75cd5e78-774e-41e9-ae16-409381737ac3.ply,images-csv/75cd5e78-774e-41e9-ae16-409381737ac3.csv
7615296e-b23b-43e3-8963-89f959e12571,images/7615296e-b23b-43e3-8963-89f959e12571,depth_est/7615296e-b23b-43e3-8963-89f959e12571,,sparse/7615296e-b23b-43e3-8963-89f959e12571,images_raw/7615296e-b23b-43e3-8963-89f959e12571,masks_raw/7615296e-b23b-43e3-8963-89f959e12571,masks_images/7615296e-b23b-43e3-8963-89f959e12571,3dgs/7615296e-b23b-43e3-8963-89f959e12571.ply,images-csv/7615296e-b23b-43e3-8963-89f959e12571.csv
768e4932-021d-4f90-ba53-21f6082c9e2d,images/768e4932-021d-4f90-ba53-21f6082c9e2d,depth_est/768e4932-021d-4f90-ba53-21f6082c9e2d,,sparse/768e4932-021d-4f90-ba53-21f6082c9e2d,images_raw/768e4932-021d-4f90-ba53-21f6082c9e2d,masks_raw/768e4932-021d-4f90-ba53-21f6082c9e2d,masks_images/768e4932-021d-4f90-ba53-21f6082c9e2d,3dgs/768e4932-021d-4f90-ba53-21f6082c9e2d.ply,images-csv/768e4932-021d-4f90-ba53-21f6082c9e2d.csv
773b7f1d-bbbd-420d-8a58-45138684df08,images/773b7f1d-bbbd-420d-8a58-45138684df08,depth_est/773b7f1d-bbbd-420d-8a58-45138684df08,,sparse/773b7f1d-bbbd-420d-8a58-45138684df08,images_raw/773b7f1d-bbbd-420d-8a58-45138684df08,masks_raw/773b7f1d-bbbd-420d-8a58-45138684df08,masks_images/773b7f1d-bbbd-420d-8a58-45138684df08,3dgs/773b7f1d-bbbd-420d-8a58-45138684df08.ply,images-csv/773b7f1d-bbbd-420d-8a58-45138684df08.csv
781206ea-fc57-48d4-b5e8-cc3234dbf010,images/781206ea-fc57-48d4-b5e8-cc3234dbf010,depth_est/781206ea-fc57-48d4-b5e8-cc3234dbf010,depths/781206ea-fc57-48d4-b5e8-cc3234dbf010,sparse/781206ea-fc57-48d4-b5e8-cc3234dbf010,images_raw/781206ea-fc57-48d4-b5e8-cc3234dbf010,masks_raw/781206ea-fc57-48d4-b5e8-cc3234dbf010,masks_images/781206ea-fc57-48d4-b5e8-cc3234dbf010,3dgs/781206ea-fc57-48d4-b5e8-cc3234dbf010.ply,images-csv/781206ea-fc57-48d4-b5e8-cc3234dbf010.csv
783a7b1a-e2b2-48ce-a3b0-08e3a98749dc,images/783a7b1a-e2b2-48ce-a3b0-08e3a98749dc,depth_est/783a7b1a-e2b2-48ce-a3b0-08e3a98749dc,depths/783a7b1a-e2b2-48ce-a3b0-08e3a98749dc,sparse/783a7b1a-e2b2-48ce-a3b0-08e3a98749dc,images_raw/783a7b1a-e2b2-48ce-a3b0-08e3a98749dc,masks_raw/783a7b1a-e2b2-48ce-a3b0-08e3a98749dc,masks_images/783a7b1a-e2b2-48ce-a3b0-08e3a98749dc,3dgs/783a7b1a-e2b2-48ce-a3b0-08e3a98749dc.ply,images-csv/783a7b1a-e2b2-48ce-a3b0-08e3a98749dc.csv
786ef717-86e0-4834-8bc4-a822bf98d0ed,images/786ef717-86e0-4834-8bc4-a822bf98d0ed,depth_est/786ef717-86e0-4834-8bc4-a822bf98d0ed,depths/786ef717-86e0-4834-8bc4-a822bf98d0ed,sparse/786ef717-86e0-4834-8bc4-a822bf98d0ed,images_raw/786ef717-86e0-4834-8bc4-a822bf98d0ed,masks_raw/786ef717-86e0-4834-8bc4-a822bf98d0ed,masks_images/786ef717-86e0-4834-8bc4-a822bf98d0ed,3dgs/786ef717-86e0-4834-8bc4-a822bf98d0ed.ply,images-csv/786ef717-86e0-4834-8bc4-a822bf98d0ed.csv
789c3f87-2cf5-4b91-95f6-a1545f830343,images/789c3f87-2cf5-4b91-95f6-a1545f830343,depth_est/789c3f87-2cf5-4b91-95f6-a1545f830343,depths/789c3f87-2cf5-4b91-95f6-a1545f830343,sparse/789c3f87-2cf5-4b91-95f6-a1545f830343,images_raw/789c3f87-2cf5-4b91-95f6-a1545f830343,masks_raw/789c3f87-2cf5-4b91-95f6-a1545f830343,masks_images/789c3f87-2cf5-4b91-95f6-a1545f830343,3dgs/789c3f87-2cf5-4b91-95f6-a1545f830343.ply,images-csv/789c3f87-2cf5-4b91-95f6-a1545f830343.csv
794d41e1-b73a-433c-b852-e2dfa935af56,images/794d41e1-b73a-433c-b852-e2dfa935af56,depth_est/794d41e1-b73a-433c-b852-e2dfa935af56,depths/794d41e1-b73a-433c-b852-e2dfa935af56,sparse/794d41e1-b73a-433c-b852-e2dfa935af56,images_raw/794d41e1-b73a-433c-b852-e2dfa935af56,masks_raw/794d41e1-b73a-433c-b852-e2dfa935af56,masks_images/794d41e1-b73a-433c-b852-e2dfa935af56,3dgs/794d41e1-b73a-433c-b852-e2dfa935af56.ply,images-csv/794d41e1-b73a-433c-b852-e2dfa935af56.csv
7962d63a-910e-41ce-bffa-91083e86f0e2,images/7962d63a-910e-41ce-bffa-91083e86f0e2,depth_est/7962d63a-910e-41ce-bffa-91083e86f0e2,depths/7962d63a-910e-41ce-bffa-91083e86f0e2,sparse/7962d63a-910e-41ce-bffa-91083e86f0e2,images_raw/7962d63a-910e-41ce-bffa-91083e86f0e2,masks_raw/7962d63a-910e-41ce-bffa-91083e86f0e2,masks_images/7962d63a-910e-41ce-bffa-91083e86f0e2,3dgs/7962d63a-910e-41ce-bffa-91083e86f0e2.ply,images-csv/7962d63a-910e-41ce-bffa-91083e86f0e2.csv
79f2b161-112b-438e-b5a9-933bc7336d36,images/79f2b161-112b-438e-b5a9-933bc7336d36,depth_est/79f2b161-112b-438e-b5a9-933bc7336d36,,sparse/79f2b161-112b-438e-b5a9-933bc7336d36,images_raw/79f2b161-112b-438e-b5a9-933bc7336d36,masks_raw/79f2b161-112b-438e-b5a9-933bc7336d36,masks_images/79f2b161-112b-438e-b5a9-933bc7336d36,3dgs/79f2b161-112b-438e-b5a9-933bc7336d36.ply,images-csv/79f2b161-112b-438e-b5a9-933bc7336d36.csv
79fe3890-b132-4a90-81d1-dcdc1345199e,images/79fe3890-b132-4a90-81d1-dcdc1345199e,depth_est/79fe3890-b132-4a90-81d1-dcdc1345199e,,sparse/79fe3890-b132-4a90-81d1-dcdc1345199e,images_raw/79fe3890-b132-4a90-81d1-dcdc1345199e,masks_raw/79fe3890-b132-4a90-81d1-dcdc1345199e,masks_images/79fe3890-b132-4a90-81d1-dcdc1345199e,3dgs/79fe3890-b132-4a90-81d1-dcdc1345199e.ply,images-csv/79fe3890-b132-4a90-81d1-dcdc1345199e.csv
7a1ae138-e752-4049-9477-2f32bb688269,images/7a1ae138-e752-4049-9477-2f32bb688269,depth_est/7a1ae138-e752-4049-9477-2f32bb688269,depths/7a1ae138-e752-4049-9477-2f32bb688269,sparse/7a1ae138-e752-4049-9477-2f32bb688269,images_raw/7a1ae138-e752-4049-9477-2f32bb688269,masks_raw/7a1ae138-e752-4049-9477-2f32bb688269,masks_images/7a1ae138-e752-4049-9477-2f32bb688269,3dgs/7a1ae138-e752-4049-9477-2f32bb688269.ply,images-csv/7a1ae138-e752-4049-9477-2f32bb688269.csv
7a4e2ae2-b646-48fd-937b-0e5e5d87d4c2,images/7a4e2ae2-b646-48fd-937b-0e5e5d87d4c2,depth_est/7a4e2ae2-b646-48fd-937b-0e5e5d87d4c2,depths/7a4e2ae2-b646-48fd-937b-0e5e5d87d4c2,sparse/7a4e2ae2-b646-48fd-937b-0e5e5d87d4c2,images_raw/7a4e2ae2-b646-48fd-937b-0e5e5d87d4c2,masks_raw/7a4e2ae2-b646-48fd-937b-0e5e5d87d4c2,masks_images/7a4e2ae2-b646-48fd-937b-0e5e5d87d4c2,3dgs/7a4e2ae2-b646-48fd-937b-0e5e5d87d4c2.ply,images-csv/7a4e2ae2-b646-48fd-937b-0e5e5d87d4c2.csv
7a800e8e-8e22-4617-bdcb-51550880fc12,images/7a800e8e-8e22-4617-bdcb-51550880fc12,depth_est/7a800e8e-8e22-4617-bdcb-51550880fc12,,sparse/7a800e8e-8e22-4617-bdcb-51550880fc12,images_raw/7a800e8e-8e22-4617-bdcb-51550880fc12,masks_raw/7a800e8e-8e22-4617-bdcb-51550880fc12,masks_images/7a800e8e-8e22-4617-bdcb-51550880fc12,3dgs/7a800e8e-8e22-4617-bdcb-51550880fc12.ply,images-csv/7a800e8e-8e22-4617-bdcb-51550880fc12.csv
7aed1357-6310-473c-9b8e-71dc05579d68,images/7aed1357-6310-473c-9b8e-71dc05579d68,depth_est/7aed1357-6310-473c-9b8e-71dc05579d68,depths/7aed1357-6310-473c-9b8e-71dc05579d68,sparse/7aed1357-6310-473c-9b8e-71dc05579d68,images_raw/7aed1357-6310-473c-9b8e-71dc05579d68,masks_raw/7aed1357-6310-473c-9b8e-71dc05579d68,masks_images/7aed1357-6310-473c-9b8e-71dc05579d68,3dgs/7aed1357-6310-473c-9b8e-71dc05579d68.ply,images-csv/7aed1357-6310-473c-9b8e-71dc05579d68.csv
7b2b230f-c2a3-4b59-bd5f-7d386e2adb80,images/7b2b230f-c2a3-4b59-bd5f-7d386e2adb80,depth_est/7b2b230f-c2a3-4b59-bd5f-7d386e2adb80,depths/7b2b230f-c2a3-4b59-bd5f-7d386e2adb80,sparse/7b2b230f-c2a3-4b59-bd5f-7d386e2adb80,images_raw/7b2b230f-c2a3-4b59-bd5f-7d386e2adb80,masks_raw/7b2b230f-c2a3-4b59-bd5f-7d386e2adb80,masks_images/7b2b230f-c2a3-4b59-bd5f-7d386e2adb80,3dgs/7b2b230f-c2a3-4b59-bd5f-7d386e2adb80.ply,images-csv/7b2b230f-c2a3-4b59-bd5f-7d386e2adb80.csv
7b34b526-230b-4945-abba-8a50272f78dd,images/7b34b526-230b-4945-abba-8a50272f78dd,depth_est/7b34b526-230b-4945-abba-8a50272f78dd,,sparse/7b34b526-230b-4945-abba-8a50272f78dd,images_raw/7b34b526-230b-4945-abba-8a50272f78dd,masks_raw/7b34b526-230b-4945-abba-8a50272f78dd,masks_images/7b34b526-230b-4945-abba-8a50272f78dd,3dgs/7b34b526-230b-4945-abba-8a50272f78dd.ply,images-csv/7b34b526-230b-4945-abba-8a50272f78dd.csv
7b478242-b72b-458c-82e6-071946befac7,images/7b478242-b72b-458c-82e6-071946befac7,depth_est/7b478242-b72b-458c-82e6-071946befac7,depths/7b478242-b72b-458c-82e6-071946befac7,sparse/7b478242-b72b-458c-82e6-071946befac7,images_raw/7b478242-b72b-458c-82e6-071946befac7,masks_raw/7b478242-b72b-458c-82e6-071946befac7,masks_images/7b478242-b72b-458c-82e6-071946befac7,3dgs/7b478242-b72b-458c-82e6-071946befac7.ply,images-csv/7b478242-b72b-458c-82e6-071946befac7.csv
7bd9517a-1ecf-4773-8518-641ea7b34aec,images/7bd9517a-1ecf-4773-8518-641ea7b34aec,depth_est/7bd9517a-1ecf-4773-8518-641ea7b34aec,,sparse/7bd9517a-1ecf-4773-8518-641ea7b34aec,images_raw/7bd9517a-1ecf-4773-8518-641ea7b34aec,masks_raw/7bd9517a-1ecf-4773-8518-641ea7b34aec,masks_images/7bd9517a-1ecf-4773-8518-641ea7b34aec,3dgs/7bd9517a-1ecf-4773-8518-641ea7b34aec.ply,images-csv/7bd9517a-1ecf-4773-8518-641ea7b34aec.csv
7bf253f4-51ab-4e7b-8b09-70f0577f6820,images/7bf253f4-51ab-4e7b-8b09-70f0577f6820,depth_est/7bf253f4-51ab-4e7b-8b09-70f0577f6820,,sparse/7bf253f4-51ab-4e7b-8b09-70f0577f6820,images_raw/7bf253f4-51ab-4e7b-8b09-70f0577f6820,masks_raw/7bf253f4-51ab-4e7b-8b09-70f0577f6820,masks_images/7bf253f4-51ab-4e7b-8b09-70f0577f6820,3dgs/7bf253f4-51ab-4e7b-8b09-70f0577f6820.ply,images-csv/7bf253f4-51ab-4e7b-8b09-70f0577f6820.csv
7c0e5580-cb96-4059-9adc-005dce6ea7ed,images/7c0e5580-cb96-4059-9adc-005dce6ea7ed,depth_est/7c0e5580-cb96-4059-9adc-005dce6ea7ed,depths/7c0e5580-cb96-4059-9adc-005dce6ea7ed,sparse/7c0e5580-cb96-4059-9adc-005dce6ea7ed,images_raw/7c0e5580-cb96-4059-9adc-005dce6ea7ed,masks_raw/7c0e5580-cb96-4059-9adc-005dce6ea7ed,masks_images/7c0e5580-cb96-4059-9adc-005dce6ea7ed,3dgs/7c0e5580-cb96-4059-9adc-005dce6ea7ed.ply,images-csv/7c0e5580-cb96-4059-9adc-005dce6ea7ed.csv
7c1769f8-1608-4d4e-bff4-c1e98f8b2ada,images/7c1769f8-1608-4d4e-bff4-c1e98f8b2ada,depth_est/7c1769f8-1608-4d4e-bff4-c1e98f8b2ada,depths/7c1769f8-1608-4d4e-bff4-c1e98f8b2ada,sparse/7c1769f8-1608-4d4e-bff4-c1e98f8b2ada,images_raw/7c1769f8-1608-4d4e-bff4-c1e98f8b2ada,masks_raw/7c1769f8-1608-4d4e-bff4-c1e98f8b2ada,masks_images/7c1769f8-1608-4d4e-bff4-c1e98f8b2ada,3dgs/7c1769f8-1608-4d4e-bff4-c1e98f8b2ada.ply,images-csv/7c1769f8-1608-4d4e-bff4-c1e98f8b2ada.csv
7c6325d5-d0ff-4f73-b196-b5a3a6fa46e0,images/7c6325d5-d0ff-4f73-b196-b5a3a6fa46e0,depth_est/7c6325d5-d0ff-4f73-b196-b5a3a6fa46e0,,sparse/7c6325d5-d0ff-4f73-b196-b5a3a6fa46e0,images_raw/7c6325d5-d0ff-4f73-b196-b5a3a6fa46e0,masks_raw/7c6325d5-d0ff-4f73-b196-b5a3a6fa46e0,masks_images/7c6325d5-d0ff-4f73-b196-b5a3a6fa46e0,3dgs/7c6325d5-d0ff-4f73-b196-b5a3a6fa46e0.ply,images-csv/7c6325d5-d0ff-4f73-b196-b5a3a6fa46e0.csv
7cb0f4fa-5dbb-4fbc-b7c0-50d69ed44a62,images/7cb0f4fa-5dbb-4fbc-b7c0-50d69ed44a62,depth_est/7cb0f4fa-5dbb-4fbc-b7c0-50d69ed44a62,depths/7cb0f4fa-5dbb-4fbc-b7c0-50d69ed44a62,sparse/7cb0f4fa-5dbb-4fbc-b7c0-50d69ed44a62,images_raw/7cb0f4fa-5dbb-4fbc-b7c0-50d69ed44a62,masks_raw/7cb0f4fa-5dbb-4fbc-b7c0-50d69ed44a62,masks_images/7cb0f4fa-5dbb-4fbc-b7c0-50d69ed44a62,3dgs/7cb0f4fa-5dbb-4fbc-b7c0-50d69ed44a62.ply,images-csv/7cb0f4fa-5dbb-4fbc-b7c0-50d69ed44a62.csv
7ccce430-d29f-48a3-90eb-f55b752cfb9c,images/7ccce430-d29f-48a3-90eb-f55b752cfb9c,depth_est/7ccce430-d29f-48a3-90eb-f55b752cfb9c,,sparse/7ccce430-d29f-48a3-90eb-f55b752cfb9c,images_raw/7ccce430-d29f-48a3-90eb-f55b752cfb9c,masks_raw/7ccce430-d29f-48a3-90eb-f55b752cfb9c,masks_images/7ccce430-d29f-48a3-90eb-f55b752cfb9c,3dgs/7ccce430-d29f-48a3-90eb-f55b752cfb9c.ply,images-csv/7ccce430-d29f-48a3-90eb-f55b752cfb9c.csv
7d6140a6-0f15-4003-a45b-fda216afc7a2,images/7d6140a6-0f15-4003-a45b-fda216afc7a2,depth_est/7d6140a6-0f15-4003-a45b-fda216afc7a2,,sparse/7d6140a6-0f15-4003-a45b-fda216afc7a2,images_raw/7d6140a6-0f15-4003-a45b-fda216afc7a2,masks_raw/7d6140a6-0f15-4003-a45b-fda216afc7a2,masks_images/7d6140a6-0f15-4003-a45b-fda216afc7a2,3dgs/7d6140a6-0f15-4003-a45b-fda216afc7a2.ply,images-csv/7d6140a6-0f15-4003-a45b-fda216afc7a2.csv
7d87189f-1cd0-4f0f-b0ae-65532bedcb1d,images/7d87189f-1cd0-4f0f-b0ae-65532bedcb1d,depth_est/7d87189f-1cd0-4f0f-b0ae-65532bedcb1d,,sparse/7d87189f-1cd0-4f0f-b0ae-65532bedcb1d,images_raw/7d87189f-1cd0-4f0f-b0ae-65532bedcb1d,masks_raw/7d87189f-1cd0-4f0f-b0ae-65532bedcb1d,masks_images/7d87189f-1cd0-4f0f-b0ae-65532bedcb1d,3dgs/7d87189f-1cd0-4f0f-b0ae-65532bedcb1d.ply,images-csv/7d87189f-1cd0-4f0f-b0ae-65532bedcb1d.csv
7e62ff62-3301-4541-8213-92c4952f1d59,images/7e62ff62-3301-4541-8213-92c4952f1d59,depth_est/7e62ff62-3301-4541-8213-92c4952f1d59,depths/7e62ff62-3301-4541-8213-92c4952f1d59,sparse/7e62ff62-3301-4541-8213-92c4952f1d59,images_raw/7e62ff62-3301-4541-8213-92c4952f1d59,masks_raw/7e62ff62-3301-4541-8213-92c4952f1d59,masks_images/7e62ff62-3301-4541-8213-92c4952f1d59,3dgs/7e62ff62-3301-4541-8213-92c4952f1d59.ply,images-csv/7e62ff62-3301-4541-8213-92c4952f1d59.csv
7e6c863a-eff1-44b7-b4bc-81ff4f6056e5,images/7e6c863a-eff1-44b7-b4bc-81ff4f6056e5,depth_est/7e6c863a-eff1-44b7-b4bc-81ff4f6056e5,depths/7e6c863a-eff1-44b7-b4bc-81ff4f6056e5,sparse/7e6c863a-eff1-44b7-b4bc-81ff4f6056e5,images_raw/7e6c863a-eff1-44b7-b4bc-81ff4f6056e5,masks_raw/7e6c863a-eff1-44b7-b4bc-81ff4f6056e5,masks_images/7e6c863a-eff1-44b7-b4bc-81ff4f6056e5,3dgs/7e6c863a-eff1-44b7-b4bc-81ff4f6056e5.ply,images-csv/7e6c863a-eff1-44b7-b4bc-81ff4f6056e5.csv
7f0c16a4-7d5f-47ff-afb3-275466fc8708,images/7f0c16a4-7d5f-47ff-afb3-275466fc8708,depth_est/7f0c16a4-7d5f-47ff-afb3-275466fc8708,,sparse/7f0c16a4-7d5f-47ff-afb3-275466fc8708,images_raw/7f0c16a4-7d5f-47ff-afb3-275466fc8708,masks_raw/7f0c16a4-7d5f-47ff-afb3-275466fc8708,masks_images/7f0c16a4-7d5f-47ff-afb3-275466fc8708,3dgs/7f0c16a4-7d5f-47ff-afb3-275466fc8708.ply,images-csv/7f0c16a4-7d5f-47ff-afb3-275466fc8708.csv
7f64efd9-6094-49b9-a2fe-4d05d324d49e,images/7f64efd9-6094-49b9-a2fe-4d05d324d49e,depth_est/7f64efd9-6094-49b9-a2fe-4d05d324d49e,,sparse/7f64efd9-6094-49b9-a2fe-4d05d324d49e,images_raw/7f64efd9-6094-49b9-a2fe-4d05d324d49e,masks_raw/7f64efd9-6094-49b9-a2fe-4d05d324d49e,masks_images/7f64efd9-6094-49b9-a2fe-4d05d324d49e,3dgs/7f64efd9-6094-49b9-a2fe-4d05d324d49e.ply,images-csv/7f64efd9-6094-49b9-a2fe-4d05d324d49e.csv
7f8a783b-5f42-4c64-9a54-5905d77a29e3,images/7f8a783b-5f42-4c64-9a54-5905d77a29e3,depth_est/7f8a783b-5f42-4c64-9a54-5905d77a29e3,,sparse/7f8a783b-5f42-4c64-9a54-5905d77a29e3,images_raw/7f8a783b-5f42-4c64-9a54-5905d77a29e3,masks_raw/7f8a783b-5f42-4c64-9a54-5905d77a29e3,masks_images/7f8a783b-5f42-4c64-9a54-5905d77a29e3,3dgs/7f8a783b-5f42-4c64-9a54-5905d77a29e3.ply,images-csv/7f8a783b-5f42-4c64-9a54-5905d77a29e3.csv
7f9ec455-c8a7-4bae-9567-2f2a9d59de29,images/7f9ec455-c8a7-4bae-9567-2f2a9d59de29,depth_est/7f9ec455-c8a7-4bae-9567-2f2a9d59de29,depths/7f9ec455-c8a7-4bae-9567-2f2a9d59de29,sparse/7f9ec455-c8a7-4bae-9567-2f2a9d59de29,images_raw/7f9ec455-c8a7-4bae-9567-2f2a9d59de29,masks_raw/7f9ec455-c8a7-4bae-9567-2f2a9d59de29,masks_images/7f9ec455-c8a7-4bae-9567-2f2a9d59de29,3dgs/7f9ec455-c8a7-4bae-9567-2f2a9d59de29.ply,images-csv/7f9ec455-c8a7-4bae-9567-2f2a9d59de29.csv
7fa6b1c2-de58-44f0-bc12-247abb0ff3b4,images/7fa6b1c2-de58-44f0-bc12-247abb0ff3b4,depth_est/7fa6b1c2-de58-44f0-bc12-247abb0ff3b4,,sparse/7fa6b1c2-de58-44f0-bc12-247abb0ff3b4,images_raw/7fa6b1c2-de58-44f0-bc12-247abb0ff3b4,masks_raw/7fa6b1c2-de58-44f0-bc12-247abb0ff3b4,masks_images/7fa6b1c2-de58-44f0-bc12-247abb0ff3b4,3dgs/7fa6b1c2-de58-44f0-bc12-247abb0ff3b4.ply,images-csv/7fa6b1c2-de58-44f0-bc12-247abb0ff3b4.csv
7fabdb3d-2783-40f6-8b25-7dcfaa6bbec7,images/7fabdb3d-2783-40f6-8b25-7dcfaa6bbec7,depth_est/7fabdb3d-2783-40f6-8b25-7dcfaa6bbec7,depths/7fabdb3d-2783-40f6-8b25-7dcfaa6bbec7,sparse/7fabdb3d-2783-40f6-8b25-7dcfaa6bbec7,images_raw/7fabdb3d-2783-40f6-8b25-7dcfaa6bbec7,masks_raw/7fabdb3d-2783-40f6-8b25-7dcfaa6bbec7,masks_images/7fabdb3d-2783-40f6-8b25-7dcfaa6bbec7,3dgs/7fabdb3d-2783-40f6-8b25-7dcfaa6bbec7.ply,images-csv/7fabdb3d-2783-40f6-8b25-7dcfaa6bbec7.csv
80655e61-09cc-47c5-973f-46bf7f9cca2a,images/80655e61-09cc-47c5-973f-46bf7f9cca2a,depth_est/80655e61-09cc-47c5-973f-46bf7f9cca2a,depths/80655e61-09cc-47c5-973f-46bf7f9cca2a,sparse/80655e61-09cc-47c5-973f-46bf7f9cca2a,images_raw/80655e61-09cc-47c5-973f-46bf7f9cca2a,masks_raw/80655e61-09cc-47c5-973f-46bf7f9cca2a,masks_images/80655e61-09cc-47c5-973f-46bf7f9cca2a,3dgs/80655e61-09cc-47c5-973f-46bf7f9cca2a.ply,images-csv/80655e61-09cc-47c5-973f-46bf7f9cca2a.csv
808152b1-082e-4f18-a217-1b70f68b251f,images/808152b1-082e-4f18-a217-1b70f68b251f,depth_est/808152b1-082e-4f18-a217-1b70f68b251f,,sparse/808152b1-082e-4f18-a217-1b70f68b251f,images_raw/808152b1-082e-4f18-a217-1b70f68b251f,masks_raw/808152b1-082e-4f18-a217-1b70f68b251f,masks_images/808152b1-082e-4f18-a217-1b70f68b251f,3dgs/808152b1-082e-4f18-a217-1b70f68b251f.ply,images-csv/808152b1-082e-4f18-a217-1b70f68b251f.csv
808b55fe-b908-4e6a-b3b8-6189e58f5ad0,images/808b55fe-b908-4e6a-b3b8-6189e58f5ad0,depth_est/808b55fe-b908-4e6a-b3b8-6189e58f5ad0,depths/808b55fe-b908-4e6a-b3b8-6189e58f5ad0,sparse/808b55fe-b908-4e6a-b3b8-6189e58f5ad0,images_raw/808b55fe-b908-4e6a-b3b8-6189e58f5ad0,masks_raw/808b55fe-b908-4e6a-b3b8-6189e58f5ad0,masks_images/808b55fe-b908-4e6a-b3b8-6189e58f5ad0,3dgs/808b55fe-b908-4e6a-b3b8-6189e58f5ad0.ply,images-csv/808b55fe-b908-4e6a-b3b8-6189e58f5ad0.csv
80a20a16-75c0-4105-9ad0-6689877ad3e7,images/80a20a16-75c0-4105-9ad0-6689877ad3e7,depth_est/80a20a16-75c0-4105-9ad0-6689877ad3e7,depths/80a20a16-75c0-4105-9ad0-6689877ad3e7,sparse/80a20a16-75c0-4105-9ad0-6689877ad3e7,images_raw/80a20a16-75c0-4105-9ad0-6689877ad3e7,masks_raw/80a20a16-75c0-4105-9ad0-6689877ad3e7,masks_images/80a20a16-75c0-4105-9ad0-6689877ad3e7,3dgs/80a20a16-75c0-4105-9ad0-6689877ad3e7.ply,images-csv/80a20a16-75c0-4105-9ad0-6689877ad3e7.csv
80a49580-2341-4fc3-8cae-c71dde798673,images/80a49580-2341-4fc3-8cae-c71dde798673,depth_est/80a49580-2341-4fc3-8cae-c71dde798673,depths/80a49580-2341-4fc3-8cae-c71dde798673,sparse/80a49580-2341-4fc3-8cae-c71dde798673,images_raw/80a49580-2341-4fc3-8cae-c71dde798673,masks_raw/80a49580-2341-4fc3-8cae-c71dde798673,masks_images/80a49580-2341-4fc3-8cae-c71dde798673,3dgs/80a49580-2341-4fc3-8cae-c71dde798673.ply,images-csv/80a49580-2341-4fc3-8cae-c71dde798673.csv
80dac82a-dbd6-4f3e-b58b-2fe352fde10e,images/80dac82a-dbd6-4f3e-b58b-2fe352fde10e,depth_est/80dac82a-dbd6-4f3e-b58b-2fe352fde10e,,sparse/80dac82a-dbd6-4f3e-b58b-2fe352fde10e,images_raw/80dac82a-dbd6-4f3e-b58b-2fe352fde10e,masks_raw/80dac82a-dbd6-4f3e-b58b-2fe352fde10e,masks_images/80dac82a-dbd6-4f3e-b58b-2fe352fde10e,3dgs/80dac82a-dbd6-4f3e-b58b-2fe352fde10e.ply,images-csv/80dac82a-dbd6-4f3e-b58b-2fe352fde10e.csv
80f974d9-f62e-4b34-a8f0-3c664aa43bd2,images/80f974d9-f62e-4b34-a8f0-3c664aa43bd2,depth_est/80f974d9-f62e-4b34-a8f0-3c664aa43bd2,depths/80f974d9-f62e-4b34-a8f0-3c664aa43bd2,sparse/80f974d9-f62e-4b34-a8f0-3c664aa43bd2,images_raw/80f974d9-f62e-4b34-a8f0-3c664aa43bd2,masks_raw/80f974d9-f62e-4b34-a8f0-3c664aa43bd2,masks_images/80f974d9-f62e-4b34-a8f0-3c664aa43bd2,3dgs/80f974d9-f62e-4b34-a8f0-3c664aa43bd2.ply,images-csv/80f974d9-f62e-4b34-a8f0-3c664aa43bd2.csv
81a23ce2-297c-4d5b-b62b-734aaf04ca16,images/81a23ce2-297c-4d5b-b62b-734aaf04ca16,depth_est/81a23ce2-297c-4d5b-b62b-734aaf04ca16,,sparse/81a23ce2-297c-4d5b-b62b-734aaf04ca16,images_raw/81a23ce2-297c-4d5b-b62b-734aaf04ca16,masks_raw/81a23ce2-297c-4d5b-b62b-734aaf04ca16,masks_images/81a23ce2-297c-4d5b-b62b-734aaf04ca16,3dgs/81a23ce2-297c-4d5b-b62b-734aaf04ca16.ply,images-csv/81a23ce2-297c-4d5b-b62b-734aaf04ca16.csv
822321bf-6063-44d4-90e4-520513ba1697,images/822321bf-6063-44d4-90e4-520513ba1697,depth_est/822321bf-6063-44d4-90e4-520513ba1697,depths/822321bf-6063-44d4-90e4-520513ba1697,sparse/822321bf-6063-44d4-90e4-520513ba1697,images_raw/822321bf-6063-44d4-90e4-520513ba1697,masks_raw/822321bf-6063-44d4-90e4-520513ba1697,masks_images/822321bf-6063-44d4-90e4-520513ba1697,3dgs/822321bf-6063-44d4-90e4-520513ba1697.ply,images-csv/822321bf-6063-44d4-90e4-520513ba1697.csv
82668eee-80ff-4222-b240-cb1db0447490,images/82668eee-80ff-4222-b240-cb1db0447490,depth_est/82668eee-80ff-4222-b240-cb1db0447490,,sparse/82668eee-80ff-4222-b240-cb1db0447490,images_raw/82668eee-80ff-4222-b240-cb1db0447490,masks_raw/82668eee-80ff-4222-b240-cb1db0447490,masks_images/82668eee-80ff-4222-b240-cb1db0447490,3dgs/82668eee-80ff-4222-b240-cb1db0447490.ply,images-csv/82668eee-80ff-4222-b240-cb1db0447490.csv
8297dd01-3ed0-40a0-8949-7de606a720f9,images/8297dd01-3ed0-40a0-8949-7de606a720f9,depth_est/8297dd01-3ed0-40a0-8949-7de606a720f9,depths/8297dd01-3ed0-40a0-8949-7de606a720f9,sparse/8297dd01-3ed0-40a0-8949-7de606a720f9,images_raw/8297dd01-3ed0-40a0-8949-7de606a720f9,masks_raw/8297dd01-3ed0-40a0-8949-7de606a720f9,masks_images/8297dd01-3ed0-40a0-8949-7de606a720f9,3dgs/8297dd01-3ed0-40a0-8949-7de606a720f9.ply,images-csv/8297dd01-3ed0-40a0-8949-7de606a720f9.csv
82e802a2-faaf-47db-bd72-806cce022fe8,images/82e802a2-faaf-47db-bd72-806cce022fe8,depth_est/82e802a2-faaf-47db-bd72-806cce022fe8,depths/82e802a2-faaf-47db-bd72-806cce022fe8,sparse/82e802a2-faaf-47db-bd72-806cce022fe8,images_raw/82e802a2-faaf-47db-bd72-806cce022fe8,masks_raw/82e802a2-faaf-47db-bd72-806cce022fe8,masks_images/82e802a2-faaf-47db-bd72-806cce022fe8,3dgs/82e802a2-faaf-47db-bd72-806cce022fe8.ply,images-csv/82e802a2-faaf-47db-bd72-806cce022fe8.csv
830853d6-4117-4fb1-a20b-ecc641cc010d,images/830853d6-4117-4fb1-a20b-ecc641cc010d,depth_est/830853d6-4117-4fb1-a20b-ecc641cc010d,,sparse/830853d6-4117-4fb1-a20b-ecc641cc010d,images_raw/830853d6-4117-4fb1-a20b-ecc641cc010d,masks_raw/830853d6-4117-4fb1-a20b-ecc641cc010d,masks_images/830853d6-4117-4fb1-a20b-ecc641cc010d,3dgs/830853d6-4117-4fb1-a20b-ecc641cc010d.ply,images-csv/830853d6-4117-4fb1-a20b-ecc641cc010d.csv
83da374d-917e-4849-86ac-afc0160dd2e4,images/83da374d-917e-4849-86ac-afc0160dd2e4,depth_est/83da374d-917e-4849-86ac-afc0160dd2e4,,sparse/83da374d-917e-4849-86ac-afc0160dd2e4,images_raw/83da374d-917e-4849-86ac-afc0160dd2e4,masks_raw/83da374d-917e-4849-86ac-afc0160dd2e4,masks_images/83da374d-917e-4849-86ac-afc0160dd2e4,3dgs/83da374d-917e-4849-86ac-afc0160dd2e4.ply,images-csv/83da374d-917e-4849-86ac-afc0160dd2e4.csv
83e0e0c8-6f4d-4468-bf6f-2c5bd7880703,images/83e0e0c8-6f4d-4468-bf6f-2c5bd7880703,depth_est/83e0e0c8-6f4d-4468-bf6f-2c5bd7880703,,sparse/83e0e0c8-6f4d-4468-bf6f-2c5bd7880703,images_raw/83e0e0c8-6f4d-4468-bf6f-2c5bd7880703,masks_raw/83e0e0c8-6f4d-4468-bf6f-2c5bd7880703,masks_images/83e0e0c8-6f4d-4468-bf6f-2c5bd7880703,3dgs/83e0e0c8-6f4d-4468-bf6f-2c5bd7880703.ply,images-csv/83e0e0c8-6f4d-4468-bf6f-2c5bd7880703.csv
83f225ff-5705-410d-a5ea-e7f468378e6f,images/83f225ff-5705-410d-a5ea-e7f468378e6f,depth_est/83f225ff-5705-410d-a5ea-e7f468378e6f,depths/83f225ff-5705-410d-a5ea-e7f468378e6f,sparse/83f225ff-5705-410d-a5ea-e7f468378e6f,images_raw/83f225ff-5705-410d-a5ea-e7f468378e6f,masks_raw/83f225ff-5705-410d-a5ea-e7f468378e6f,masks_images/83f225ff-5705-410d-a5ea-e7f468378e6f,3dgs/83f225ff-5705-410d-a5ea-e7f468378e6f.ply,images-csv/83f225ff-5705-410d-a5ea-e7f468378e6f.csv
84054977-04d7-4202-80b8-a8d6b5ac67cb,images/84054977-04d7-4202-80b8-a8d6b5ac67cb,depth_est/84054977-04d7-4202-80b8-a8d6b5ac67cb,depths/84054977-04d7-4202-80b8-a8d6b5ac67cb,sparse/84054977-04d7-4202-80b8-a8d6b5ac67cb,images_raw/84054977-04d7-4202-80b8-a8d6b5ac67cb,masks_raw/84054977-04d7-4202-80b8-a8d6b5ac67cb,masks_images/84054977-04d7-4202-80b8-a8d6b5ac67cb,3dgs/84054977-04d7-4202-80b8-a8d6b5ac67cb.ply,images-csv/84054977-04d7-4202-80b8-a8d6b5ac67cb.csv
8556d68a-891a-4aeb-a699-249633265b92,images/8556d68a-891a-4aeb-a699-249633265b92,depth_est/8556d68a-891a-4aeb-a699-249633265b92,,sparse/8556d68a-891a-4aeb-a699-249633265b92,images_raw/8556d68a-891a-4aeb-a699-249633265b92,masks_raw/8556d68a-891a-4aeb-a699-249633265b92,masks_images/8556d68a-891a-4aeb-a699-249633265b92,3dgs/8556d68a-891a-4aeb-a699-249633265b92.ply,images-csv/8556d68a-891a-4aeb-a699-249633265b92.csv
857df996-aaef-443f-807c-57acfb10e9d3,images/857df996-aaef-443f-807c-57acfb10e9d3,depth_est/857df996-aaef-443f-807c-57acfb10e9d3,,sparse/857df996-aaef-443f-807c-57acfb10e9d3,images_raw/857df996-aaef-443f-807c-57acfb10e9d3,masks_raw/857df996-aaef-443f-807c-57acfb10e9d3,masks_images/857df996-aaef-443f-807c-57acfb10e9d3,3dgs/857df996-aaef-443f-807c-57acfb10e9d3.ply,images-csv/857df996-aaef-443f-807c-57acfb10e9d3.csv
8590a8aa-8e51-4038-9833-50f130644a8f,images/8590a8aa-8e51-4038-9833-50f130644a8f,depth_est/8590a8aa-8e51-4038-9833-50f130644a8f,,sparse/8590a8aa-8e51-4038-9833-50f130644a8f,images_raw/8590a8aa-8e51-4038-9833-50f130644a8f,masks_raw/8590a8aa-8e51-4038-9833-50f130644a8f,masks_images/8590a8aa-8e51-4038-9833-50f130644a8f,3dgs/8590a8aa-8e51-4038-9833-50f130644a8f.ply,images-csv/8590a8aa-8e51-4038-9833-50f130644a8f.csv
859ff80d-cf92-4bfe-9564-76c28a04c0b8,images/859ff80d-cf92-4bfe-9564-76c28a04c0b8,depth_est/859ff80d-cf92-4bfe-9564-76c28a04c0b8,,sparse/859ff80d-cf92-4bfe-9564-76c28a04c0b8,images_raw/859ff80d-cf92-4bfe-9564-76c28a04c0b8,masks_raw/859ff80d-cf92-4bfe-9564-76c28a04c0b8,masks_images/859ff80d-cf92-4bfe-9564-76c28a04c0b8,3dgs/859ff80d-cf92-4bfe-9564-76c28a04c0b8.ply,images-csv/859ff80d-cf92-4bfe-9564-76c28a04c0b8.csv
85dfeb2d-c27f-49b5-830c-d628044e84d4,images/85dfeb2d-c27f-49b5-830c-d628044e84d4,depth_est/85dfeb2d-c27f-49b5-830c-d628044e84d4,depths/85dfeb2d-c27f-49b5-830c-d628044e84d4,sparse/85dfeb2d-c27f-49b5-830c-d628044e84d4,images_raw/85dfeb2d-c27f-49b5-830c-d628044e84d4,masks_raw/85dfeb2d-c27f-49b5-830c-d628044e84d4,masks_images/85dfeb2d-c27f-49b5-830c-d628044e84d4,3dgs/85dfeb2d-c27f-49b5-830c-d628044e84d4.ply,images-csv/85dfeb2d-c27f-49b5-830c-d628044e84d4.csv
86a9d2f7-6ba3-439b-a5e8-99e0605db337,images/86a9d2f7-6ba3-439b-a5e8-99e0605db337,depth_est/86a9d2f7-6ba3-439b-a5e8-99e0605db337,depths/86a9d2f7-6ba3-439b-a5e8-99e0605db337,sparse/86a9d2f7-6ba3-439b-a5e8-99e0605db337,images_raw/86a9d2f7-6ba3-439b-a5e8-99e0605db337,masks_raw/86a9d2f7-6ba3-439b-a5e8-99e0605db337,masks_images/86a9d2f7-6ba3-439b-a5e8-99e0605db337,3dgs/86a9d2f7-6ba3-439b-a5e8-99e0605db337.ply,images-csv/86a9d2f7-6ba3-439b-a5e8-99e0605db337.csv
86c0b784-ca59-48ea-934d-01ec4b78b5ec,images/86c0b784-ca59-48ea-934d-01ec4b78b5ec,depth_est/86c0b784-ca59-48ea-934d-01ec4b78b5ec,depths/86c0b784-ca59-48ea-934d-01ec4b78b5ec,sparse/86c0b784-ca59-48ea-934d-01ec4b78b5ec,images_raw/86c0b784-ca59-48ea-934d-01ec4b78b5ec,masks_raw/86c0b784-ca59-48ea-934d-01ec4b78b5ec,masks_images/86c0b784-ca59-48ea-934d-01ec4b78b5ec,3dgs/86c0b784-ca59-48ea-934d-01ec4b78b5ec.ply,images-csv/86c0b784-ca59-48ea-934d-01ec4b78b5ec.csv
86c1c311-e205-4068-a6d8-03d514734c53,images/86c1c311-e205-4068-a6d8-03d514734c53,depth_est/86c1c311-e205-4068-a6d8-03d514734c53,,sparse/86c1c311-e205-4068-a6d8-03d514734c53,images_raw/86c1c311-e205-4068-a6d8-03d514734c53,masks_raw/86c1c311-e205-4068-a6d8-03d514734c53,masks_images/86c1c311-e205-4068-a6d8-03d514734c53,3dgs/86c1c311-e205-4068-a6d8-03d514734c53.ply,images-csv/86c1c311-e205-4068-a6d8-03d514734c53.csv
86e34b9e-50d9-4380-bb0b-cde757e05343,images/86e34b9e-50d9-4380-bb0b-cde757e05343,depth_est/86e34b9e-50d9-4380-bb0b-cde757e05343,depths/86e34b9e-50d9-4380-bb0b-cde757e05343,sparse/86e34b9e-50d9-4380-bb0b-cde757e05343,images_raw/86e34b9e-50d9-4380-bb0b-cde757e05343,masks_raw/86e34b9e-50d9-4380-bb0b-cde757e05343,masks_images/86e34b9e-50d9-4380-bb0b-cde757e05343,3dgs/86e34b9e-50d9-4380-bb0b-cde757e05343.ply,images-csv/86e34b9e-50d9-4380-bb0b-cde757e05343.csv
86f7afcb-c158-4fe0-8937-0b5c45f20f87,images/86f7afcb-c158-4fe0-8937-0b5c45f20f87,depth_est/86f7afcb-c158-4fe0-8937-0b5c45f20f87,,sparse/86f7afcb-c158-4fe0-8937-0b5c45f20f87,images_raw/86f7afcb-c158-4fe0-8937-0b5c45f20f87,masks_raw/86f7afcb-c158-4fe0-8937-0b5c45f20f87,masks_images/86f7afcb-c158-4fe0-8937-0b5c45f20f87,3dgs/86f7afcb-c158-4fe0-8937-0b5c45f20f87.ply,images-csv/86f7afcb-c158-4fe0-8937-0b5c45f20f87.csv
872d506c-b451-4573-8f82-2c428d8018c6,images/872d506c-b451-4573-8f82-2c428d8018c6,depth_est/872d506c-b451-4573-8f82-2c428d8018c6,,sparse/872d506c-b451-4573-8f82-2c428d8018c6,images_raw/872d506c-b451-4573-8f82-2c428d8018c6,masks_raw/872d506c-b451-4573-8f82-2c428d8018c6,masks_images/872d506c-b451-4573-8f82-2c428d8018c6,3dgs/872d506c-b451-4573-8f82-2c428d8018c6.ply,images-csv/872d506c-b451-4573-8f82-2c428d8018c6.csv
8763dbd4-092a-4881-90c9-8d2fbcf5a494,images/8763dbd4-092a-4881-90c9-8d2fbcf5a494,depth_est/8763dbd4-092a-4881-90c9-8d2fbcf5a494,depths/8763dbd4-092a-4881-90c9-8d2fbcf5a494,sparse/8763dbd4-092a-4881-90c9-8d2fbcf5a494,images_raw/8763dbd4-092a-4881-90c9-8d2fbcf5a494,masks_raw/8763dbd4-092a-4881-90c9-8d2fbcf5a494,masks_images/8763dbd4-092a-4881-90c9-8d2fbcf5a494,3dgs/8763dbd4-092a-4881-90c9-8d2fbcf5a494.ply,images-csv/8763dbd4-092a-4881-90c9-8d2fbcf5a494.csv
877d9e7c-2cd1-496c-954a-9b3340a6cfae,images/877d9e7c-2cd1-496c-954a-9b3340a6cfae,depth_est/877d9e7c-2cd1-496c-954a-9b3340a6cfae,,sparse/877d9e7c-2cd1-496c-954a-9b3340a6cfae,images_raw/877d9e7c-2cd1-496c-954a-9b3340a6cfae,masks_raw/877d9e7c-2cd1-496c-954a-9b3340a6cfae,masks_images/877d9e7c-2cd1-496c-954a-9b3340a6cfae,3dgs/877d9e7c-2cd1-496c-954a-9b3340a6cfae.ply,images-csv/877d9e7c-2cd1-496c-954a-9b3340a6cfae.csv
87aa5845-7d9f-45cb-87b5-87b2f63f0dfe,images/87aa5845-7d9f-45cb-87b5-87b2f63f0dfe,depth_est/87aa5845-7d9f-45cb-87b5-87b2f63f0dfe,,sparse/87aa5845-7d9f-45cb-87b5-87b2f63f0dfe,images_raw/87aa5845-7d9f-45cb-87b5-87b2f63f0dfe,masks_raw/87aa5845-7d9f-45cb-87b5-87b2f63f0dfe,masks_images/87aa5845-7d9f-45cb-87b5-87b2f63f0dfe,3dgs/87aa5845-7d9f-45cb-87b5-87b2f63f0dfe.ply,images-csv/87aa5845-7d9f-45cb-87b5-87b2f63f0dfe.csv
87f24e8b-1e7c-4ce6-b7bc-403cf5f12a2e,images/87f24e8b-1e7c-4ce6-b7bc-403cf5f12a2e,depth_est/87f24e8b-1e7c-4ce6-b7bc-403cf5f12a2e,depths/87f24e8b-1e7c-4ce6-b7bc-403cf5f12a2e,sparse/87f24e8b-1e7c-4ce6-b7bc-403cf5f12a2e,images_raw/87f24e8b-1e7c-4ce6-b7bc-403cf5f12a2e,masks_raw/87f24e8b-1e7c-4ce6-b7bc-403cf5f12a2e,masks_images/87f24e8b-1e7c-4ce6-b7bc-403cf5f12a2e,3dgs/87f24e8b-1e7c-4ce6-b7bc-403cf5f12a2e.ply,images-csv/87f24e8b-1e7c-4ce6-b7bc-403cf5f12a2e.csv
8821d7c2-939d-4364-aaa2-9f1cab593219,images/8821d7c2-939d-4364-aaa2-9f1cab593219,depth_est/8821d7c2-939d-4364-aaa2-9f1cab593219,,sparse/8821d7c2-939d-4364-aaa2-9f1cab593219,images_raw/8821d7c2-939d-4364-aaa2-9f1cab593219,masks_raw/8821d7c2-939d-4364-aaa2-9f1cab593219,masks_images/8821d7c2-939d-4364-aaa2-9f1cab593219,3dgs/8821d7c2-939d-4364-aaa2-9f1cab593219.ply,images-csv/8821d7c2-939d-4364-aaa2-9f1cab593219.csv
8856a926-854c-4821-986a-ca6a89e2d3e7,images/8856a926-854c-4821-986a-ca6a89e2d3e7,depth_est/8856a926-854c-4821-986a-ca6a89e2d3e7,,sparse/8856a926-854c-4821-986a-ca6a89e2d3e7,images_raw/8856a926-854c-4821-986a-ca6a89e2d3e7,masks_raw/8856a926-854c-4821-986a-ca6a89e2d3e7,masks_images/8856a926-854c-4821-986a-ca6a89e2d3e7,3dgs/8856a926-854c-4821-986a-ca6a89e2d3e7.ply,images-csv/8856a926-854c-4821-986a-ca6a89e2d3e7.csv
892392db-b6ac-429b-95af-cd5f8ecee64b,images/892392db-b6ac-429b-95af-cd5f8ecee64b,depth_est/892392db-b6ac-429b-95af-cd5f8ecee64b,,sparse/892392db-b6ac-429b-95af-cd5f8ecee64b,images_raw/892392db-b6ac-429b-95af-cd5f8ecee64b,masks_raw/892392db-b6ac-429b-95af-cd5f8ecee64b,masks_images/892392db-b6ac-429b-95af-cd5f8ecee64b,3dgs/892392db-b6ac-429b-95af-cd5f8ecee64b.ply,images-csv/892392db-b6ac-429b-95af-cd5f8ecee64b.csv
893e655a-bf36-46ab-a7d4-507a618c4292,images/893e655a-bf36-46ab-a7d4-507a618c4292,depth_est/893e655a-bf36-46ab-a7d4-507a618c4292,depths/893e655a-bf36-46ab-a7d4-507a618c4292,sparse/893e655a-bf36-46ab-a7d4-507a618c4292,images_raw/893e655a-bf36-46ab-a7d4-507a618c4292,masks_raw/893e655a-bf36-46ab-a7d4-507a618c4292,masks_images/893e655a-bf36-46ab-a7d4-507a618c4292,3dgs/893e655a-bf36-46ab-a7d4-507a618c4292.ply,images-csv/893e655a-bf36-46ab-a7d4-507a618c4292.csv
897393f4-f477-4c3a-87b8-e2c0a2b1ecc5,images/897393f4-f477-4c3a-87b8-e2c0a2b1ecc5,depth_est/897393f4-f477-4c3a-87b8-e2c0a2b1ecc5,depths/897393f4-f477-4c3a-87b8-e2c0a2b1ecc5,sparse/897393f4-f477-4c3a-87b8-e2c0a2b1ecc5,images_raw/897393f4-f477-4c3a-87b8-e2c0a2b1ecc5,masks_raw/897393f4-f477-4c3a-87b8-e2c0a2b1ecc5,masks_images/897393f4-f477-4c3a-87b8-e2c0a2b1ecc5,3dgs/897393f4-f477-4c3a-87b8-e2c0a2b1ecc5.ply,images-csv/897393f4-f477-4c3a-87b8-e2c0a2b1ecc5.csv
89bd011d-585f-4798-840a-55079ba10ffe,images/89bd011d-585f-4798-840a-55079ba10ffe,depth_est/89bd011d-585f-4798-840a-55079ba10ffe,,sparse/89bd011d-585f-4798-840a-55079ba10ffe,images_raw/89bd011d-585f-4798-840a-55079ba10ffe,masks_raw/89bd011d-585f-4798-840a-55079ba10ffe,masks_images/89bd011d-585f-4798-840a-55079ba10ffe,3dgs/89bd011d-585f-4798-840a-55079ba10ffe.ply,images-csv/89bd011d-585f-4798-840a-55079ba10ffe.csv
8a1cb25b-7000-431e-8a0b-4372749cfbe0,images/8a1cb25b-7000-431e-8a0b-4372749cfbe0,depth_est/8a1cb25b-7000-431e-8a0b-4372749cfbe0,,sparse/8a1cb25b-7000-431e-8a0b-4372749cfbe0,images_raw/8a1cb25b-7000-431e-8a0b-4372749cfbe0,masks_raw/8a1cb25b-7000-431e-8a0b-4372749cfbe0,masks_images/8a1cb25b-7000-431e-8a0b-4372749cfbe0,3dgs/8a1cb25b-7000-431e-8a0b-4372749cfbe0.ply,images-csv/8a1cb25b-7000-431e-8a0b-4372749cfbe0.csv
8ab26355-646a-45fe-9e3b-b30c902ee9e5,images/8ab26355-646a-45fe-9e3b-b30c902ee9e5,depth_est/8ab26355-646a-45fe-9e3b-b30c902ee9e5,,sparse/8ab26355-646a-45fe-9e3b-b30c902ee9e5,images_raw/8ab26355-646a-45fe-9e3b-b30c902ee9e5,masks_raw/8ab26355-646a-45fe-9e3b-b30c902ee9e5,masks_images/8ab26355-646a-45fe-9e3b-b30c902ee9e5,3dgs/8ab26355-646a-45fe-9e3b-b30c902ee9e5.ply,images-csv/8ab26355-646a-45fe-9e3b-b30c902ee9e5.csv
8aeee58f-e004-4a19-9e38-1f8282e1a01a,images/8aeee58f-e004-4a19-9e38-1f8282e1a01a,depth_est/8aeee58f-e004-4a19-9e38-1f8282e1a01a,depths/8aeee58f-e004-4a19-9e38-1f8282e1a01a,sparse/8aeee58f-e004-4a19-9e38-1f8282e1a01a,images_raw/8aeee58f-e004-4a19-9e38-1f8282e1a01a,masks_raw/8aeee58f-e004-4a19-9e38-1f8282e1a01a,masks_images/8aeee58f-e004-4a19-9e38-1f8282e1a01a,3dgs/8aeee58f-e004-4a19-9e38-1f8282e1a01a.ply,images-csv/8aeee58f-e004-4a19-9e38-1f8282e1a01a.csv
8b02c96e-bbfb-4968-9179-97c53f5ba4ee,images/8b02c96e-bbfb-4968-9179-97c53f5ba4ee,depth_est/8b02c96e-bbfb-4968-9179-97c53f5ba4ee,,sparse/8b02c96e-bbfb-4968-9179-97c53f5ba4ee,images_raw/8b02c96e-bbfb-4968-9179-97c53f5ba4ee,masks_raw/8b02c96e-bbfb-4968-9179-97c53f5ba4ee,masks_images/8b02c96e-bbfb-4968-9179-97c53f5ba4ee,3dgs/8b02c96e-bbfb-4968-9179-97c53f5ba4ee.ply,images-csv/8b02c96e-bbfb-4968-9179-97c53f5ba4ee.csv
8b1c286c-f5ed-4277-9787-a12fcc0baa34,images/8b1c286c-f5ed-4277-9787-a12fcc0baa34,depth_est/8b1c286c-f5ed-4277-9787-a12fcc0baa34,depths/8b1c286c-f5ed-4277-9787-a12fcc0baa34,sparse/8b1c286c-f5ed-4277-9787-a12fcc0baa34,images_raw/8b1c286c-f5ed-4277-9787-a12fcc0baa34,masks_raw/8b1c286c-f5ed-4277-9787-a12fcc0baa34,masks_images/8b1c286c-f5ed-4277-9787-a12fcc0baa34,3dgs/8b1c286c-f5ed-4277-9787-a12fcc0baa34.ply,images-csv/8b1c286c-f5ed-4277-9787-a12fcc0baa34.csv
8b603017-aca8-4320-bab4-0810a74e3251,images/8b603017-aca8-4320-bab4-0810a74e3251,depth_est/8b603017-aca8-4320-bab4-0810a74e3251,,sparse/8b603017-aca8-4320-bab4-0810a74e3251,images_raw/8b603017-aca8-4320-bab4-0810a74e3251,masks_raw/8b603017-aca8-4320-bab4-0810a74e3251,masks_images/8b603017-aca8-4320-bab4-0810a74e3251,3dgs/8b603017-aca8-4320-bab4-0810a74e3251.ply,images-csv/8b603017-aca8-4320-bab4-0810a74e3251.csv
8c238f22-371f-41eb-b059-0d18fad4eb97,images/8c238f22-371f-41eb-b059-0d18fad4eb97,depth_est/8c238f22-371f-41eb-b059-0d18fad4eb97,depths/8c238f22-371f-41eb-b059-0d18fad4eb97,sparse/8c238f22-371f-41eb-b059-0d18fad4eb97,images_raw/8c238f22-371f-41eb-b059-0d18fad4eb97,masks_raw/8c238f22-371f-41eb-b059-0d18fad4eb97,masks_images/8c238f22-371f-41eb-b059-0d18fad4eb97,3dgs/8c238f22-371f-41eb-b059-0d18fad4eb97.ply,images-csv/8c238f22-371f-41eb-b059-0d18fad4eb97.csv
8ce0bd95-1cf0-48e2-8eae-e0110c68448c,images/8ce0bd95-1cf0-48e2-8eae-e0110c68448c,depth_est/8ce0bd95-1cf0-48e2-8eae-e0110c68448c,depths/8ce0bd95-1cf0-48e2-8eae-e0110c68448c,sparse/8ce0bd95-1cf0-48e2-8eae-e0110c68448c,images_raw/8ce0bd95-1cf0-48e2-8eae-e0110c68448c,masks_raw/8ce0bd95-1cf0-48e2-8eae-e0110c68448c,masks_images/8ce0bd95-1cf0-48e2-8eae-e0110c68448c,3dgs/8ce0bd95-1cf0-48e2-8eae-e0110c68448c.ply,images-csv/8ce0bd95-1cf0-48e2-8eae-e0110c68448c.csv
8ce94c42-a172-449c-8cd7-4aa79f2d83a2,images/8ce94c42-a172-449c-8cd7-4aa79f2d83a2,depth_est/8ce94c42-a172-449c-8cd7-4aa79f2d83a2,,sparse/8ce94c42-a172-449c-8cd7-4aa79f2d83a2,images_raw/8ce94c42-a172-449c-8cd7-4aa79f2d83a2,masks_raw/8ce94c42-a172-449c-8cd7-4aa79f2d83a2,masks_images/8ce94c42-a172-449c-8cd7-4aa79f2d83a2,3dgs/8ce94c42-a172-449c-8cd7-4aa79f2d83a2.ply,images-csv/8ce94c42-a172-449c-8cd7-4aa79f2d83a2.csv
8df28ba3-cf4c-4553-9377-e372e57a51be,images/8df28ba3-cf4c-4553-9377-e372e57a51be,depth_est/8df28ba3-cf4c-4553-9377-e372e57a51be,,sparse/8df28ba3-cf4c-4553-9377-e372e57a51be,images_raw/8df28ba3-cf4c-4553-9377-e372e57a51be,masks_raw/8df28ba3-cf4c-4553-9377-e372e57a51be,masks_images/8df28ba3-cf4c-4553-9377-e372e57a51be,3dgs/8df28ba3-cf4c-4553-9377-e372e57a51be.ply,images-csv/8df28ba3-cf4c-4553-9377-e372e57a51be.csv
8e1e4107-6d3d-4e64-b8b1-cb9eedbaf553,images/8e1e4107-6d3d-4e64-b8b1-cb9eedbaf553,depth_est/8e1e4107-6d3d-4e64-b8b1-cb9eedbaf553,depths/8e1e4107-6d3d-4e64-b8b1-cb9eedbaf553,sparse/8e1e4107-6d3d-4e64-b8b1-cb9eedbaf553,images_raw/8e1e4107-6d3d-4e64-b8b1-cb9eedbaf553,masks_raw/8e1e4107-6d3d-4e64-b8b1-cb9eedbaf553,masks_images/8e1e4107-6d3d-4e64-b8b1-cb9eedbaf553,3dgs/8e1e4107-6d3d-4e64-b8b1-cb9eedbaf553.ply,images-csv/8e1e4107-6d3d-4e64-b8b1-cb9eedbaf553.csv
8e2217c3-bb88-45ad-ba3f-7c9d7b3232f5,images/8e2217c3-bb88-45ad-ba3f-7c9d7b3232f5,depth_est/8e2217c3-bb88-45ad-ba3f-7c9d7b3232f5,,sparse/8e2217c3-bb88-45ad-ba3f-7c9d7b3232f5,images_raw/8e2217c3-bb88-45ad-ba3f-7c9d7b3232f5,masks_raw/8e2217c3-bb88-45ad-ba3f-7c9d7b3232f5,masks_images/8e2217c3-bb88-45ad-ba3f-7c9d7b3232f5,3dgs/8e2217c3-bb88-45ad-ba3f-7c9d7b3232f5.ply,images-csv/8e2217c3-bb88-45ad-ba3f-7c9d7b3232f5.csv
8e296bda-0e3f-4e50-885d-1b20a6ece7a8,images/8e296bda-0e3f-4e50-885d-1b20a6ece7a8,depth_est/8e296bda-0e3f-4e50-885d-1b20a6ece7a8,depths/8e296bda-0e3f-4e50-885d-1b20a6ece7a8,sparse/8e296bda-0e3f-4e50-885d-1b20a6ece7a8,images_raw/8e296bda-0e3f-4e50-885d-1b20a6ece7a8,masks_raw/8e296bda-0e3f-4e50-885d-1b20a6ece7a8,masks_images/8e296bda-0e3f-4e50-885d-1b20a6ece7a8,3dgs/8e296bda-0e3f-4e50-885d-1b20a6ece7a8.ply,images-csv/8e296bda-0e3f-4e50-885d-1b20a6ece7a8.csv
8e371ba9-a980-48e7-b022-8af8b49191c9,images/8e371ba9-a980-48e7-b022-8af8b49191c9,depth_est/8e371ba9-a980-48e7-b022-8af8b49191c9,depths/8e371ba9-a980-48e7-b022-8af8b49191c9,sparse/8e371ba9-a980-48e7-b022-8af8b49191c9,images_raw/8e371ba9-a980-48e7-b022-8af8b49191c9,masks_raw/8e371ba9-a980-48e7-b022-8af8b49191c9,masks_images/8e371ba9-a980-48e7-b022-8af8b49191c9,3dgs/8e371ba9-a980-48e7-b022-8af8b49191c9.ply,images-csv/8e371ba9-a980-48e7-b022-8af8b49191c9.csv
8ed67373-8311-492f-9174-d5b4e2d13c67,images/8ed67373-8311-492f-9174-d5b4e2d13c67,depth_est/8ed67373-8311-492f-9174-d5b4e2d13c67,depths/8ed67373-8311-492f-9174-d5b4e2d13c67,sparse/8ed67373-8311-492f-9174-d5b4e2d13c67,images_raw/8ed67373-8311-492f-9174-d5b4e2d13c67,masks_raw/8ed67373-8311-492f-9174-d5b4e2d13c67,masks_images/8ed67373-8311-492f-9174-d5b4e2d13c67,3dgs/8ed67373-8311-492f-9174-d5b4e2d13c67.ply,images-csv/8ed67373-8311-492f-9174-d5b4e2d13c67.csv
8f460bad-5fd1-47c1-b7f3-07111d25d58c,images/8f460bad-5fd1-47c1-b7f3-07111d25d58c,depth_est/8f460bad-5fd1-47c1-b7f3-07111d25d58c,depths/8f460bad-5fd1-47c1-b7f3-07111d25d58c,sparse/8f460bad-5fd1-47c1-b7f3-07111d25d58c,images_raw/8f460bad-5fd1-47c1-b7f3-07111d25d58c,masks_raw/8f460bad-5fd1-47c1-b7f3-07111d25d58c,masks_images/8f460bad-5fd1-47c1-b7f3-07111d25d58c,3dgs/8f460bad-5fd1-47c1-b7f3-07111d25d58c.ply,images-csv/8f460bad-5fd1-47c1-b7f3-07111d25d58c.csv
8f5d55db-b850-4f68-a7c4-dae320c4cbc1,images/8f5d55db-b850-4f68-a7c4-dae320c4cbc1,depth_est/8f5d55db-b850-4f68-a7c4-dae320c4cbc1,depths/8f5d55db-b850-4f68-a7c4-dae320c4cbc1,sparse/8f5d55db-b850-4f68-a7c4-dae320c4cbc1,images_raw/8f5d55db-b850-4f68-a7c4-dae320c4cbc1,masks_raw/8f5d55db-b850-4f68-a7c4-dae320c4cbc1,masks_images/8f5d55db-b850-4f68-a7c4-dae320c4cbc1,3dgs/8f5d55db-b850-4f68-a7c4-dae320c4cbc1.ply,images-csv/8f5d55db-b850-4f68-a7c4-dae320c4cbc1.csv
900e49a4-bc79-424e-8572-9980610938da,images/900e49a4-bc79-424e-8572-9980610938da,depth_est/900e49a4-bc79-424e-8572-9980610938da,depths/900e49a4-bc79-424e-8572-9980610938da,sparse/900e49a4-bc79-424e-8572-9980610938da,images_raw/900e49a4-bc79-424e-8572-9980610938da,masks_raw/900e49a4-bc79-424e-8572-9980610938da,masks_images/900e49a4-bc79-424e-8572-9980610938da,3dgs/900e49a4-bc79-424e-8572-9980610938da.ply,images-csv/900e49a4-bc79-424e-8572-9980610938da.csv
901a6319-0396-4ac9-9a01-2998354aebb4,images/901a6319-0396-4ac9-9a01-2998354aebb4,depth_est/901a6319-0396-4ac9-9a01-2998354aebb4,depths/901a6319-0396-4ac9-9a01-2998354aebb4,sparse/901a6319-0396-4ac9-9a01-2998354aebb4,images_raw/901a6319-0396-4ac9-9a01-2998354aebb4,masks_raw/901a6319-0396-4ac9-9a01-2998354aebb4,masks_images/901a6319-0396-4ac9-9a01-2998354aebb4,3dgs/901a6319-0396-4ac9-9a01-2998354aebb4.ply,images-csv/901a6319-0396-4ac9-9a01-2998354aebb4.csv
904bbca4-9acc-46b3-9c27-48cb5484399d,images/904bbca4-9acc-46b3-9c27-48cb5484399d,depth_est/904bbca4-9acc-46b3-9c27-48cb5484399d,depths/904bbca4-9acc-46b3-9c27-48cb5484399d,sparse/904bbca4-9acc-46b3-9c27-48cb5484399d,images_raw/904bbca4-9acc-46b3-9c27-48cb5484399d,masks_raw/904bbca4-9acc-46b3-9c27-48cb5484399d,masks_images/904bbca4-9acc-46b3-9c27-48cb5484399d,3dgs/904bbca4-9acc-46b3-9c27-48cb5484399d.ply,images-csv/904bbca4-9acc-46b3-9c27-48cb5484399d.csv
904fc0bf-f026-493c-86ca-a78bfd613810,images/904fc0bf-f026-493c-86ca-a78bfd613810,depth_est/904fc0bf-f026-493c-86ca-a78bfd613810,,sparse/904fc0bf-f026-493c-86ca-a78bfd613810,images_raw/904fc0bf-f026-493c-86ca-a78bfd613810,masks_raw/904fc0bf-f026-493c-86ca-a78bfd613810,masks_images/904fc0bf-f026-493c-86ca-a78bfd613810,3dgs/904fc0bf-f026-493c-86ca-a78bfd613810.ply,images-csv/904fc0bf-f026-493c-86ca-a78bfd613810.csv
9064040e-41be-4161-8e06-4863e922b18a,images/9064040e-41be-4161-8e06-4863e922b18a,depth_est/9064040e-41be-4161-8e06-4863e922b18a,depths/9064040e-41be-4161-8e06-4863e922b18a,sparse/9064040e-41be-4161-8e06-4863e922b18a,images_raw/9064040e-41be-4161-8e06-4863e922b18a,masks_raw/9064040e-41be-4161-8e06-4863e922b18a,masks_images/9064040e-41be-4161-8e06-4863e922b18a,3dgs/9064040e-41be-4161-8e06-4863e922b18a.ply,images-csv/9064040e-41be-4161-8e06-4863e922b18a.csv
90ace6c1-c37d-40e0-a124-fd197abef6a3,images/90ace6c1-c37d-40e0-a124-fd197abef6a3,depth_est/90ace6c1-c37d-40e0-a124-fd197abef6a3,depths/90ace6c1-c37d-40e0-a124-fd197abef6a3,sparse/90ace6c1-c37d-40e0-a124-fd197abef6a3,images_raw/90ace6c1-c37d-40e0-a124-fd197abef6a3,masks_raw/90ace6c1-c37d-40e0-a124-fd197abef6a3,masks_images/90ace6c1-c37d-40e0-a124-fd197abef6a3,3dgs/90ace6c1-c37d-40e0-a124-fd197abef6a3.ply,images-csv/90ace6c1-c37d-40e0-a124-fd197abef6a3.csv
90d7cdd8-2d47-4ed1-86aa-b3eb15009836,images/90d7cdd8-2d47-4ed1-86aa-b3eb15009836,depth_est/90d7cdd8-2d47-4ed1-86aa-b3eb15009836,,sparse/90d7cdd8-2d47-4ed1-86aa-b3eb15009836,images_raw/90d7cdd8-2d47-4ed1-86aa-b3eb15009836,masks_raw/90d7cdd8-2d47-4ed1-86aa-b3eb15009836,masks_images/90d7cdd8-2d47-4ed1-86aa-b3eb15009836,3dgs/90d7cdd8-2d47-4ed1-86aa-b3eb15009836.ply,images-csv/90d7cdd8-2d47-4ed1-86aa-b3eb15009836.csv
90dfe9fe-a08e-422e-93a5-f9a6f0810fe9,images/90dfe9fe-a08e-422e-93a5-f9a6f0810fe9,depth_est/90dfe9fe-a08e-422e-93a5-f9a6f0810fe9,depths/90dfe9fe-a08e-422e-93a5-f9a6f0810fe9,sparse/90dfe9fe-a08e-422e-93a5-f9a6f0810fe9,images_raw/90dfe9fe-a08e-422e-93a5-f9a6f0810fe9,masks_raw/90dfe9fe-a08e-422e-93a5-f9a6f0810fe9,masks_images/90dfe9fe-a08e-422e-93a5-f9a6f0810fe9,3dgs/90dfe9fe-a08e-422e-93a5-f9a6f0810fe9.ply,images-csv/90dfe9fe-a08e-422e-93a5-f9a6f0810fe9.csv
910e60ef-8d01-45cd-ad33-8db2827a5e65,images/910e60ef-8d01-45cd-ad33-8db2827a5e65,depth_est/910e60ef-8d01-45cd-ad33-8db2827a5e65,depths/910e60ef-8d01-45cd-ad33-8db2827a5e65,sparse/910e60ef-8d01-45cd-ad33-8db2827a5e65,images_raw/910e60ef-8d01-45cd-ad33-8db2827a5e65,masks_raw/910e60ef-8d01-45cd-ad33-8db2827a5e65,masks_images/910e60ef-8d01-45cd-ad33-8db2827a5e65,3dgs/910e60ef-8d01-45cd-ad33-8db2827a5e65.ply,images-csv/910e60ef-8d01-45cd-ad33-8db2827a5e65.csv
9137e21d-81cc-4b40-80b7-2d0f807755c6,images/9137e21d-81cc-4b40-80b7-2d0f807755c6,depth_est/9137e21d-81cc-4b40-80b7-2d0f807755c6,,sparse/9137e21d-81cc-4b40-80b7-2d0f807755c6,images_raw/9137e21d-81cc-4b40-80b7-2d0f807755c6,masks_raw/9137e21d-81cc-4b40-80b7-2d0f807755c6,masks_images/9137e21d-81cc-4b40-80b7-2d0f807755c6,3dgs/9137e21d-81cc-4b40-80b7-2d0f807755c6.ply,images-csv/9137e21d-81cc-4b40-80b7-2d0f807755c6.csv
91a144fc-660e-4416-b724-c2b19f3a4003,images/91a144fc-660e-4416-b724-c2b19f3a4003,depth_est/91a144fc-660e-4416-b724-c2b19f3a4003,depths/91a144fc-660e-4416-b724-c2b19f3a4003,sparse/91a144fc-660e-4416-b724-c2b19f3a4003,images_raw/91a144fc-660e-4416-b724-c2b19f3a4003,masks_raw/91a144fc-660e-4416-b724-c2b19f3a4003,masks_images/91a144fc-660e-4416-b724-c2b19f3a4003,3dgs/91a144fc-660e-4416-b724-c2b19f3a4003.ply,images-csv/91a144fc-660e-4416-b724-c2b19f3a4003.csv
91bec6f1-b989-4c88-ad0a-a0e0883021d5,images/91bec6f1-b989-4c88-ad0a-a0e0883021d5,depth_est/91bec6f1-b989-4c88-ad0a-a0e0883021d5,,sparse/91bec6f1-b989-4c88-ad0a-a0e0883021d5,images_raw/91bec6f1-b989-4c88-ad0a-a0e0883021d5,masks_raw/91bec6f1-b989-4c88-ad0a-a0e0883021d5,masks_images/91bec6f1-b989-4c88-ad0a-a0e0883021d5,3dgs/91bec6f1-b989-4c88-ad0a-a0e0883021d5.ply,images-csv/91bec6f1-b989-4c88-ad0a-a0e0883021d5.csv
92397c22-c943-4dfe-998c-18c83200602d,images/92397c22-c943-4dfe-998c-18c83200602d,depth_est/92397c22-c943-4dfe-998c-18c83200602d,depths/92397c22-c943-4dfe-998c-18c83200602d,sparse/92397c22-c943-4dfe-998c-18c83200602d,images_raw/92397c22-c943-4dfe-998c-18c83200602d,masks_raw/92397c22-c943-4dfe-998c-18c83200602d,masks_images/92397c22-c943-4dfe-998c-18c83200602d,3dgs/92397c22-c943-4dfe-998c-18c83200602d.ply,images-csv/92397c22-c943-4dfe-998c-18c83200602d.csv
926f51fb-4fa3-4ee5-97c1-d2a235f6a567,images/926f51fb-4fa3-4ee5-97c1-d2a235f6a567,depth_est/926f51fb-4fa3-4ee5-97c1-d2a235f6a567,,sparse/926f51fb-4fa3-4ee5-97c1-d2a235f6a567,images_raw/926f51fb-4fa3-4ee5-97c1-d2a235f6a567,masks_raw/926f51fb-4fa3-4ee5-97c1-d2a235f6a567,masks_images/926f51fb-4fa3-4ee5-97c1-d2a235f6a567,3dgs/926f51fb-4fa3-4ee5-97c1-d2a235f6a567.ply,images-csv/926f51fb-4fa3-4ee5-97c1-d2a235f6a567.csv
92be4c60-b248-40b3-b635-f9f0b7452cba,images/92be4c60-b248-40b3-b635-f9f0b7452cba,depth_est/92be4c60-b248-40b3-b635-f9f0b7452cba,depths/92be4c60-b248-40b3-b635-f9f0b7452cba,sparse/92be4c60-b248-40b3-b635-f9f0b7452cba,images_raw/92be4c60-b248-40b3-b635-f9f0b7452cba,masks_raw/92be4c60-b248-40b3-b635-f9f0b7452cba,masks_images/92be4c60-b248-40b3-b635-f9f0b7452cba,3dgs/92be4c60-b248-40b3-b635-f9f0b7452cba.ply,images-csv/92be4c60-b248-40b3-b635-f9f0b7452cba.csv
92eef15e-e08c-43fb-9d8d-faac829d90ff,images/92eef15e-e08c-43fb-9d8d-faac829d90ff,depth_est/92eef15e-e08c-43fb-9d8d-faac829d90ff,depths/92eef15e-e08c-43fb-9d8d-faac829d90ff,sparse/92eef15e-e08c-43fb-9d8d-faac829d90ff,images_raw/92eef15e-e08c-43fb-9d8d-faac829d90ff,masks_raw/92eef15e-e08c-43fb-9d8d-faac829d90ff,masks_images/92eef15e-e08c-43fb-9d8d-faac829d90ff,3dgs/92eef15e-e08c-43fb-9d8d-faac829d90ff.ply,images-csv/92eef15e-e08c-43fb-9d8d-faac829d90ff.csv
93061676-9a05-4c64-b0a4-ed1eb8d66288,images/93061676-9a05-4c64-b0a4-ed1eb8d66288,depth_est/93061676-9a05-4c64-b0a4-ed1eb8d66288,,sparse/93061676-9a05-4c64-b0a4-ed1eb8d66288,images_raw/93061676-9a05-4c64-b0a4-ed1eb8d66288,masks_raw/93061676-9a05-4c64-b0a4-ed1eb8d66288,masks_images/93061676-9a05-4c64-b0a4-ed1eb8d66288,3dgs/93061676-9a05-4c64-b0a4-ed1eb8d66288.ply,images-csv/93061676-9a05-4c64-b0a4-ed1eb8d66288.csv
9348e5ec-0953-45f5-96f0-7b1d001b25a7,images/9348e5ec-0953-45f5-96f0-7b1d001b25a7,depth_est/9348e5ec-0953-45f5-96f0-7b1d001b25a7,depths/9348e5ec-0953-45f5-96f0-7b1d001b25a7,sparse/9348e5ec-0953-45f5-96f0-7b1d001b25a7,images_raw/9348e5ec-0953-45f5-96f0-7b1d001b25a7,masks_raw/9348e5ec-0953-45f5-96f0-7b1d001b25a7,masks_images/9348e5ec-0953-45f5-96f0-7b1d001b25a7,3dgs/9348e5ec-0953-45f5-96f0-7b1d001b25a7.ply,images-csv/9348e5ec-0953-45f5-96f0-7b1d001b25a7.csv
935a9aff-9a4c-4cf1-941f-cc2601a56298,images/935a9aff-9a4c-4cf1-941f-cc2601a56298,depth_est/935a9aff-9a4c-4cf1-941f-cc2601a56298,,sparse/935a9aff-9a4c-4cf1-941f-cc2601a56298,images_raw/935a9aff-9a4c-4cf1-941f-cc2601a56298,masks_raw/935a9aff-9a4c-4cf1-941f-cc2601a56298,masks_images/935a9aff-9a4c-4cf1-941f-cc2601a56298,3dgs/935a9aff-9a4c-4cf1-941f-cc2601a56298.ply,images-csv/935a9aff-9a4c-4cf1-941f-cc2601a56298.csv
9363d787-f324-4509-84c3-094bce148e65,images/9363d787-f324-4509-84c3-094bce148e65,depth_est/9363d787-f324-4509-84c3-094bce148e65,,sparse/9363d787-f324-4509-84c3-094bce148e65,images_raw/9363d787-f324-4509-84c3-094bce148e65,masks_raw/9363d787-f324-4509-84c3-094bce148e65,masks_images/9363d787-f324-4509-84c3-094bce148e65,3dgs/9363d787-f324-4509-84c3-094bce148e65.ply,images-csv/9363d787-f324-4509-84c3-094bce148e65.csv
936bacfa-7a59-485f-a3f7-a680626b1e99,images/936bacfa-7a59-485f-a3f7-a680626b1e99,depth_est/936bacfa-7a59-485f-a3f7-a680626b1e99,,sparse/936bacfa-7a59-485f-a3f7-a680626b1e99,images_raw/936bacfa-7a59-485f-a3f7-a680626b1e99,masks_raw/936bacfa-7a59-485f-a3f7-a680626b1e99,masks_images/936bacfa-7a59-485f-a3f7-a680626b1e99,3dgs/936bacfa-7a59-485f-a3f7-a680626b1e99.ply,images-csv/936bacfa-7a59-485f-a3f7-a680626b1e99.csv
93b50fe3-8851-44a3-a44e-a6444bf74381,images/93b50fe3-8851-44a3-a44e-a6444bf74381,depth_est/93b50fe3-8851-44a3-a44e-a6444bf74381,depths/93b50fe3-8851-44a3-a44e-a6444bf74381,sparse/93b50fe3-8851-44a3-a44e-a6444bf74381,images_raw/93b50fe3-8851-44a3-a44e-a6444bf74381,masks_raw/93b50fe3-8851-44a3-a44e-a6444bf74381,masks_images/93b50fe3-8851-44a3-a44e-a6444bf74381,3dgs/93b50fe3-8851-44a3-a44e-a6444bf74381.ply,images-csv/93b50fe3-8851-44a3-a44e-a6444bf74381.csv
93f1db3c-80e9-46ce-a8aa-20f51ef6c9c1,images/93f1db3c-80e9-46ce-a8aa-20f51ef6c9c1,depth_est/93f1db3c-80e9-46ce-a8aa-20f51ef6c9c1,,sparse/93f1db3c-80e9-46ce-a8aa-20f51ef6c9c1,images_raw/93f1db3c-80e9-46ce-a8aa-20f51ef6c9c1,masks_raw/93f1db3c-80e9-46ce-a8aa-20f51ef6c9c1,masks_images/93f1db3c-80e9-46ce-a8aa-20f51ef6c9c1,3dgs/93f1db3c-80e9-46ce-a8aa-20f51ef6c9c1.ply,images-csv/93f1db3c-80e9-46ce-a8aa-20f51ef6c9c1.csv
94406cd4-cf1b-4b56-97ec-fc0dca09ffc9,images/94406cd4-cf1b-4b56-97ec-fc0dca09ffc9,depth_est/94406cd4-cf1b-4b56-97ec-fc0dca09ffc9,,sparse/94406cd4-cf1b-4b56-97ec-fc0dca09ffc9,images_raw/94406cd4-cf1b-4b56-97ec-fc0dca09ffc9,masks_raw/94406cd4-cf1b-4b56-97ec-fc0dca09ffc9,masks_images/94406cd4-cf1b-4b56-97ec-fc0dca09ffc9,3dgs/94406cd4-cf1b-4b56-97ec-fc0dca09ffc9.ply,images-csv/94406cd4-cf1b-4b56-97ec-fc0dca09ffc9.csv
944456b6-bb69-467b-afdc-89cb6ac886b8,images/944456b6-bb69-467b-afdc-89cb6ac886b8,depth_est/944456b6-bb69-467b-afdc-89cb6ac886b8,,sparse/944456b6-bb69-467b-afdc-89cb6ac886b8,images_raw/944456b6-bb69-467b-afdc-89cb6ac886b8,masks_raw/944456b6-bb69-467b-afdc-89cb6ac886b8,masks_images/944456b6-bb69-467b-afdc-89cb6ac886b8,3dgs/944456b6-bb69-467b-afdc-89cb6ac886b8.ply,images-csv/944456b6-bb69-467b-afdc-89cb6ac886b8.csv
944bb156-d9bd-4cc8-b93b-8d617d15cdb1,images/944bb156-d9bd-4cc8-b93b-8d617d15cdb1,depth_est/944bb156-d9bd-4cc8-b93b-8d617d15cdb1,,sparse/944bb156-d9bd-4cc8-b93b-8d617d15cdb1,images_raw/944bb156-d9bd-4cc8-b93b-8d617d15cdb1,masks_raw/944bb156-d9bd-4cc8-b93b-8d617d15cdb1,masks_images/944bb156-d9bd-4cc8-b93b-8d617d15cdb1,3dgs/944bb156-d9bd-4cc8-b93b-8d617d15cdb1.ply,images-csv/944bb156-d9bd-4cc8-b93b-8d617d15cdb1.csv
95470952-27c1-4596-832e-f41cdbb2dfe7,images/95470952-27c1-4596-832e-f41cdbb2dfe7,depth_est/95470952-27c1-4596-832e-f41cdbb2dfe7,,sparse/95470952-27c1-4596-832e-f41cdbb2dfe7,images_raw/95470952-27c1-4596-832e-f41cdbb2dfe7,masks_raw/95470952-27c1-4596-832e-f41cdbb2dfe7,masks_images/95470952-27c1-4596-832e-f41cdbb2dfe7,3dgs/95470952-27c1-4596-832e-f41cdbb2dfe7.ply,images-csv/95470952-27c1-4596-832e-f41cdbb2dfe7.csv
959a4ce1-4371-4811-981b-4453fdeab1e9,images/959a4ce1-4371-4811-981b-4453fdeab1e9,depth_est/959a4ce1-4371-4811-981b-4453fdeab1e9,,sparse/959a4ce1-4371-4811-981b-4453fdeab1e9,images_raw/959a4ce1-4371-4811-981b-4453fdeab1e9,masks_raw/959a4ce1-4371-4811-981b-4453fdeab1e9,masks_images/959a4ce1-4371-4811-981b-4453fdeab1e9,3dgs/959a4ce1-4371-4811-981b-4453fdeab1e9.ply,images-csv/959a4ce1-4371-4811-981b-4453fdeab1e9.csv
959fc153-b679-494b-960c-139bf038f4df,images/959fc153-b679-494b-960c-139bf038f4df,depth_est/959fc153-b679-494b-960c-139bf038f4df,depths/959fc153-b679-494b-960c-139bf038f4df,sparse/959fc153-b679-494b-960c-139bf038f4df,images_raw/959fc153-b679-494b-960c-139bf038f4df,masks_raw/959fc153-b679-494b-960c-139bf038f4df,masks_images/959fc153-b679-494b-960c-139bf038f4df,3dgs/959fc153-b679-494b-960c-139bf038f4df.ply,images-csv/959fc153-b679-494b-960c-139bf038f4df.csv
95c811b5-5bca-4559-9d11-c973b909556e,images/95c811b5-5bca-4559-9d11-c973b909556e,depth_est/95c811b5-5bca-4559-9d11-c973b909556e,depths/95c811b5-5bca-4559-9d11-c973b909556e,sparse/95c811b5-5bca-4559-9d11-c973b909556e,images_raw/95c811b5-5bca-4559-9d11-c973b909556e,masks_raw/95c811b5-5bca-4559-9d11-c973b909556e,masks_images/95c811b5-5bca-4559-9d11-c973b909556e,3dgs/95c811b5-5bca-4559-9d11-c973b909556e.ply,images-csv/95c811b5-5bca-4559-9d11-c973b909556e.csv
95dcfef1-99c3-4fc2-9c22-bc642d1a5786,images/95dcfef1-99c3-4fc2-9c22-bc642d1a5786,depth_est/95dcfef1-99c3-4fc2-9c22-bc642d1a5786,,sparse/95dcfef1-99c3-4fc2-9c22-bc642d1a5786,images_raw/95dcfef1-99c3-4fc2-9c22-bc642d1a5786,masks_raw/95dcfef1-99c3-4fc2-9c22-bc642d1a5786,masks_images/95dcfef1-99c3-4fc2-9c22-bc642d1a5786,3dgs/95dcfef1-99c3-4fc2-9c22-bc642d1a5786.ply,images-csv/95dcfef1-99c3-4fc2-9c22-bc642d1a5786.csv
95fea537-47f5-4000-8e4b-2a835044fee0,images/95fea537-47f5-4000-8e4b-2a835044fee0,depth_est/95fea537-47f5-4000-8e4b-2a835044fee0,,sparse/95fea537-47f5-4000-8e4b-2a835044fee0,images_raw/95fea537-47f5-4000-8e4b-2a835044fee0,masks_raw/95fea537-47f5-4000-8e4b-2a835044fee0,masks_images/95fea537-47f5-4000-8e4b-2a835044fee0,3dgs/95fea537-47f5-4000-8e4b-2a835044fee0.ply,images-csv/95fea537-47f5-4000-8e4b-2a835044fee0.csv
964b3c5f-be75-4924-9eea-227fc8d60260,images/964b3c5f-be75-4924-9eea-227fc8d60260,depth_est/964b3c5f-be75-4924-9eea-227fc8d60260,depths/964b3c5f-be75-4924-9eea-227fc8d60260,sparse/964b3c5f-be75-4924-9eea-227fc8d60260,images_raw/964b3c5f-be75-4924-9eea-227fc8d60260,masks_raw/964b3c5f-be75-4924-9eea-227fc8d60260,masks_images/964b3c5f-be75-4924-9eea-227fc8d60260,3dgs/964b3c5f-be75-4924-9eea-227fc8d60260.ply,images-csv/964b3c5f-be75-4924-9eea-227fc8d60260.csv
96503951-f17b-4148-90a1-71c97f11b6de,images/96503951-f17b-4148-90a1-71c97f11b6de,depth_est/96503951-f17b-4148-90a1-71c97f11b6de,,sparse/96503951-f17b-4148-90a1-71c97f11b6de,images_raw/96503951-f17b-4148-90a1-71c97f11b6de,masks_raw/96503951-f17b-4148-90a1-71c97f11b6de,masks_images/96503951-f17b-4148-90a1-71c97f11b6de,3dgs/96503951-f17b-4148-90a1-71c97f11b6de.ply,images-csv/96503951-f17b-4148-90a1-71c97f11b6de.csv
969f2f98-9a33-48b6-953e-420de4d8fe2c,images/969f2f98-9a33-48b6-953e-420de4d8fe2c,depth_est/969f2f98-9a33-48b6-953e-420de4d8fe2c,depths/969f2f98-9a33-48b6-953e-420de4d8fe2c,sparse/969f2f98-9a33-48b6-953e-420de4d8fe2c,images_raw/969f2f98-9a33-48b6-953e-420de4d8fe2c,masks_raw/969f2f98-9a33-48b6-953e-420de4d8fe2c,masks_images/969f2f98-9a33-48b6-953e-420de4d8fe2c,3dgs/969f2f98-9a33-48b6-953e-420de4d8fe2c.ply,images-csv/969f2f98-9a33-48b6-953e-420de4d8fe2c.csv
973f64cf-f09d-4d18-80e5-7e1b3e78577a,images/973f64cf-f09d-4d18-80e5-7e1b3e78577a,depth_est/973f64cf-f09d-4d18-80e5-7e1b3e78577a,depths/973f64cf-f09d-4d18-80e5-7e1b3e78577a,sparse/973f64cf-f09d-4d18-80e5-7e1b3e78577a,images_raw/973f64cf-f09d-4d18-80e5-7e1b3e78577a,masks_raw/973f64cf-f09d-4d18-80e5-7e1b3e78577a,masks_images/973f64cf-f09d-4d18-80e5-7e1b3e78577a,3dgs/973f64cf-f09d-4d18-80e5-7e1b3e78577a.ply,images-csv/973f64cf-f09d-4d18-80e5-7e1b3e78577a.csv
9745e262-38fd-404a-975a-806fa4834f9e,images/9745e262-38fd-404a-975a-806fa4834f9e,depth_est/9745e262-38fd-404a-975a-806fa4834f9e,,sparse/9745e262-38fd-404a-975a-806fa4834f9e,images_raw/9745e262-38fd-404a-975a-806fa4834f9e,masks_raw/9745e262-38fd-404a-975a-806fa4834f9e,masks_images/9745e262-38fd-404a-975a-806fa4834f9e,3dgs/9745e262-38fd-404a-975a-806fa4834f9e.ply,images-csv/9745e262-38fd-404a-975a-806fa4834f9e.csv
9769d63b-2c09-4dbf-a42a-4e44f5ea01de,images/9769d63b-2c09-4dbf-a42a-4e44f5ea01de,depth_est/9769d63b-2c09-4dbf-a42a-4e44f5ea01de,depths/9769d63b-2c09-4dbf-a42a-4e44f5ea01de,sparse/9769d63b-2c09-4dbf-a42a-4e44f5ea01de,images_raw/9769d63b-2c09-4dbf-a42a-4e44f5ea01de,masks_raw/9769d63b-2c09-4dbf-a42a-4e44f5ea01de,masks_images/9769d63b-2c09-4dbf-a42a-4e44f5ea01de,3dgs/9769d63b-2c09-4dbf-a42a-4e44f5ea01de.ply,images-csv/9769d63b-2c09-4dbf-a42a-4e44f5ea01de.csv
9794b52b-fa08-4629-8f9a-2a9b1b7019c3,images/9794b52b-fa08-4629-8f9a-2a9b1b7019c3,depth_est/9794b52b-fa08-4629-8f9a-2a9b1b7019c3,,sparse/9794b52b-fa08-4629-8f9a-2a9b1b7019c3,images_raw/9794b52b-fa08-4629-8f9a-2a9b1b7019c3,masks_raw/9794b52b-fa08-4629-8f9a-2a9b1b7019c3,masks_images/9794b52b-fa08-4629-8f9a-2a9b1b7019c3,3dgs/9794b52b-fa08-4629-8f9a-2a9b1b7019c3.ply,images-csv/9794b52b-fa08-4629-8f9a-2a9b1b7019c3.csv
97e149c4-7cbb-41ee-8ca5-ddc21d6bbda9,images/97e149c4-7cbb-41ee-8ca5-ddc21d6bbda9,depth_est/97e149c4-7cbb-41ee-8ca5-ddc21d6bbda9,,sparse/97e149c4-7cbb-41ee-8ca5-ddc21d6bbda9,images_raw/97e149c4-7cbb-41ee-8ca5-ddc21d6bbda9,masks_raw/97e149c4-7cbb-41ee-8ca5-ddc21d6bbda9,masks_images/97e149c4-7cbb-41ee-8ca5-ddc21d6bbda9,3dgs/97e149c4-7cbb-41ee-8ca5-ddc21d6bbda9.ply,images-csv/97e149c4-7cbb-41ee-8ca5-ddc21d6bbda9.csv
980bb226-c29b-4c47-a819-399be50eee92,images/980bb226-c29b-4c47-a819-399be50eee92,depth_est/980bb226-c29b-4c47-a819-399be50eee92,depths/980bb226-c29b-4c47-a819-399be50eee92,sparse/980bb226-c29b-4c47-a819-399be50eee92,images_raw/980bb226-c29b-4c47-a819-399be50eee92,masks_raw/980bb226-c29b-4c47-a819-399be50eee92,masks_images/980bb226-c29b-4c47-a819-399be50eee92,3dgs/980bb226-c29b-4c47-a819-399be50eee92.ply,images-csv/980bb226-c29b-4c47-a819-399be50eee92.csv
98119a99-bd6d-4571-a452-30c7cb2a4f6a,images/98119a99-bd6d-4571-a452-30c7cb2a4f6a,depth_est/98119a99-bd6d-4571-a452-30c7cb2a4f6a,,sparse/98119a99-bd6d-4571-a452-30c7cb2a4f6a,images_raw/98119a99-bd6d-4571-a452-30c7cb2a4f6a,masks_raw/98119a99-bd6d-4571-a452-30c7cb2a4f6a,masks_images/98119a99-bd6d-4571-a452-30c7cb2a4f6a,3dgs/98119a99-bd6d-4571-a452-30c7cb2a4f6a.ply,images-csv/98119a99-bd6d-4571-a452-30c7cb2a4f6a.csv
985b8cac-ef91-43e2-af9e-9d8e1360f82f,images/985b8cac-ef91-43e2-af9e-9d8e1360f82f,depth_est/985b8cac-ef91-43e2-af9e-9d8e1360f82f,,sparse/985b8cac-ef91-43e2-af9e-9d8e1360f82f,images_raw/985b8cac-ef91-43e2-af9e-9d8e1360f82f,masks_raw/985b8cac-ef91-43e2-af9e-9d8e1360f82f,masks_images/985b8cac-ef91-43e2-af9e-9d8e1360f82f,3dgs/985b8cac-ef91-43e2-af9e-9d8e1360f82f.ply,images-csv/985b8cac-ef91-43e2-af9e-9d8e1360f82f.csv
99795cf2-9a31-42a8-b713-ae34cee185b1,images/99795cf2-9a31-42a8-b713-ae34cee185b1,depth_est/99795cf2-9a31-42a8-b713-ae34cee185b1,,sparse/99795cf2-9a31-42a8-b713-ae34cee185b1,images_raw/99795cf2-9a31-42a8-b713-ae34cee185b1,masks_raw/99795cf2-9a31-42a8-b713-ae34cee185b1,masks_images/99795cf2-9a31-42a8-b713-ae34cee185b1,3dgs/99795cf2-9a31-42a8-b713-ae34cee185b1.ply,images-csv/99795cf2-9a31-42a8-b713-ae34cee185b1.csv
99bc9580-1fce-4024-b474-1dc0b32699d6,images/99bc9580-1fce-4024-b474-1dc0b32699d6,depth_est/99bc9580-1fce-4024-b474-1dc0b32699d6,,sparse/99bc9580-1fce-4024-b474-1dc0b32699d6,images_raw/99bc9580-1fce-4024-b474-1dc0b32699d6,masks_raw/99bc9580-1fce-4024-b474-1dc0b32699d6,masks_images/99bc9580-1fce-4024-b474-1dc0b32699d6,3dgs/99bc9580-1fce-4024-b474-1dc0b32699d6.ply,images-csv/99bc9580-1fce-4024-b474-1dc0b32699d6.csv
99c5d4c6-1163-4270-99a4-2ab5803f46a8,images/99c5d4c6-1163-4270-99a4-2ab5803f46a8,depth_est/99c5d4c6-1163-4270-99a4-2ab5803f46a8,depths/99c5d4c6-1163-4270-99a4-2ab5803f46a8,sparse/99c5d4c6-1163-4270-99a4-2ab5803f46a8,images_raw/99c5d4c6-1163-4270-99a4-2ab5803f46a8,masks_raw/99c5d4c6-1163-4270-99a4-2ab5803f46a8,masks_images/99c5d4c6-1163-4270-99a4-2ab5803f46a8,3dgs/99c5d4c6-1163-4270-99a4-2ab5803f46a8.ply,images-csv/99c5d4c6-1163-4270-99a4-2ab5803f46a8.csv
9a004b9c-e2a1-4cdc-890e-125cd669d02e,images/9a004b9c-e2a1-4cdc-890e-125cd669d02e,depth_est/9a004b9c-e2a1-4cdc-890e-125cd669d02e,depths/9a004b9c-e2a1-4cdc-890e-125cd669d02e,sparse/9a004b9c-e2a1-4cdc-890e-125cd669d02e,images_raw/9a004b9c-e2a1-4cdc-890e-125cd669d02e,masks_raw/9a004b9c-e2a1-4cdc-890e-125cd669d02e,masks_images/9a004b9c-e2a1-4cdc-890e-125cd669d02e,3dgs/9a004b9c-e2a1-4cdc-890e-125cd669d02e.ply,images-csv/9a004b9c-e2a1-4cdc-890e-125cd669d02e.csv
9a231820-fc81-4a1a-989d-658befb8095d,images/9a231820-fc81-4a1a-989d-658befb8095d,depth_est/9a231820-fc81-4a1a-989d-658befb8095d,depths/9a231820-fc81-4a1a-989d-658befb8095d,sparse/9a231820-fc81-4a1a-989d-658befb8095d,images_raw/9a231820-fc81-4a1a-989d-658befb8095d,masks_raw/9a231820-fc81-4a1a-989d-658befb8095d,masks_images/9a231820-fc81-4a1a-989d-658befb8095d,3dgs/9a231820-fc81-4a1a-989d-658befb8095d.ply,images-csv/9a231820-fc81-4a1a-989d-658befb8095d.csv
9a907c5a-09f4-4750-9af0-097827a6e7c9,images/9a907c5a-09f4-4750-9af0-097827a6e7c9,depth_est/9a907c5a-09f4-4750-9af0-097827a6e7c9,,sparse/9a907c5a-09f4-4750-9af0-097827a6e7c9,images_raw/9a907c5a-09f4-4750-9af0-097827a6e7c9,masks_raw/9a907c5a-09f4-4750-9af0-097827a6e7c9,masks_images/9a907c5a-09f4-4750-9af0-097827a6e7c9,3dgs/9a907c5a-09f4-4750-9af0-097827a6e7c9.ply,images-csv/9a907c5a-09f4-4750-9af0-097827a6e7c9.csv
9a9dd49e-9374-4d09-b7b4-df2af8e879fd,images/9a9dd49e-9374-4d09-b7b4-df2af8e879fd,depth_est/9a9dd49e-9374-4d09-b7b4-df2af8e879fd,,sparse/9a9dd49e-9374-4d09-b7b4-df2af8e879fd,images_raw/9a9dd49e-9374-4d09-b7b4-df2af8e879fd,masks_raw/9a9dd49e-9374-4d09-b7b4-df2af8e879fd,masks_images/9a9dd49e-9374-4d09-b7b4-df2af8e879fd,3dgs/9a9dd49e-9374-4d09-b7b4-df2af8e879fd.ply,images-csv/9a9dd49e-9374-4d09-b7b4-df2af8e879fd.csv
9b794e0d-3f6d-44bd-b6ed-78396a54c79b,images/9b794e0d-3f6d-44bd-b6ed-78396a54c79b,depth_est/9b794e0d-3f6d-44bd-b6ed-78396a54c79b,depths/9b794e0d-3f6d-44bd-b6ed-78396a54c79b,sparse/9b794e0d-3f6d-44bd-b6ed-78396a54c79b,images_raw/9b794e0d-3f6d-44bd-b6ed-78396a54c79b,masks_raw/9b794e0d-3f6d-44bd-b6ed-78396a54c79b,masks_images/9b794e0d-3f6d-44bd-b6ed-78396a54c79b,3dgs/9b794e0d-3f6d-44bd-b6ed-78396a54c79b.ply,images-csv/9b794e0d-3f6d-44bd-b6ed-78396a54c79b.csv
9b9fa410-5083-4b59-ac7b-cc95d9a058c0,images/9b9fa410-5083-4b59-ac7b-cc95d9a058c0,depth_est/9b9fa410-5083-4b59-ac7b-cc95d9a058c0,depths/9b9fa410-5083-4b59-ac7b-cc95d9a058c0,sparse/9b9fa410-5083-4b59-ac7b-cc95d9a058c0,images_raw/9b9fa410-5083-4b59-ac7b-cc95d9a058c0,masks_raw/9b9fa410-5083-4b59-ac7b-cc95d9a058c0,masks_images/9b9fa410-5083-4b59-ac7b-cc95d9a058c0,3dgs/9b9fa410-5083-4b59-ac7b-cc95d9a058c0.ply,images-csv/9b9fa410-5083-4b59-ac7b-cc95d9a058c0.csv
9bb8f1f6-21b3-4dd5-933e-bcb57e51a47b,images/9bb8f1f6-21b3-4dd5-933e-bcb57e51a47b,depth_est/9bb8f1f6-21b3-4dd5-933e-bcb57e51a47b,,sparse/9bb8f1f6-21b3-4dd5-933e-bcb57e51a47b,images_raw/9bb8f1f6-21b3-4dd5-933e-bcb57e51a47b,masks_raw/9bb8f1f6-21b3-4dd5-933e-bcb57e51a47b,masks_images/9bb8f1f6-21b3-4dd5-933e-bcb57e51a47b,3dgs/9bb8f1f6-21b3-4dd5-933e-bcb57e51a47b.ply,images-csv/9bb8f1f6-21b3-4dd5-933e-bcb57e51a47b.csv
9beb079e-07e5-48fa-a327-ec1d7af142a9,images/9beb079e-07e5-48fa-a327-ec1d7af142a9,depth_est/9beb079e-07e5-48fa-a327-ec1d7af142a9,depths/9beb079e-07e5-48fa-a327-ec1d7af142a9,sparse/9beb079e-07e5-48fa-a327-ec1d7af142a9,images_raw/9beb079e-07e5-48fa-a327-ec1d7af142a9,masks_raw/9beb079e-07e5-48fa-a327-ec1d7af142a9,masks_images/9beb079e-07e5-48fa-a327-ec1d7af142a9,3dgs/9beb079e-07e5-48fa-a327-ec1d7af142a9.ply,images-csv/9beb079e-07e5-48fa-a327-ec1d7af142a9.csv
9bed1d5f-db2a-411e-8ceb-2815dcbc37da,images/9bed1d5f-db2a-411e-8ceb-2815dcbc37da,depth_est/9bed1d5f-db2a-411e-8ceb-2815dcbc37da,depths/9bed1d5f-db2a-411e-8ceb-2815dcbc37da,sparse/9bed1d5f-db2a-411e-8ceb-2815dcbc37da,images_raw/9bed1d5f-db2a-411e-8ceb-2815dcbc37da,masks_raw/9bed1d5f-db2a-411e-8ceb-2815dcbc37da,masks_images/9bed1d5f-db2a-411e-8ceb-2815dcbc37da,3dgs/9bed1d5f-db2a-411e-8ceb-2815dcbc37da.ply,images-csv/9bed1d5f-db2a-411e-8ceb-2815dcbc37da.csv
9c5b924a-0ced-4054-906d-140eb88f2f69,images/9c5b924a-0ced-4054-906d-140eb88f2f69,depth_est/9c5b924a-0ced-4054-906d-140eb88f2f69,,sparse/9c5b924a-0ced-4054-906d-140eb88f2f69,images_raw/9c5b924a-0ced-4054-906d-140eb88f2f69,masks_raw/9c5b924a-0ced-4054-906d-140eb88f2f69,masks_images/9c5b924a-0ced-4054-906d-140eb88f2f69,3dgs/9c5b924a-0ced-4054-906d-140eb88f2f69.ply,images-csv/9c5b924a-0ced-4054-906d-140eb88f2f69.csv
9c85e29e-1e15-41bb-8e08-b8a373e58391,images/9c85e29e-1e15-41bb-8e08-b8a373e58391,depth_est/9c85e29e-1e15-41bb-8e08-b8a373e58391,,sparse/9c85e29e-1e15-41bb-8e08-b8a373e58391,images_raw/9c85e29e-1e15-41bb-8e08-b8a373e58391,masks_raw/9c85e29e-1e15-41bb-8e08-b8a373e58391,masks_images/9c85e29e-1e15-41bb-8e08-b8a373e58391,3dgs/9c85e29e-1e15-41bb-8e08-b8a373e58391.ply,images-csv/9c85e29e-1e15-41bb-8e08-b8a373e58391.csv
9cdc2e4f-a182-48a3-bd2d-37ebb8f58519,images/9cdc2e4f-a182-48a3-bd2d-37ebb8f58519,depth_est/9cdc2e4f-a182-48a3-bd2d-37ebb8f58519,,sparse/9cdc2e4f-a182-48a3-bd2d-37ebb8f58519,images_raw/9cdc2e4f-a182-48a3-bd2d-37ebb8f58519,masks_raw/9cdc2e4f-a182-48a3-bd2d-37ebb8f58519,masks_images/9cdc2e4f-a182-48a3-bd2d-37ebb8f58519,3dgs/9cdc2e4f-a182-48a3-bd2d-37ebb8f58519.ply,images-csv/9cdc2e4f-a182-48a3-bd2d-37ebb8f58519.csv
9d0ef506-67e5-47db-9e55-9ebc4d933ae2,images/9d0ef506-67e5-47db-9e55-9ebc4d933ae2,depth_est/9d0ef506-67e5-47db-9e55-9ebc4d933ae2,depths/9d0ef506-67e5-47db-9e55-9ebc4d933ae2,sparse/9d0ef506-67e5-47db-9e55-9ebc4d933ae2,images_raw/9d0ef506-67e5-47db-9e55-9ebc4d933ae2,masks_raw/9d0ef506-67e5-47db-9e55-9ebc4d933ae2,masks_images/9d0ef506-67e5-47db-9e55-9ebc4d933ae2,3dgs/9d0ef506-67e5-47db-9e55-9ebc4d933ae2.ply,images-csv/9d0ef506-67e5-47db-9e55-9ebc4d933ae2.csv
9d3841d0-3a31-491c-af70-068d3f465c85,images/9d3841d0-3a31-491c-af70-068d3f465c85,depth_est/9d3841d0-3a31-491c-af70-068d3f465c85,depths/9d3841d0-3a31-491c-af70-068d3f465c85,sparse/9d3841d0-3a31-491c-af70-068d3f465c85,images_raw/9d3841d0-3a31-491c-af70-068d3f465c85,masks_raw/9d3841d0-3a31-491c-af70-068d3f465c85,masks_images/9d3841d0-3a31-491c-af70-068d3f465c85,3dgs/9d3841d0-3a31-491c-af70-068d3f465c85.ply,images-csv/9d3841d0-3a31-491c-af70-068d3f465c85.csv
9d55d1d5-aeda-4299-b49f-68324ae6cfb5,images/9d55d1d5-aeda-4299-b49f-68324ae6cfb5,depth_est/9d55d1d5-aeda-4299-b49f-68324ae6cfb5,depths/9d55d1d5-aeda-4299-b49f-68324ae6cfb5,sparse/9d55d1d5-aeda-4299-b49f-68324ae6cfb5,images_raw/9d55d1d5-aeda-4299-b49f-68324ae6cfb5,masks_raw/9d55d1d5-aeda-4299-b49f-68324ae6cfb5,masks_images/9d55d1d5-aeda-4299-b49f-68324ae6cfb5,3dgs/9d55d1d5-aeda-4299-b49f-68324ae6cfb5.ply,images-csv/9d55d1d5-aeda-4299-b49f-68324ae6cfb5.csv
9d803461-3f16-4102-a10e-2dba5b2c553f,images/9d803461-3f16-4102-a10e-2dba5b2c553f,depth_est/9d803461-3f16-4102-a10e-2dba5b2c553f,,sparse/9d803461-3f16-4102-a10e-2dba5b2c553f,images_raw/9d803461-3f16-4102-a10e-2dba5b2c553f,masks_raw/9d803461-3f16-4102-a10e-2dba5b2c553f,masks_images/9d803461-3f16-4102-a10e-2dba5b2c553f,3dgs/9d803461-3f16-4102-a10e-2dba5b2c553f.ply,images-csv/9d803461-3f16-4102-a10e-2dba5b2c553f.csv
9d8f76d0-5259-4594-9409-71d353fe245c,images/9d8f76d0-5259-4594-9409-71d353fe245c,depth_est/9d8f76d0-5259-4594-9409-71d353fe245c,,sparse/9d8f76d0-5259-4594-9409-71d353fe245c,images_raw/9d8f76d0-5259-4594-9409-71d353fe245c,masks_raw/9d8f76d0-5259-4594-9409-71d353fe245c,masks_images/9d8f76d0-5259-4594-9409-71d353fe245c,3dgs/9d8f76d0-5259-4594-9409-71d353fe245c.ply,images-csv/9d8f76d0-5259-4594-9409-71d353fe245c.csv
9da73fb3-a863-4f6f-80ed-be3c20dacc6e,images/9da73fb3-a863-4f6f-80ed-be3c20dacc6e,depth_est/9da73fb3-a863-4f6f-80ed-be3c20dacc6e,depths/9da73fb3-a863-4f6f-80ed-be3c20dacc6e,sparse/9da73fb3-a863-4f6f-80ed-be3c20dacc6e,images_raw/9da73fb3-a863-4f6f-80ed-be3c20dacc6e,masks_raw/9da73fb3-a863-4f6f-80ed-be3c20dacc6e,masks_images/9da73fb3-a863-4f6f-80ed-be3c20dacc6e,3dgs/9da73fb3-a863-4f6f-80ed-be3c20dacc6e.ply,images-csv/9da73fb3-a863-4f6f-80ed-be3c20dacc6e.csv
9dc200eb-a163-46c6-b763-d81d5441be5c,images/9dc200eb-a163-46c6-b763-d81d5441be5c,depth_est/9dc200eb-a163-46c6-b763-d81d5441be5c,,sparse/9dc200eb-a163-46c6-b763-d81d5441be5c,images_raw/9dc200eb-a163-46c6-b763-d81d5441be5c,masks_raw/9dc200eb-a163-46c6-b763-d81d5441be5c,masks_images/9dc200eb-a163-46c6-b763-d81d5441be5c,3dgs/9dc200eb-a163-46c6-b763-d81d5441be5c.ply,images-csv/9dc200eb-a163-46c6-b763-d81d5441be5c.csv
9e0cdaee-2fee-4f5c-8c02-fa32bc70c6fa,images/9e0cdaee-2fee-4f5c-8c02-fa32bc70c6fa,depth_est/9e0cdaee-2fee-4f5c-8c02-fa32bc70c6fa,,sparse/9e0cdaee-2fee-4f5c-8c02-fa32bc70c6fa,images_raw/9e0cdaee-2fee-4f5c-8c02-fa32bc70c6fa,masks_raw/9e0cdaee-2fee-4f5c-8c02-fa32bc70c6fa,masks_images/9e0cdaee-2fee-4f5c-8c02-fa32bc70c6fa,3dgs/9e0cdaee-2fee-4f5c-8c02-fa32bc70c6fa.ply,images-csv/9e0cdaee-2fee-4f5c-8c02-fa32bc70c6fa.csv
9e0de99c-5a98-4e9d-9dea-edc2702ba57b,images/9e0de99c-5a98-4e9d-9dea-edc2702ba57b,depth_est/9e0de99c-5a98-4e9d-9dea-edc2702ba57b,,sparse/9e0de99c-5a98-4e9d-9dea-edc2702ba57b,images_raw/9e0de99c-5a98-4e9d-9dea-edc2702ba57b,masks_raw/9e0de99c-5a98-4e9d-9dea-edc2702ba57b,masks_images/9e0de99c-5a98-4e9d-9dea-edc2702ba57b,3dgs/9e0de99c-5a98-4e9d-9dea-edc2702ba57b.ply,images-csv/9e0de99c-5a98-4e9d-9dea-edc2702ba57b.csv
9e29d2fe-f51f-4097-8ed8-bee2a2b8f92c,images/9e29d2fe-f51f-4097-8ed8-bee2a2b8f92c,depth_est/9e29d2fe-f51f-4097-8ed8-bee2a2b8f92c,,sparse/9e29d2fe-f51f-4097-8ed8-bee2a2b8f92c,images_raw/9e29d2fe-f51f-4097-8ed8-bee2a2b8f92c,masks_raw/9e29d2fe-f51f-4097-8ed8-bee2a2b8f92c,masks_images/9e29d2fe-f51f-4097-8ed8-bee2a2b8f92c,3dgs/9e29d2fe-f51f-4097-8ed8-bee2a2b8f92c.ply,images-csv/9e29d2fe-f51f-4097-8ed8-bee2a2b8f92c.csv
9e7a435f-0ede-40c3-aba3-f73cd8dd678b,images/9e7a435f-0ede-40c3-aba3-f73cd8dd678b,depth_est/9e7a435f-0ede-40c3-aba3-f73cd8dd678b,depths/9e7a435f-0ede-40c3-aba3-f73cd8dd678b,sparse/9e7a435f-0ede-40c3-aba3-f73cd8dd678b,images_raw/9e7a435f-0ede-40c3-aba3-f73cd8dd678b,masks_raw/9e7a435f-0ede-40c3-aba3-f73cd8dd678b,masks_images/9e7a435f-0ede-40c3-aba3-f73cd8dd678b,3dgs/9e7a435f-0ede-40c3-aba3-f73cd8dd678b.ply,images-csv/9e7a435f-0ede-40c3-aba3-f73cd8dd678b.csv
9e7a6828-3117-4ac9-a378-93791a9792d4,images/9e7a6828-3117-4ac9-a378-93791a9792d4,depth_est/9e7a6828-3117-4ac9-a378-93791a9792d4,,sparse/9e7a6828-3117-4ac9-a378-93791a9792d4,images_raw/9e7a6828-3117-4ac9-a378-93791a9792d4,masks_raw/9e7a6828-3117-4ac9-a378-93791a9792d4,masks_images/9e7a6828-3117-4ac9-a378-93791a9792d4,3dgs/9e7a6828-3117-4ac9-a378-93791a9792d4.ply,images-csv/9e7a6828-3117-4ac9-a378-93791a9792d4.csv
9ea75502-32d4-4ef1-b483-3aff69b5bc23,images/9ea75502-32d4-4ef1-b483-3aff69b5bc23,depth_est/9ea75502-32d4-4ef1-b483-3aff69b5bc23,,sparse/9ea75502-32d4-4ef1-b483-3aff69b5bc23,images_raw/9ea75502-32d4-4ef1-b483-3aff69b5bc23,masks_raw/9ea75502-32d4-4ef1-b483-3aff69b5bc23,masks_images/9ea75502-32d4-4ef1-b483-3aff69b5bc23,3dgs/9ea75502-32d4-4ef1-b483-3aff69b5bc23.ply,images-csv/9ea75502-32d4-4ef1-b483-3aff69b5bc23.csv
9f5d0c9a-d2a2-424d-bb8d-9498e3594f7e,images/9f5d0c9a-d2a2-424d-bb8d-9498e3594f7e,depth_est/9f5d0c9a-d2a2-424d-bb8d-9498e3594f7e,depths/9f5d0c9a-d2a2-424d-bb8d-9498e3594f7e,sparse/9f5d0c9a-d2a2-424d-bb8d-9498e3594f7e,images_raw/9f5d0c9a-d2a2-424d-bb8d-9498e3594f7e,masks_raw/9f5d0c9a-d2a2-424d-bb8d-9498e3594f7e,masks_images/9f5d0c9a-d2a2-424d-bb8d-9498e3594f7e,3dgs/9f5d0c9a-d2a2-424d-bb8d-9498e3594f7e.ply,images-csv/9f5d0c9a-d2a2-424d-bb8d-9498e3594f7e.csv
9fc27af4-6db8-4c8c-a17e-b528f7e37588,images/9fc27af4-6db8-4c8c-a17e-b528f7e37588,depth_est/9fc27af4-6db8-4c8c-a17e-b528f7e37588,,sparse/9fc27af4-6db8-4c8c-a17e-b528f7e37588,images_raw/9fc27af4-6db8-4c8c-a17e-b528f7e37588,masks_raw/9fc27af4-6db8-4c8c-a17e-b528f7e37588,masks_images/9fc27af4-6db8-4c8c-a17e-b528f7e37588,3dgs/9fc27af4-6db8-4c8c-a17e-b528f7e37588.ply,images-csv/9fc27af4-6db8-4c8c-a17e-b528f7e37588.csv
a0002e2e-8056-4807-b21a-6997a231686d,images/a0002e2e-8056-4807-b21a-6997a231686d,depth_est/a0002e2e-8056-4807-b21a-6997a231686d,depths/a0002e2e-8056-4807-b21a-6997a231686d,sparse/a0002e2e-8056-4807-b21a-6997a231686d,images_raw/a0002e2e-8056-4807-b21a-6997a231686d,masks_raw/a0002e2e-8056-4807-b21a-6997a231686d,masks_images/a0002e2e-8056-4807-b21a-6997a231686d,3dgs/a0002e2e-8056-4807-b21a-6997a231686d.ply,images-csv/a0002e2e-8056-4807-b21a-6997a231686d.csv
a007c826-2da0-4037-b9f7-8b222125a132,images/a007c826-2da0-4037-b9f7-8b222125a132,depth_est/a007c826-2da0-4037-b9f7-8b222125a132,depths/a007c826-2da0-4037-b9f7-8b222125a132,sparse/a007c826-2da0-4037-b9f7-8b222125a132,images_raw/a007c826-2da0-4037-b9f7-8b222125a132,masks_raw/a007c826-2da0-4037-b9f7-8b222125a132,masks_images/a007c826-2da0-4037-b9f7-8b222125a132,3dgs/a007c826-2da0-4037-b9f7-8b222125a132.ply,images-csv/a007c826-2da0-4037-b9f7-8b222125a132.csv
a00ee922-6444-4ad9-bc99-6296ebd2b1db,images/a00ee922-6444-4ad9-bc99-6296ebd2b1db,depth_est/a00ee922-6444-4ad9-bc99-6296ebd2b1db,,sparse/a00ee922-6444-4ad9-bc99-6296ebd2b1db,images_raw/a00ee922-6444-4ad9-bc99-6296ebd2b1db,masks_raw/a00ee922-6444-4ad9-bc99-6296ebd2b1db,masks_images/a00ee922-6444-4ad9-bc99-6296ebd2b1db,3dgs/a00ee922-6444-4ad9-bc99-6296ebd2b1db.ply,images-csv/a00ee922-6444-4ad9-bc99-6296ebd2b1db.csv
a0380866-c2d2-478c-af8b-176babd5e63d,images/a0380866-c2d2-478c-af8b-176babd5e63d,depth_est/a0380866-c2d2-478c-af8b-176babd5e63d,,sparse/a0380866-c2d2-478c-af8b-176babd5e63d,images_raw/a0380866-c2d2-478c-af8b-176babd5e63d,masks_raw/a0380866-c2d2-478c-af8b-176babd5e63d,masks_images/a0380866-c2d2-478c-af8b-176babd5e63d,3dgs/a0380866-c2d2-478c-af8b-176babd5e63d.ply,images-csv/a0380866-c2d2-478c-af8b-176babd5e63d.csv
a0804414-1bde-4d9f-b356-c9ecde674b77,images/a0804414-1bde-4d9f-b356-c9ecde674b77,depth_est/a0804414-1bde-4d9f-b356-c9ecde674b77,depths/a0804414-1bde-4d9f-b356-c9ecde674b77,sparse/a0804414-1bde-4d9f-b356-c9ecde674b77,images_raw/a0804414-1bde-4d9f-b356-c9ecde674b77,masks_raw/a0804414-1bde-4d9f-b356-c9ecde674b77,masks_images/a0804414-1bde-4d9f-b356-c9ecde674b77,3dgs/a0804414-1bde-4d9f-b356-c9ecde674b77.ply,images-csv/a0804414-1bde-4d9f-b356-c9ecde674b77.csv
a0ca24ef-5900-4a82-8f78-63812dccd4ce,images/a0ca24ef-5900-4a82-8f78-63812dccd4ce,depth_est/a0ca24ef-5900-4a82-8f78-63812dccd4ce,depths/a0ca24ef-5900-4a82-8f78-63812dccd4ce,sparse/a0ca24ef-5900-4a82-8f78-63812dccd4ce,images_raw/a0ca24ef-5900-4a82-8f78-63812dccd4ce,masks_raw/a0ca24ef-5900-4a82-8f78-63812dccd4ce,masks_images/a0ca24ef-5900-4a82-8f78-63812dccd4ce,3dgs/a0ca24ef-5900-4a82-8f78-63812dccd4ce.ply,images-csv/a0ca24ef-5900-4a82-8f78-63812dccd4ce.csv
a1028e99-375b-4161-b94d-6158b589cad8,images/a1028e99-375b-4161-b94d-6158b589cad8,depth_est/a1028e99-375b-4161-b94d-6158b589cad8,depths/a1028e99-375b-4161-b94d-6158b589cad8,sparse/a1028e99-375b-4161-b94d-6158b589cad8,images_raw/a1028e99-375b-4161-b94d-6158b589cad8,masks_raw/a1028e99-375b-4161-b94d-6158b589cad8,masks_images/a1028e99-375b-4161-b94d-6158b589cad8,3dgs/a1028e99-375b-4161-b94d-6158b589cad8.ply,images-csv/a1028e99-375b-4161-b94d-6158b589cad8.csv
a16b5098-f648-4ad9-99a1-837ad5957de5,images/a16b5098-f648-4ad9-99a1-837ad5957de5,depth_est/a16b5098-f648-4ad9-99a1-837ad5957de5,depths/a16b5098-f648-4ad9-99a1-837ad5957de5,sparse/a16b5098-f648-4ad9-99a1-837ad5957de5,images_raw/a16b5098-f648-4ad9-99a1-837ad5957de5,masks_raw/a16b5098-f648-4ad9-99a1-837ad5957de5,masks_images/a16b5098-f648-4ad9-99a1-837ad5957de5,3dgs/a16b5098-f648-4ad9-99a1-837ad5957de5.ply,images-csv/a16b5098-f648-4ad9-99a1-837ad5957de5.csv
a1aaea00-a3b2-4924-a1a2-273d72e2c8a5,images/a1aaea00-a3b2-4924-a1a2-273d72e2c8a5,depth_est/a1aaea00-a3b2-4924-a1a2-273d72e2c8a5,,sparse/a1aaea00-a3b2-4924-a1a2-273d72e2c8a5,images_raw/a1aaea00-a3b2-4924-a1a2-273d72e2c8a5,masks_raw/a1aaea00-a3b2-4924-a1a2-273d72e2c8a5,masks_images/a1aaea00-a3b2-4924-a1a2-273d72e2c8a5,3dgs/a1aaea00-a3b2-4924-a1a2-273d72e2c8a5.ply,images-csv/a1aaea00-a3b2-4924-a1a2-273d72e2c8a5.csv
a21ce2cc-6cfc-4545-97f9-db2ed8246c12,images/a21ce2cc-6cfc-4545-97f9-db2ed8246c12,depth_est/a21ce2cc-6cfc-4545-97f9-db2ed8246c12,,sparse/a21ce2cc-6cfc-4545-97f9-db2ed8246c12,images_raw/a21ce2cc-6cfc-4545-97f9-db2ed8246c12,masks_raw/a21ce2cc-6cfc-4545-97f9-db2ed8246c12,masks_images/a21ce2cc-6cfc-4545-97f9-db2ed8246c12,3dgs/a21ce2cc-6cfc-4545-97f9-db2ed8246c12.ply,images-csv/a21ce2cc-6cfc-4545-97f9-db2ed8246c12.csv
a29da884-27d9-4100-b69f-0c450e985f83,images/a29da884-27d9-4100-b69f-0c450e985f83,depth_est/a29da884-27d9-4100-b69f-0c450e985f83,depths/a29da884-27d9-4100-b69f-0c450e985f83,sparse/a29da884-27d9-4100-b69f-0c450e985f83,images_raw/a29da884-27d9-4100-b69f-0c450e985f83,masks_raw/a29da884-27d9-4100-b69f-0c450e985f83,masks_images/a29da884-27d9-4100-b69f-0c450e985f83,3dgs/a29da884-27d9-4100-b69f-0c450e985f83.ply,images-csv/a29da884-27d9-4100-b69f-0c450e985f83.csv
a2a45478-ce13-4dc7-bb80-0b6581a1ca9e,images/a2a45478-ce13-4dc7-bb80-0b6581a1ca9e,depth_est/a2a45478-ce13-4dc7-bb80-0b6581a1ca9e,,sparse/a2a45478-ce13-4dc7-bb80-0b6581a1ca9e,images_raw/a2a45478-ce13-4dc7-bb80-0b6581a1ca9e,masks_raw/a2a45478-ce13-4dc7-bb80-0b6581a1ca9e,masks_images/a2a45478-ce13-4dc7-bb80-0b6581a1ca9e,3dgs/a2a45478-ce13-4dc7-bb80-0b6581a1ca9e.ply,images-csv/a2a45478-ce13-4dc7-bb80-0b6581a1ca9e.csv
a2e451d0-91a7-4ebc-9e27-e0d791a60acd,images/a2e451d0-91a7-4ebc-9e27-e0d791a60acd,depth_est/a2e451d0-91a7-4ebc-9e27-e0d791a60acd,depths/a2e451d0-91a7-4ebc-9e27-e0d791a60acd,sparse/a2e451d0-91a7-4ebc-9e27-e0d791a60acd,images_raw/a2e451d0-91a7-4ebc-9e27-e0d791a60acd,masks_raw/a2e451d0-91a7-4ebc-9e27-e0d791a60acd,masks_images/a2e451d0-91a7-4ebc-9e27-e0d791a60acd,3dgs/a2e451d0-91a7-4ebc-9e27-e0d791a60acd.ply,images-csv/a2e451d0-91a7-4ebc-9e27-e0d791a60acd.csv
a31e4e4f-1777-4645-98f8-97904ffb180d,images/a31e4e4f-1777-4645-98f8-97904ffb180d,depth_est/a31e4e4f-1777-4645-98f8-97904ffb180d,,sparse/a31e4e4f-1777-4645-98f8-97904ffb180d,images_raw/a31e4e4f-1777-4645-98f8-97904ffb180d,masks_raw/a31e4e4f-1777-4645-98f8-97904ffb180d,masks_images/a31e4e4f-1777-4645-98f8-97904ffb180d,3dgs/a31e4e4f-1777-4645-98f8-97904ffb180d.ply,images-csv/a31e4e4f-1777-4645-98f8-97904ffb180d.csv
a32f3c2f-eac8-45ac-9ffe-1e08f9fd0214,images/a32f3c2f-eac8-45ac-9ffe-1e08f9fd0214,depth_est/a32f3c2f-eac8-45ac-9ffe-1e08f9fd0214,,sparse/a32f3c2f-eac8-45ac-9ffe-1e08f9fd0214,images_raw/a32f3c2f-eac8-45ac-9ffe-1e08f9fd0214,masks_raw/a32f3c2f-eac8-45ac-9ffe-1e08f9fd0214,masks_images/a32f3c2f-eac8-45ac-9ffe-1e08f9fd0214,3dgs/a32f3c2f-eac8-45ac-9ffe-1e08f9fd0214.ply,images-csv/a32f3c2f-eac8-45ac-9ffe-1e08f9fd0214.csv
a350db82-f9b2-42b5-82dc-b64eb72c6e71,images/a350db82-f9b2-42b5-82dc-b64eb72c6e71,depth_est/a350db82-f9b2-42b5-82dc-b64eb72c6e71,,sparse/a350db82-f9b2-42b5-82dc-b64eb72c6e71,images_raw/a350db82-f9b2-42b5-82dc-b64eb72c6e71,masks_raw/a350db82-f9b2-42b5-82dc-b64eb72c6e71,masks_images/a350db82-f9b2-42b5-82dc-b64eb72c6e71,3dgs/a350db82-f9b2-42b5-82dc-b64eb72c6e71.ply,images-csv/a350db82-f9b2-42b5-82dc-b64eb72c6e71.csv
a3c7c8cb-5315-4880-85fc-27837bd9c275,images/a3c7c8cb-5315-4880-85fc-27837bd9c275,depth_est/a3c7c8cb-5315-4880-85fc-27837bd9c275,,sparse/a3c7c8cb-5315-4880-85fc-27837bd9c275,images_raw/a3c7c8cb-5315-4880-85fc-27837bd9c275,masks_raw/a3c7c8cb-5315-4880-85fc-27837bd9c275,masks_images/a3c7c8cb-5315-4880-85fc-27837bd9c275,3dgs/a3c7c8cb-5315-4880-85fc-27837bd9c275.ply,images-csv/a3c7c8cb-5315-4880-85fc-27837bd9c275.csv
a403741d-bfa4-4547-b6e5-f9bf6835dbc6,images/a403741d-bfa4-4547-b6e5-f9bf6835dbc6,depth_est/a403741d-bfa4-4547-b6e5-f9bf6835dbc6,depths/a403741d-bfa4-4547-b6e5-f9bf6835dbc6,sparse/a403741d-bfa4-4547-b6e5-f9bf6835dbc6,images_raw/a403741d-bfa4-4547-b6e5-f9bf6835dbc6,masks_raw/a403741d-bfa4-4547-b6e5-f9bf6835dbc6,masks_images/a403741d-bfa4-4547-b6e5-f9bf6835dbc6,3dgs/a403741d-bfa4-4547-b6e5-f9bf6835dbc6.ply,images-csv/a403741d-bfa4-4547-b6e5-f9bf6835dbc6.csv
a410701b-ac59-4fc4-ad89-840f52f957a2,images/a410701b-ac59-4fc4-ad89-840f52f957a2,depth_est/a410701b-ac59-4fc4-ad89-840f52f957a2,depths/a410701b-ac59-4fc4-ad89-840f52f957a2,sparse/a410701b-ac59-4fc4-ad89-840f52f957a2,images_raw/a410701b-ac59-4fc4-ad89-840f52f957a2,masks_raw/a410701b-ac59-4fc4-ad89-840f52f957a2,masks_images/a410701b-ac59-4fc4-ad89-840f52f957a2,3dgs/a410701b-ac59-4fc4-ad89-840f52f957a2.ply,images-csv/a410701b-ac59-4fc4-ad89-840f52f957a2.csv
a414ac1e-92c6-4e30-9656-38f8d55c0752,images/a414ac1e-92c6-4e30-9656-38f8d55c0752,depth_est/a414ac1e-92c6-4e30-9656-38f8d55c0752,depths/a414ac1e-92c6-4e30-9656-38f8d55c0752,sparse/a414ac1e-92c6-4e30-9656-38f8d55c0752,images_raw/a414ac1e-92c6-4e30-9656-38f8d55c0752,masks_raw/a414ac1e-92c6-4e30-9656-38f8d55c0752,masks_images/a414ac1e-92c6-4e30-9656-38f8d55c0752,3dgs/a414ac1e-92c6-4e30-9656-38f8d55c0752.ply,images-csv/a414ac1e-92c6-4e30-9656-38f8d55c0752.csv
a430fe10-1cf1-4df3-be5e-c87a78628601,images/a430fe10-1cf1-4df3-be5e-c87a78628601,depth_est/a430fe10-1cf1-4df3-be5e-c87a78628601,depths/a430fe10-1cf1-4df3-be5e-c87a78628601,sparse/a430fe10-1cf1-4df3-be5e-c87a78628601,images_raw/a430fe10-1cf1-4df3-be5e-c87a78628601,masks_raw/a430fe10-1cf1-4df3-be5e-c87a78628601,masks_images/a430fe10-1cf1-4df3-be5e-c87a78628601,3dgs/a430fe10-1cf1-4df3-be5e-c87a78628601.ply,images-csv/a430fe10-1cf1-4df3-be5e-c87a78628601.csv
a443e846-723a-476c-a139-2a9d50c0a3a1,images/a443e846-723a-476c-a139-2a9d50c0a3a1,depth_est/a443e846-723a-476c-a139-2a9d50c0a3a1,,sparse/a443e846-723a-476c-a139-2a9d50c0a3a1,images_raw/a443e846-723a-476c-a139-2a9d50c0a3a1,masks_raw/a443e846-723a-476c-a139-2a9d50c0a3a1,masks_images/a443e846-723a-476c-a139-2a9d50c0a3a1,3dgs/a443e846-723a-476c-a139-2a9d50c0a3a1.ply,images-csv/a443e846-723a-476c-a139-2a9d50c0a3a1.csv
a4eed133-f3ac-4f91-a80f-2b5a2bc6c5cc,images/a4eed133-f3ac-4f91-a80f-2b5a2bc6c5cc,depth_est/a4eed133-f3ac-4f91-a80f-2b5a2bc6c5cc,,sparse/a4eed133-f3ac-4f91-a80f-2b5a2bc6c5cc,images_raw/a4eed133-f3ac-4f91-a80f-2b5a2bc6c5cc,masks_raw/a4eed133-f3ac-4f91-a80f-2b5a2bc6c5cc,masks_images/a4eed133-f3ac-4f91-a80f-2b5a2bc6c5cc,3dgs/a4eed133-f3ac-4f91-a80f-2b5a2bc6c5cc.ply,images-csv/a4eed133-f3ac-4f91-a80f-2b5a2bc6c5cc.csv
a4f2ab20-92b1-4d77-8b17-a2a263e97edd,images/a4f2ab20-92b1-4d77-8b17-a2a263e97edd,depth_est/a4f2ab20-92b1-4d77-8b17-a2a263e97edd,,sparse/a4f2ab20-92b1-4d77-8b17-a2a263e97edd,images_raw/a4f2ab20-92b1-4d77-8b17-a2a263e97edd,masks_raw/a4f2ab20-92b1-4d77-8b17-a2a263e97edd,masks_images/a4f2ab20-92b1-4d77-8b17-a2a263e97edd,3dgs/a4f2ab20-92b1-4d77-8b17-a2a263e97edd.ply,images-csv/a4f2ab20-92b1-4d77-8b17-a2a263e97edd.csv
a4ff910a-c633-4e3a-82c5-b5f76fc0077b,images/a4ff910a-c633-4e3a-82c5-b5f76fc0077b,depth_est/a4ff910a-c633-4e3a-82c5-b5f76fc0077b,depths/a4ff910a-c633-4e3a-82c5-b5f76fc0077b,sparse/a4ff910a-c633-4e3a-82c5-b5f76fc0077b,images_raw/a4ff910a-c633-4e3a-82c5-b5f76fc0077b,masks_raw/a4ff910a-c633-4e3a-82c5-b5f76fc0077b,masks_images/a4ff910a-c633-4e3a-82c5-b5f76fc0077b,3dgs/a4ff910a-c633-4e3a-82c5-b5f76fc0077b.ply,images-csv/a4ff910a-c633-4e3a-82c5-b5f76fc0077b.csv
a51f4099-8fa7-41b2-80f5-555f55d631b1,images/a51f4099-8fa7-41b2-80f5-555f55d631b1,depth_est/a51f4099-8fa7-41b2-80f5-555f55d631b1,,sparse/a51f4099-8fa7-41b2-80f5-555f55d631b1,images_raw/a51f4099-8fa7-41b2-80f5-555f55d631b1,masks_raw/a51f4099-8fa7-41b2-80f5-555f55d631b1,masks_images/a51f4099-8fa7-41b2-80f5-555f55d631b1,3dgs/a51f4099-8fa7-41b2-80f5-555f55d631b1.ply,images-csv/a51f4099-8fa7-41b2-80f5-555f55d631b1.csv
a53d3104-3f5a-4787-961d-31dcfeff6ee8,images/a53d3104-3f5a-4787-961d-31dcfeff6ee8,depth_est/a53d3104-3f5a-4787-961d-31dcfeff6ee8,,sparse/a53d3104-3f5a-4787-961d-31dcfeff6ee8,images_raw/a53d3104-3f5a-4787-961d-31dcfeff6ee8,masks_raw/a53d3104-3f5a-4787-961d-31dcfeff6ee8,masks_images/a53d3104-3f5a-4787-961d-31dcfeff6ee8,3dgs/a53d3104-3f5a-4787-961d-31dcfeff6ee8.ply,images-csv/a53d3104-3f5a-4787-961d-31dcfeff6ee8.csv
a568d8d7-2743-4765-b493-bce48ae6de8c,images/a568d8d7-2743-4765-b493-bce48ae6de8c,depth_est/a568d8d7-2743-4765-b493-bce48ae6de8c,,sparse/a568d8d7-2743-4765-b493-bce48ae6de8c,images_raw/a568d8d7-2743-4765-b493-bce48ae6de8c,masks_raw/a568d8d7-2743-4765-b493-bce48ae6de8c,masks_images/a568d8d7-2743-4765-b493-bce48ae6de8c,3dgs/a568d8d7-2743-4765-b493-bce48ae6de8c.ply,images-csv/a568d8d7-2743-4765-b493-bce48ae6de8c.csv
a5aa44e3-8a0a-4e7c-aa62-ff6171bb3f1c,images/a5aa44e3-8a0a-4e7c-aa62-ff6171bb3f1c,depth_est/a5aa44e3-8a0a-4e7c-aa62-ff6171bb3f1c,depths/a5aa44e3-8a0a-4e7c-aa62-ff6171bb3f1c,sparse/a5aa44e3-8a0a-4e7c-aa62-ff6171bb3f1c,images_raw/a5aa44e3-8a0a-4e7c-aa62-ff6171bb3f1c,masks_raw/a5aa44e3-8a0a-4e7c-aa62-ff6171bb3f1c,masks_images/a5aa44e3-8a0a-4e7c-aa62-ff6171bb3f1c,3dgs/a5aa44e3-8a0a-4e7c-aa62-ff6171bb3f1c.ply,images-csv/a5aa44e3-8a0a-4e7c-aa62-ff6171bb3f1c.csv
a5c0f1e9-f409-42a2-a32c-f55f12eabc15,images/a5c0f1e9-f409-42a2-a32c-f55f12eabc15,depth_est/a5c0f1e9-f409-42a2-a32c-f55f12eabc15,,sparse/a5c0f1e9-f409-42a2-a32c-f55f12eabc15,images_raw/a5c0f1e9-f409-42a2-a32c-f55f12eabc15,masks_raw/a5c0f1e9-f409-42a2-a32c-f55f12eabc15,masks_images/a5c0f1e9-f409-42a2-a32c-f55f12eabc15,3dgs/a5c0f1e9-f409-42a2-a32c-f55f12eabc15.ply,images-csv/a5c0f1e9-f409-42a2-a32c-f55f12eabc15.csv
a5e9179e-2fcc-49de-a43e-4f532295093d,images/a5e9179e-2fcc-49de-a43e-4f532295093d,depth_est/a5e9179e-2fcc-49de-a43e-4f532295093d,,sparse/a5e9179e-2fcc-49de-a43e-4f532295093d,images_raw/a5e9179e-2fcc-49de-a43e-4f532295093d,masks_raw/a5e9179e-2fcc-49de-a43e-4f532295093d,masks_images/a5e9179e-2fcc-49de-a43e-4f532295093d,3dgs/a5e9179e-2fcc-49de-a43e-4f532295093d.ply,images-csv/a5e9179e-2fcc-49de-a43e-4f532295093d.csv
a5eb7101-14cd-44b0-9322-8effb23cf0ee,images/a5eb7101-14cd-44b0-9322-8effb23cf0ee,depth_est/a5eb7101-14cd-44b0-9322-8effb23cf0ee,depths/a5eb7101-14cd-44b0-9322-8effb23cf0ee,sparse/a5eb7101-14cd-44b0-9322-8effb23cf0ee,images_raw/a5eb7101-14cd-44b0-9322-8effb23cf0ee,masks_raw/a5eb7101-14cd-44b0-9322-8effb23cf0ee,masks_images/a5eb7101-14cd-44b0-9322-8effb23cf0ee,3dgs/a5eb7101-14cd-44b0-9322-8effb23cf0ee.ply,images-csv/a5eb7101-14cd-44b0-9322-8effb23cf0ee.csv
a636eb27-626b-426f-bd2b-27ef0902e3e7,images/a636eb27-626b-426f-bd2b-27ef0902e3e7,depth_est/a636eb27-626b-426f-bd2b-27ef0902e3e7,depths/a636eb27-626b-426f-bd2b-27ef0902e3e7,sparse/a636eb27-626b-426f-bd2b-27ef0902e3e7,images_raw/a636eb27-626b-426f-bd2b-27ef0902e3e7,masks_raw/a636eb27-626b-426f-bd2b-27ef0902e3e7,masks_images/a636eb27-626b-426f-bd2b-27ef0902e3e7,3dgs/a636eb27-626b-426f-bd2b-27ef0902e3e7.ply,images-csv/a636eb27-626b-426f-bd2b-27ef0902e3e7.csv
a637cea3-dad1-4e21-af3e-f012f6fad1fd,images/a637cea3-dad1-4e21-af3e-f012f6fad1fd,depth_est/a637cea3-dad1-4e21-af3e-f012f6fad1fd,depths/a637cea3-dad1-4e21-af3e-f012f6fad1fd,sparse/a637cea3-dad1-4e21-af3e-f012f6fad1fd,images_raw/a637cea3-dad1-4e21-af3e-f012f6fad1fd,masks_raw/a637cea3-dad1-4e21-af3e-f012f6fad1fd,masks_images/a637cea3-dad1-4e21-af3e-f012f6fad1fd,3dgs/a637cea3-dad1-4e21-af3e-f012f6fad1fd.ply,images-csv/a637cea3-dad1-4e21-af3e-f012f6fad1fd.csv
a64c26c5-0fe0-4631-ac44-bf31c711da69,images/a64c26c5-0fe0-4631-ac44-bf31c711da69,depth_est/a64c26c5-0fe0-4631-ac44-bf31c711da69,,sparse/a64c26c5-0fe0-4631-ac44-bf31c711da69,images_raw/a64c26c5-0fe0-4631-ac44-bf31c711da69,masks_raw/a64c26c5-0fe0-4631-ac44-bf31c711da69,masks_images/a64c26c5-0fe0-4631-ac44-bf31c711da69,3dgs/a64c26c5-0fe0-4631-ac44-bf31c711da69.ply,images-csv/a64c26c5-0fe0-4631-ac44-bf31c711da69.csv
a677d3ef-3677-4370-92a5-885e288f3f58,images/a677d3ef-3677-4370-92a5-885e288f3f58,depth_est/a677d3ef-3677-4370-92a5-885e288f3f58,depths/a677d3ef-3677-4370-92a5-885e288f3f58,sparse/a677d3ef-3677-4370-92a5-885e288f3f58,images_raw/a677d3ef-3677-4370-92a5-885e288f3f58,masks_raw/a677d3ef-3677-4370-92a5-885e288f3f58,masks_images/a677d3ef-3677-4370-92a5-885e288f3f58,3dgs/a677d3ef-3677-4370-92a5-885e288f3f58.ply,images-csv/a677d3ef-3677-4370-92a5-885e288f3f58.csv
a688e689-c6fb-45b8-84d8-6685d312f947,images/a688e689-c6fb-45b8-84d8-6685d312f947,depth_est/a688e689-c6fb-45b8-84d8-6685d312f947,,sparse/a688e689-c6fb-45b8-84d8-6685d312f947,images_raw/a688e689-c6fb-45b8-84d8-6685d312f947,masks_raw/a688e689-c6fb-45b8-84d8-6685d312f947,masks_images/a688e689-c6fb-45b8-84d8-6685d312f947,3dgs/a688e689-c6fb-45b8-84d8-6685d312f947.ply,images-csv/a688e689-c6fb-45b8-84d8-6685d312f947.csv
a6a675f5-87a9-4faa-bad5-624b5a6a51ec,images/a6a675f5-87a9-4faa-bad5-624b5a6a51ec,depth_est/a6a675f5-87a9-4faa-bad5-624b5a6a51ec,depths/a6a675f5-87a9-4faa-bad5-624b5a6a51ec,sparse/a6a675f5-87a9-4faa-bad5-624b5a6a51ec,images_raw/a6a675f5-87a9-4faa-bad5-624b5a6a51ec,masks_raw/a6a675f5-87a9-4faa-bad5-624b5a6a51ec,masks_images/a6a675f5-87a9-4faa-bad5-624b5a6a51ec,3dgs/a6a675f5-87a9-4faa-bad5-624b5a6a51ec.ply,images-csv/a6a675f5-87a9-4faa-bad5-624b5a6a51ec.csv
a6dc69ba-d319-4f25-a5ab-542b07ea816a,images/a6dc69ba-d319-4f25-a5ab-542b07ea816a,depth_est/a6dc69ba-d319-4f25-a5ab-542b07ea816a,,sparse/a6dc69ba-d319-4f25-a5ab-542b07ea816a,images_raw/a6dc69ba-d319-4f25-a5ab-542b07ea816a,masks_raw/a6dc69ba-d319-4f25-a5ab-542b07ea816a,masks_images/a6dc69ba-d319-4f25-a5ab-542b07ea816a,3dgs/a6dc69ba-d319-4f25-a5ab-542b07ea816a.ply,images-csv/a6dc69ba-d319-4f25-a5ab-542b07ea816a.csv
a72f1c20-e961-4bb3-8028-b5d7b8d33121,images/a72f1c20-e961-4bb3-8028-b5d7b8d33121,depth_est/a72f1c20-e961-4bb3-8028-b5d7b8d33121,depths/a72f1c20-e961-4bb3-8028-b5d7b8d33121,sparse/a72f1c20-e961-4bb3-8028-b5d7b8d33121,images_raw/a72f1c20-e961-4bb3-8028-b5d7b8d33121,masks_raw/a72f1c20-e961-4bb3-8028-b5d7b8d33121,masks_images/a72f1c20-e961-4bb3-8028-b5d7b8d33121,3dgs/a72f1c20-e961-4bb3-8028-b5d7b8d33121.ply,images-csv/a72f1c20-e961-4bb3-8028-b5d7b8d33121.csv
a73477e4-8b88-4d08-807d-1e41f15b6dc6,images/a73477e4-8b88-4d08-807d-1e41f15b6dc6,depth_est/a73477e4-8b88-4d08-807d-1e41f15b6dc6,,sparse/a73477e4-8b88-4d08-807d-1e41f15b6dc6,images_raw/a73477e4-8b88-4d08-807d-1e41f15b6dc6,masks_raw/a73477e4-8b88-4d08-807d-1e41f15b6dc6,masks_images/a73477e4-8b88-4d08-807d-1e41f15b6dc6,3dgs/a73477e4-8b88-4d08-807d-1e41f15b6dc6.ply,images-csv/a73477e4-8b88-4d08-807d-1e41f15b6dc6.csv
a788c632-f411-4945-bbe5-289772481f0b,images/a788c632-f411-4945-bbe5-289772481f0b,depth_est/a788c632-f411-4945-bbe5-289772481f0b,depths/a788c632-f411-4945-bbe5-289772481f0b,sparse/a788c632-f411-4945-bbe5-289772481f0b,images_raw/a788c632-f411-4945-bbe5-289772481f0b,masks_raw/a788c632-f411-4945-bbe5-289772481f0b,masks_images/a788c632-f411-4945-bbe5-289772481f0b,3dgs/a788c632-f411-4945-bbe5-289772481f0b.ply,images-csv/a788c632-f411-4945-bbe5-289772481f0b.csv
a7a1fe13-ce1e-453c-9072-9d7a54289a49,images/a7a1fe13-ce1e-453c-9072-9d7a54289a49,depth_est/a7a1fe13-ce1e-453c-9072-9d7a54289a49,depths/a7a1fe13-ce1e-453c-9072-9d7a54289a49,sparse/a7a1fe13-ce1e-453c-9072-9d7a54289a49,images_raw/a7a1fe13-ce1e-453c-9072-9d7a54289a49,masks_raw/a7a1fe13-ce1e-453c-9072-9d7a54289a49,masks_images/a7a1fe13-ce1e-453c-9072-9d7a54289a49,3dgs/a7a1fe13-ce1e-453c-9072-9d7a54289a49.ply,images-csv/a7a1fe13-ce1e-453c-9072-9d7a54289a49.csv
a7b0e936-69ec-4935-b57e-75a0e5112920,images/a7b0e936-69ec-4935-b57e-75a0e5112920,depth_est/a7b0e936-69ec-4935-b57e-75a0e5112920,,sparse/a7b0e936-69ec-4935-b57e-75a0e5112920,images_raw/a7b0e936-69ec-4935-b57e-75a0e5112920,masks_raw/a7b0e936-69ec-4935-b57e-75a0e5112920,masks_images/a7b0e936-69ec-4935-b57e-75a0e5112920,3dgs/a7b0e936-69ec-4935-b57e-75a0e5112920.ply,images-csv/a7b0e936-69ec-4935-b57e-75a0e5112920.csv
a8567452-8439-4474-8959-9c96dcf88b66,images/a8567452-8439-4474-8959-9c96dcf88b66,depth_est/a8567452-8439-4474-8959-9c96dcf88b66,,sparse/a8567452-8439-4474-8959-9c96dcf88b66,images_raw/a8567452-8439-4474-8959-9c96dcf88b66,masks_raw/a8567452-8439-4474-8959-9c96dcf88b66,masks_images/a8567452-8439-4474-8959-9c96dcf88b66,3dgs/a8567452-8439-4474-8959-9c96dcf88b66.ply,images-csv/a8567452-8439-4474-8959-9c96dcf88b66.csv
a85e5491-6055-49c5-8873-42ada529e2eb,images/a85e5491-6055-49c5-8873-42ada529e2eb,depth_est/a85e5491-6055-49c5-8873-42ada529e2eb,,sparse/a85e5491-6055-49c5-8873-42ada529e2eb,images_raw/a85e5491-6055-49c5-8873-42ada529e2eb,masks_raw/a85e5491-6055-49c5-8873-42ada529e2eb,masks_images/a85e5491-6055-49c5-8873-42ada529e2eb,3dgs/a85e5491-6055-49c5-8873-42ada529e2eb.ply,images-csv/a85e5491-6055-49c5-8873-42ada529e2eb.csv
a86c19fc-194d-4e74-b0bc-376223a95891,images/a86c19fc-194d-4e74-b0bc-376223a95891,depth_est/a86c19fc-194d-4e74-b0bc-376223a95891,depths/a86c19fc-194d-4e74-b0bc-376223a95891,sparse/a86c19fc-194d-4e74-b0bc-376223a95891,images_raw/a86c19fc-194d-4e74-b0bc-376223a95891,masks_raw/a86c19fc-194d-4e74-b0bc-376223a95891,masks_images/a86c19fc-194d-4e74-b0bc-376223a95891,3dgs/a86c19fc-194d-4e74-b0bc-376223a95891.ply,images-csv/a86c19fc-194d-4e74-b0bc-376223a95891.csv
a90c67a6-53b9-4cc1-af65-5c4c810ca59c,images/a90c67a6-53b9-4cc1-af65-5c4c810ca59c,depth_est/a90c67a6-53b9-4cc1-af65-5c4c810ca59c,,sparse/a90c67a6-53b9-4cc1-af65-5c4c810ca59c,images_raw/a90c67a6-53b9-4cc1-af65-5c4c810ca59c,masks_raw/a90c67a6-53b9-4cc1-af65-5c4c810ca59c,masks_images/a90c67a6-53b9-4cc1-af65-5c4c810ca59c,3dgs/a90c67a6-53b9-4cc1-af65-5c4c810ca59c.ply,images-csv/a90c67a6-53b9-4cc1-af65-5c4c810ca59c.csv
a982e7d4-f568-436b-8201-b1c8b5bd1380,images/a982e7d4-f568-436b-8201-b1c8b5bd1380,depth_est/a982e7d4-f568-436b-8201-b1c8b5bd1380,,sparse/a982e7d4-f568-436b-8201-b1c8b5bd1380,images_raw/a982e7d4-f568-436b-8201-b1c8b5bd1380,masks_raw/a982e7d4-f568-436b-8201-b1c8b5bd1380,masks_images/a982e7d4-f568-436b-8201-b1c8b5bd1380,3dgs/a982e7d4-f568-436b-8201-b1c8b5bd1380.ply,images-csv/a982e7d4-f568-436b-8201-b1c8b5bd1380.csv
a9bc137f-e575-44ee-b5bc-c493fff3e83b,images/a9bc137f-e575-44ee-b5bc-c493fff3e83b,depth_est/a9bc137f-e575-44ee-b5bc-c493fff3e83b,,sparse/a9bc137f-e575-44ee-b5bc-c493fff3e83b,images_raw/a9bc137f-e575-44ee-b5bc-c493fff3e83b,masks_raw/a9bc137f-e575-44ee-b5bc-c493fff3e83b,masks_images/a9bc137f-e575-44ee-b5bc-c493fff3e83b,3dgs/a9bc137f-e575-44ee-b5bc-c493fff3e83b.ply,images-csv/a9bc137f-e575-44ee-b5bc-c493fff3e83b.csv
aa2e3fb5-bc38-4d81-aa45-c8b723595bf2,images/aa2e3fb5-bc38-4d81-aa45-c8b723595bf2,depth_est/aa2e3fb5-bc38-4d81-aa45-c8b723595bf2,depths/aa2e3fb5-bc38-4d81-aa45-c8b723595bf2,sparse/aa2e3fb5-bc38-4d81-aa45-c8b723595bf2,images_raw/aa2e3fb5-bc38-4d81-aa45-c8b723595bf2,masks_raw/aa2e3fb5-bc38-4d81-aa45-c8b723595bf2,masks_images/aa2e3fb5-bc38-4d81-aa45-c8b723595bf2,3dgs/aa2e3fb5-bc38-4d81-aa45-c8b723595bf2.ply,images-csv/aa2e3fb5-bc38-4d81-aa45-c8b723595bf2.csv
aa4a0ca5-5dca-429a-9137-2152526fa275,images/aa4a0ca5-5dca-429a-9137-2152526fa275,depth_est/aa4a0ca5-5dca-429a-9137-2152526fa275,depths/aa4a0ca5-5dca-429a-9137-2152526fa275,sparse/aa4a0ca5-5dca-429a-9137-2152526fa275,images_raw/aa4a0ca5-5dca-429a-9137-2152526fa275,masks_raw/aa4a0ca5-5dca-429a-9137-2152526fa275,masks_images/aa4a0ca5-5dca-429a-9137-2152526fa275,3dgs/aa4a0ca5-5dca-429a-9137-2152526fa275.ply,images-csv/aa4a0ca5-5dca-429a-9137-2152526fa275.csv
aab5185b-a119-4c12-87c3-3edd83f6df26,images/aab5185b-a119-4c12-87c3-3edd83f6df26,depth_est/aab5185b-a119-4c12-87c3-3edd83f6df26,depths/aab5185b-a119-4c12-87c3-3edd83f6df26,sparse/aab5185b-a119-4c12-87c3-3edd83f6df26,images_raw/aab5185b-a119-4c12-87c3-3edd83f6df26,masks_raw/aab5185b-a119-4c12-87c3-3edd83f6df26,masks_images/aab5185b-a119-4c12-87c3-3edd83f6df26,3dgs/aab5185b-a119-4c12-87c3-3edd83f6df26.ply,images-csv/aab5185b-a119-4c12-87c3-3edd83f6df26.csv
aac553c4-4664-4ea7-9d98-6366d0dee2f3,images/aac553c4-4664-4ea7-9d98-6366d0dee2f3,depth_est/aac553c4-4664-4ea7-9d98-6366d0dee2f3,depths/aac553c4-4664-4ea7-9d98-6366d0dee2f3,sparse/aac553c4-4664-4ea7-9d98-6366d0dee2f3,images_raw/aac553c4-4664-4ea7-9d98-6366d0dee2f3,masks_raw/aac553c4-4664-4ea7-9d98-6366d0dee2f3,masks_images/aac553c4-4664-4ea7-9d98-6366d0dee2f3,3dgs/aac553c4-4664-4ea7-9d98-6366d0dee2f3.ply,images-csv/aac553c4-4664-4ea7-9d98-6366d0dee2f3.csv
aadbb030-c836-4a91-a7b3-8c76d8e56da8,images/aadbb030-c836-4a91-a7b3-8c76d8e56da8,depth_est/aadbb030-c836-4a91-a7b3-8c76d8e56da8,depths/aadbb030-c836-4a91-a7b3-8c76d8e56da8,sparse/aadbb030-c836-4a91-a7b3-8c76d8e56da8,images_raw/aadbb030-c836-4a91-a7b3-8c76d8e56da8,masks_raw/aadbb030-c836-4a91-a7b3-8c76d8e56da8,masks_images/aadbb030-c836-4a91-a7b3-8c76d8e56da8,3dgs/aadbb030-c836-4a91-a7b3-8c76d8e56da8.ply,images-csv/aadbb030-c836-4a91-a7b3-8c76d8e56da8.csv
ab4e474d-8a8e-4748-b796-be3015dfccd8,images/ab4e474d-8a8e-4748-b796-be3015dfccd8,depth_est/ab4e474d-8a8e-4748-b796-be3015dfccd8,depths/ab4e474d-8a8e-4748-b796-be3015dfccd8,sparse/ab4e474d-8a8e-4748-b796-be3015dfccd8,images_raw/ab4e474d-8a8e-4748-b796-be3015dfccd8,masks_raw/ab4e474d-8a8e-4748-b796-be3015dfccd8,masks_images/ab4e474d-8a8e-4748-b796-be3015dfccd8,3dgs/ab4e474d-8a8e-4748-b796-be3015dfccd8.ply,images-csv/ab4e474d-8a8e-4748-b796-be3015dfccd8.csv
ab589fa6-a40e-43dc-834a-48d7dba35f3e,images/ab589fa6-a40e-43dc-834a-48d7dba35f3e,depth_est/ab589fa6-a40e-43dc-834a-48d7dba35f3e,,sparse/ab589fa6-a40e-43dc-834a-48d7dba35f3e,images_raw/ab589fa6-a40e-43dc-834a-48d7dba35f3e,masks_raw/ab589fa6-a40e-43dc-834a-48d7dba35f3e,masks_images/ab589fa6-a40e-43dc-834a-48d7dba35f3e,3dgs/ab589fa6-a40e-43dc-834a-48d7dba35f3e.ply,images-csv/ab589fa6-a40e-43dc-834a-48d7dba35f3e.csv
ab8edc4f-2dfc-42da-bff9-615aab1cb66e,images/ab8edc4f-2dfc-42da-bff9-615aab1cb66e,depth_est/ab8edc4f-2dfc-42da-bff9-615aab1cb66e,,sparse/ab8edc4f-2dfc-42da-bff9-615aab1cb66e,images_raw/ab8edc4f-2dfc-42da-bff9-615aab1cb66e,masks_raw/ab8edc4f-2dfc-42da-bff9-615aab1cb66e,masks_images/ab8edc4f-2dfc-42da-bff9-615aab1cb66e,3dgs/ab8edc4f-2dfc-42da-bff9-615aab1cb66e.ply,images-csv/ab8edc4f-2dfc-42da-bff9-615aab1cb66e.csv
ac3a9556-eeea-4e29-9112-2e4aa30baa00,images/ac3a9556-eeea-4e29-9112-2e4aa30baa00,depth_est/ac3a9556-eeea-4e29-9112-2e4aa30baa00,,sparse/ac3a9556-eeea-4e29-9112-2e4aa30baa00,images_raw/ac3a9556-eeea-4e29-9112-2e4aa30baa00,masks_raw/ac3a9556-eeea-4e29-9112-2e4aa30baa00,masks_images/ac3a9556-eeea-4e29-9112-2e4aa30baa00,3dgs/ac3a9556-eeea-4e29-9112-2e4aa30baa00.ply,images-csv/ac3a9556-eeea-4e29-9112-2e4aa30baa00.csv
ac672673-e505-441f-b4ac-088ba18e7c92,images/ac672673-e505-441f-b4ac-088ba18e7c92,depth_est/ac672673-e505-441f-b4ac-088ba18e7c92,depths/ac672673-e505-441f-b4ac-088ba18e7c92,sparse/ac672673-e505-441f-b4ac-088ba18e7c92,images_raw/ac672673-e505-441f-b4ac-088ba18e7c92,masks_raw/ac672673-e505-441f-b4ac-088ba18e7c92,masks_images/ac672673-e505-441f-b4ac-088ba18e7c92,3dgs/ac672673-e505-441f-b4ac-088ba18e7c92.ply,images-csv/ac672673-e505-441f-b4ac-088ba18e7c92.csv
aca63bf1-8251-4518-836e-18c8712d9279,images/aca63bf1-8251-4518-836e-18c8712d9279,depth_est/aca63bf1-8251-4518-836e-18c8712d9279,,sparse/aca63bf1-8251-4518-836e-18c8712d9279,images_raw/aca63bf1-8251-4518-836e-18c8712d9279,masks_raw/aca63bf1-8251-4518-836e-18c8712d9279,masks_images/aca63bf1-8251-4518-836e-18c8712d9279,3dgs/aca63bf1-8251-4518-836e-18c8712d9279.ply,images-csv/aca63bf1-8251-4518-836e-18c8712d9279.csv
acc84284-a9c7-4c6d-b8d7-429d1878b36d,images/acc84284-a9c7-4c6d-b8d7-429d1878b36d,depth_est/acc84284-a9c7-4c6d-b8d7-429d1878b36d,,sparse/acc84284-a9c7-4c6d-b8d7-429d1878b36d,images_raw/acc84284-a9c7-4c6d-b8d7-429d1878b36d,masks_raw/acc84284-a9c7-4c6d-b8d7-429d1878b36d,masks_images/acc84284-a9c7-4c6d-b8d7-429d1878b36d,3dgs/acc84284-a9c7-4c6d-b8d7-429d1878b36d.ply,images-csv/acc84284-a9c7-4c6d-b8d7-429d1878b36d.csv
ad007766-f452-4177-968b-5bc608f996d3,images/ad007766-f452-4177-968b-5bc608f996d3,depth_est/ad007766-f452-4177-968b-5bc608f996d3,depths/ad007766-f452-4177-968b-5bc608f996d3,sparse/ad007766-f452-4177-968b-5bc608f996d3,images_raw/ad007766-f452-4177-968b-5bc608f996d3,masks_raw/ad007766-f452-4177-968b-5bc608f996d3,masks_images/ad007766-f452-4177-968b-5bc608f996d3,3dgs/ad007766-f452-4177-968b-5bc608f996d3.ply,images-csv/ad007766-f452-4177-968b-5bc608f996d3.csv
ad092c45-1237-4e81-ad50-4ee1c7c27856,images/ad092c45-1237-4e81-ad50-4ee1c7c27856,depth_est/ad092c45-1237-4e81-ad50-4ee1c7c27856,,sparse/ad092c45-1237-4e81-ad50-4ee1c7c27856,images_raw/ad092c45-1237-4e81-ad50-4ee1c7c27856,masks_raw/ad092c45-1237-4e81-ad50-4ee1c7c27856,masks_images/ad092c45-1237-4e81-ad50-4ee1c7c27856,3dgs/ad092c45-1237-4e81-ad50-4ee1c7c27856.ply,images-csv/ad092c45-1237-4e81-ad50-4ee1c7c27856.csv
ad4ffe85-534a-40c6-8e95-7fa5f90e958b,images/ad4ffe85-534a-40c6-8e95-7fa5f90e958b,depth_est/ad4ffe85-534a-40c6-8e95-7fa5f90e958b,,sparse/ad4ffe85-534a-40c6-8e95-7fa5f90e958b,images_raw/ad4ffe85-534a-40c6-8e95-7fa5f90e958b,masks_raw/ad4ffe85-534a-40c6-8e95-7fa5f90e958b,masks_images/ad4ffe85-534a-40c6-8e95-7fa5f90e958b,3dgs/ad4ffe85-534a-40c6-8e95-7fa5f90e958b.ply,images-csv/ad4ffe85-534a-40c6-8e95-7fa5f90e958b.csv
adacb282-f53a-4135-ac0d-bef19510acd9,images/adacb282-f53a-4135-ac0d-bef19510acd9,depth_est/adacb282-f53a-4135-ac0d-bef19510acd9,,sparse/adacb282-f53a-4135-ac0d-bef19510acd9,images_raw/adacb282-f53a-4135-ac0d-bef19510acd9,masks_raw/adacb282-f53a-4135-ac0d-bef19510acd9,masks_images/adacb282-f53a-4135-ac0d-bef19510acd9,3dgs/adacb282-f53a-4135-ac0d-bef19510acd9.ply,images-csv/adacb282-f53a-4135-ac0d-bef19510acd9.csv
ae0eb329-c873-4efc-aea4-08cddce8b4c1,images/ae0eb329-c873-4efc-aea4-08cddce8b4c1,depth_est/ae0eb329-c873-4efc-aea4-08cddce8b4c1,depths/ae0eb329-c873-4efc-aea4-08cddce8b4c1,sparse/ae0eb329-c873-4efc-aea4-08cddce8b4c1,images_raw/ae0eb329-c873-4efc-aea4-08cddce8b4c1,masks_raw/ae0eb329-c873-4efc-aea4-08cddce8b4c1,masks_images/ae0eb329-c873-4efc-aea4-08cddce8b4c1,3dgs/ae0eb329-c873-4efc-aea4-08cddce8b4c1.ply,images-csv/ae0eb329-c873-4efc-aea4-08cddce8b4c1.csv
ae4663aa-3392-4578-a0ea-7ae0cae77847,images/ae4663aa-3392-4578-a0ea-7ae0cae77847,depth_est/ae4663aa-3392-4578-a0ea-7ae0cae77847,,sparse/ae4663aa-3392-4578-a0ea-7ae0cae77847,images_raw/ae4663aa-3392-4578-a0ea-7ae0cae77847,masks_raw/ae4663aa-3392-4578-a0ea-7ae0cae77847,masks_images/ae4663aa-3392-4578-a0ea-7ae0cae77847,3dgs/ae4663aa-3392-4578-a0ea-7ae0cae77847.ply,images-csv/ae4663aa-3392-4578-a0ea-7ae0cae77847.csv
ae71c0b0-f7e7-41e4-9f01-39a06759c8cb,images/ae71c0b0-f7e7-41e4-9f01-39a06759c8cb,depth_est/ae71c0b0-f7e7-41e4-9f01-39a06759c8cb,,sparse/ae71c0b0-f7e7-41e4-9f01-39a06759c8cb,images_raw/ae71c0b0-f7e7-41e4-9f01-39a06759c8cb,masks_raw/ae71c0b0-f7e7-41e4-9f01-39a06759c8cb,masks_images/ae71c0b0-f7e7-41e4-9f01-39a06759c8cb,3dgs/ae71c0b0-f7e7-41e4-9f01-39a06759c8cb.ply,images-csv/ae71c0b0-f7e7-41e4-9f01-39a06759c8cb.csv
ae7e1fbb-ba08-4ee4-ba40-cff69f9071c5,images/ae7e1fbb-ba08-4ee4-ba40-cff69f9071c5,depth_est/ae7e1fbb-ba08-4ee4-ba40-cff69f9071c5,,sparse/ae7e1fbb-ba08-4ee4-ba40-cff69f9071c5,images_raw/ae7e1fbb-ba08-4ee4-ba40-cff69f9071c5,masks_raw/ae7e1fbb-ba08-4ee4-ba40-cff69f9071c5,masks_images/ae7e1fbb-ba08-4ee4-ba40-cff69f9071c5,3dgs/ae7e1fbb-ba08-4ee4-ba40-cff69f9071c5.ply,images-csv/ae7e1fbb-ba08-4ee4-ba40-cff69f9071c5.csv
aebad114-59da-4fd8-8640-0177e0f525a1,images/aebad114-59da-4fd8-8640-0177e0f525a1,depth_est/aebad114-59da-4fd8-8640-0177e0f525a1,depths/aebad114-59da-4fd8-8640-0177e0f525a1,sparse/aebad114-59da-4fd8-8640-0177e0f525a1,images_raw/aebad114-59da-4fd8-8640-0177e0f525a1,masks_raw/aebad114-59da-4fd8-8640-0177e0f525a1,masks_images/aebad114-59da-4fd8-8640-0177e0f525a1,3dgs/aebad114-59da-4fd8-8640-0177e0f525a1.ply,images-csv/aebad114-59da-4fd8-8640-0177e0f525a1.csv
af02cf97-df08-42f8-b796-6bb5e5f82e2c,images/af02cf97-df08-42f8-b796-6bb5e5f82e2c,depth_est/af02cf97-df08-42f8-b796-6bb5e5f82e2c,,sparse/af02cf97-df08-42f8-b796-6bb5e5f82e2c,images_raw/af02cf97-df08-42f8-b796-6bb5e5f82e2c,masks_raw/af02cf97-df08-42f8-b796-6bb5e5f82e2c,masks_images/af02cf97-df08-42f8-b796-6bb5e5f82e2c,3dgs/af02cf97-df08-42f8-b796-6bb5e5f82e2c.ply,images-csv/af02cf97-df08-42f8-b796-6bb5e5f82e2c.csv
af2ccbf6-b55a-4c36-a988-45267ede74c6,images/af2ccbf6-b55a-4c36-a988-45267ede74c6,depth_est/af2ccbf6-b55a-4c36-a988-45267ede74c6,depths/af2ccbf6-b55a-4c36-a988-45267ede74c6,sparse/af2ccbf6-b55a-4c36-a988-45267ede74c6,images_raw/af2ccbf6-b55a-4c36-a988-45267ede74c6,masks_raw/af2ccbf6-b55a-4c36-a988-45267ede74c6,masks_images/af2ccbf6-b55a-4c36-a988-45267ede74c6,3dgs/af2ccbf6-b55a-4c36-a988-45267ede74c6.ply,images-csv/af2ccbf6-b55a-4c36-a988-45267ede74c6.csv
af7f4ed8-c7f4-4a9c-8c74-a5914acdf5cd,images/af7f4ed8-c7f4-4a9c-8c74-a5914acdf5cd,depth_est/af7f4ed8-c7f4-4a9c-8c74-a5914acdf5cd,,sparse/af7f4ed8-c7f4-4a9c-8c74-a5914acdf5cd,images_raw/af7f4ed8-c7f4-4a9c-8c74-a5914acdf5cd,masks_raw/af7f4ed8-c7f4-4a9c-8c74-a5914acdf5cd,masks_images/af7f4ed8-c7f4-4a9c-8c74-a5914acdf5cd,3dgs/af7f4ed8-c7f4-4a9c-8c74-a5914acdf5cd.ply,images-csv/af7f4ed8-c7f4-4a9c-8c74-a5914acdf5cd.csv
afbfa4ce-3d9b-455f-8809-ac4e6a0b3674,images/afbfa4ce-3d9b-455f-8809-ac4e6a0b3674,depth_est/afbfa4ce-3d9b-455f-8809-ac4e6a0b3674,depths/afbfa4ce-3d9b-455f-8809-ac4e6a0b3674,sparse/afbfa4ce-3d9b-455f-8809-ac4e6a0b3674,images_raw/afbfa4ce-3d9b-455f-8809-ac4e6a0b3674,masks_raw/afbfa4ce-3d9b-455f-8809-ac4e6a0b3674,masks_images/afbfa4ce-3d9b-455f-8809-ac4e6a0b3674,3dgs/afbfa4ce-3d9b-455f-8809-ac4e6a0b3674.ply,images-csv/afbfa4ce-3d9b-455f-8809-ac4e6a0b3674.csv
b002401a-c24d-4122-8ddf-345e1cab0b54,images/b002401a-c24d-4122-8ddf-345e1cab0b54,depth_est/b002401a-c24d-4122-8ddf-345e1cab0b54,depths/b002401a-c24d-4122-8ddf-345e1cab0b54,sparse/b002401a-c24d-4122-8ddf-345e1cab0b54,images_raw/b002401a-c24d-4122-8ddf-345e1cab0b54,masks_raw/b002401a-c24d-4122-8ddf-345e1cab0b54,masks_images/b002401a-c24d-4122-8ddf-345e1cab0b54,3dgs/b002401a-c24d-4122-8ddf-345e1cab0b54.ply,images-csv/b002401a-c24d-4122-8ddf-345e1cab0b54.csv
b01004a4-f23e-497b-be62-b09b7bb7ac70,images/b01004a4-f23e-497b-be62-b09b7bb7ac70,depth_est/b01004a4-f23e-497b-be62-b09b7bb7ac70,depths/b01004a4-f23e-497b-be62-b09b7bb7ac70,sparse/b01004a4-f23e-497b-be62-b09b7bb7ac70,images_raw/b01004a4-f23e-497b-be62-b09b7bb7ac70,masks_raw/b01004a4-f23e-497b-be62-b09b7bb7ac70,masks_images/b01004a4-f23e-497b-be62-b09b7bb7ac70,3dgs/b01004a4-f23e-497b-be62-b09b7bb7ac70.ply,images-csv/b01004a4-f23e-497b-be62-b09b7bb7ac70.csv
b094facc-18bf-4248-875d-c28c9bfcb7bf,images/b094facc-18bf-4248-875d-c28c9bfcb7bf,depth_est/b094facc-18bf-4248-875d-c28c9bfcb7bf,depths/b094facc-18bf-4248-875d-c28c9bfcb7bf,sparse/b094facc-18bf-4248-875d-c28c9bfcb7bf,images_raw/b094facc-18bf-4248-875d-c28c9bfcb7bf,masks_raw/b094facc-18bf-4248-875d-c28c9bfcb7bf,masks_images/b094facc-18bf-4248-875d-c28c9bfcb7bf,3dgs/b094facc-18bf-4248-875d-c28c9bfcb7bf.ply,images-csv/b094facc-18bf-4248-875d-c28c9bfcb7bf.csv
b0a6ccc3-97ea-478e-bf1a-32b2660202bd,images/b0a6ccc3-97ea-478e-bf1a-32b2660202bd,depth_est/b0a6ccc3-97ea-478e-bf1a-32b2660202bd,,sparse/b0a6ccc3-97ea-478e-bf1a-32b2660202bd,images_raw/b0a6ccc3-97ea-478e-bf1a-32b2660202bd,masks_raw/b0a6ccc3-97ea-478e-bf1a-32b2660202bd,masks_images/b0a6ccc3-97ea-478e-bf1a-32b2660202bd,3dgs/b0a6ccc3-97ea-478e-bf1a-32b2660202bd.ply,images-csv/b0a6ccc3-97ea-478e-bf1a-32b2660202bd.csv
b16f9421-42c2-49ad-90a8-a892cfd8b48c,images/b16f9421-42c2-49ad-90a8-a892cfd8b48c,depth_est/b16f9421-42c2-49ad-90a8-a892cfd8b48c,,sparse/b16f9421-42c2-49ad-90a8-a892cfd8b48c,images_raw/b16f9421-42c2-49ad-90a8-a892cfd8b48c,masks_raw/b16f9421-42c2-49ad-90a8-a892cfd8b48c,masks_images/b16f9421-42c2-49ad-90a8-a892cfd8b48c,3dgs/b16f9421-42c2-49ad-90a8-a892cfd8b48c.ply,images-csv/b16f9421-42c2-49ad-90a8-a892cfd8b48c.csv
b19665e5-7700-4973-870c-2951cefce42c,images/b19665e5-7700-4973-870c-2951cefce42c,depth_est/b19665e5-7700-4973-870c-2951cefce42c,depths/b19665e5-7700-4973-870c-2951cefce42c,sparse/b19665e5-7700-4973-870c-2951cefce42c,images_raw/b19665e5-7700-4973-870c-2951cefce42c,masks_raw/b19665e5-7700-4973-870c-2951cefce42c,masks_images/b19665e5-7700-4973-870c-2951cefce42c,3dgs/b19665e5-7700-4973-870c-2951cefce42c.ply,images-csv/b19665e5-7700-4973-870c-2951cefce42c.csv
b19a7586-e86a-4d4d-9dcf-5cea6f38b6e1,images/b19a7586-e86a-4d4d-9dcf-5cea6f38b6e1,depth_est/b19a7586-e86a-4d4d-9dcf-5cea6f38b6e1,depths/b19a7586-e86a-4d4d-9dcf-5cea6f38b6e1,sparse/b19a7586-e86a-4d4d-9dcf-5cea6f38b6e1,images_raw/b19a7586-e86a-4d4d-9dcf-5cea6f38b6e1,masks_raw/b19a7586-e86a-4d4d-9dcf-5cea6f38b6e1,masks_images/b19a7586-e86a-4d4d-9dcf-5cea6f38b6e1,3dgs/b19a7586-e86a-4d4d-9dcf-5cea6f38b6e1.ply,images-csv/b19a7586-e86a-4d4d-9dcf-5cea6f38b6e1.csv
b1dfbcf5-c634-4edc-a1d5-74b785739db8,images/b1dfbcf5-c634-4edc-a1d5-74b785739db8,depth_est/b1dfbcf5-c634-4edc-a1d5-74b785739db8,depths/b1dfbcf5-c634-4edc-a1d5-74b785739db8,sparse/b1dfbcf5-c634-4edc-a1d5-74b785739db8,images_raw/b1dfbcf5-c634-4edc-a1d5-74b785739db8,masks_raw/b1dfbcf5-c634-4edc-a1d5-74b785739db8,masks_images/b1dfbcf5-c634-4edc-a1d5-74b785739db8,3dgs/b1dfbcf5-c634-4edc-a1d5-74b785739db8.ply,images-csv/b1dfbcf5-c634-4edc-a1d5-74b785739db8.csv
b21279a4-93dd-45ae-95da-4a8b90126483,images/b21279a4-93dd-45ae-95da-4a8b90126483,depth_est/b21279a4-93dd-45ae-95da-4a8b90126483,depths/b21279a4-93dd-45ae-95da-4a8b90126483,sparse/b21279a4-93dd-45ae-95da-4a8b90126483,images_raw/b21279a4-93dd-45ae-95da-4a8b90126483,masks_raw/b21279a4-93dd-45ae-95da-4a8b90126483,masks_images/b21279a4-93dd-45ae-95da-4a8b90126483,3dgs/b21279a4-93dd-45ae-95da-4a8b90126483.ply,images-csv/b21279a4-93dd-45ae-95da-4a8b90126483.csv
b21c027d-f56f-4d5d-961f-48b9e275302e,images/b21c027d-f56f-4d5d-961f-48b9e275302e,depth_est/b21c027d-f56f-4d5d-961f-48b9e275302e,depths/b21c027d-f56f-4d5d-961f-48b9e275302e,sparse/b21c027d-f56f-4d5d-961f-48b9e275302e,images_raw/b21c027d-f56f-4d5d-961f-48b9e275302e,masks_raw/b21c027d-f56f-4d5d-961f-48b9e275302e,masks_images/b21c027d-f56f-4d5d-961f-48b9e275302e,3dgs/b21c027d-f56f-4d5d-961f-48b9e275302e.ply,images-csv/b21c027d-f56f-4d5d-961f-48b9e275302e.csv
b22c3589-0602-467e-9a08-9d1223dd4932,images/b22c3589-0602-467e-9a08-9d1223dd4932,depth_est/b22c3589-0602-467e-9a08-9d1223dd4932,depths/b22c3589-0602-467e-9a08-9d1223dd4932,sparse/b22c3589-0602-467e-9a08-9d1223dd4932,images_raw/b22c3589-0602-467e-9a08-9d1223dd4932,masks_raw/b22c3589-0602-467e-9a08-9d1223dd4932,masks_images/b22c3589-0602-467e-9a08-9d1223dd4932,3dgs/b22c3589-0602-467e-9a08-9d1223dd4932.ply,images-csv/b22c3589-0602-467e-9a08-9d1223dd4932.csv
b2bb2126-d245-4e9b-b260-166cef7ba949,images/b2bb2126-d245-4e9b-b260-166cef7ba949,depth_est/b2bb2126-d245-4e9b-b260-166cef7ba949,depths/b2bb2126-d245-4e9b-b260-166cef7ba949,sparse/b2bb2126-d245-4e9b-b260-166cef7ba949,images_raw/b2bb2126-d245-4e9b-b260-166cef7ba949,masks_raw/b2bb2126-d245-4e9b-b260-166cef7ba949,masks_images/b2bb2126-d245-4e9b-b260-166cef7ba949,3dgs/b2bb2126-d245-4e9b-b260-166cef7ba949.ply,images-csv/b2bb2126-d245-4e9b-b260-166cef7ba949.csv
b3039dc5-812b-42f0-9af6-af87dbe38f7a,images/b3039dc5-812b-42f0-9af6-af87dbe38f7a,depth_est/b3039dc5-812b-42f0-9af6-af87dbe38f7a,,sparse/b3039dc5-812b-42f0-9af6-af87dbe38f7a,images_raw/b3039dc5-812b-42f0-9af6-af87dbe38f7a,masks_raw/b3039dc5-812b-42f0-9af6-af87dbe38f7a,masks_images/b3039dc5-812b-42f0-9af6-af87dbe38f7a,3dgs/b3039dc5-812b-42f0-9af6-af87dbe38f7a.ply,images-csv/b3039dc5-812b-42f0-9af6-af87dbe38f7a.csv
b30a5033-31a2-4963-9623-fe47b6778680,images/b30a5033-31a2-4963-9623-fe47b6778680,depth_est/b30a5033-31a2-4963-9623-fe47b6778680,depths/b30a5033-31a2-4963-9623-fe47b6778680,sparse/b30a5033-31a2-4963-9623-fe47b6778680,images_raw/b30a5033-31a2-4963-9623-fe47b6778680,masks_raw/b30a5033-31a2-4963-9623-fe47b6778680,masks_images/b30a5033-31a2-4963-9623-fe47b6778680,3dgs/b30a5033-31a2-4963-9623-fe47b6778680.ply,images-csv/b30a5033-31a2-4963-9623-fe47b6778680.csv
b36c0fa3-a57a-4257-8868-5d8c19e6eb74,images/b36c0fa3-a57a-4257-8868-5d8c19e6eb74,depth_est/b36c0fa3-a57a-4257-8868-5d8c19e6eb74,depths/b36c0fa3-a57a-4257-8868-5d8c19e6eb74,sparse/b36c0fa3-a57a-4257-8868-5d8c19e6eb74,images_raw/b36c0fa3-a57a-4257-8868-5d8c19e6eb74,masks_raw/b36c0fa3-a57a-4257-8868-5d8c19e6eb74,masks_images/b36c0fa3-a57a-4257-8868-5d8c19e6eb74,3dgs/b36c0fa3-a57a-4257-8868-5d8c19e6eb74.ply,images-csv/b36c0fa3-a57a-4257-8868-5d8c19e6eb74.csv
b3fb1498-3849-4267-810a-837d385be855,images/b3fb1498-3849-4267-810a-837d385be855,depth_est/b3fb1498-3849-4267-810a-837d385be855,,sparse/b3fb1498-3849-4267-810a-837d385be855,images_raw/b3fb1498-3849-4267-810a-837d385be855,masks_raw/b3fb1498-3849-4267-810a-837d385be855,masks_images/b3fb1498-3849-4267-810a-837d385be855,3dgs/b3fb1498-3849-4267-810a-837d385be855.ply,images-csv/b3fb1498-3849-4267-810a-837d385be855.csv
b40eddf2-111b-477a-95f4-f06a169988ff,images/b40eddf2-111b-477a-95f4-f06a169988ff,depth_est/b40eddf2-111b-477a-95f4-f06a169988ff,,sparse/b40eddf2-111b-477a-95f4-f06a169988ff,images_raw/b40eddf2-111b-477a-95f4-f06a169988ff,masks_raw/b40eddf2-111b-477a-95f4-f06a169988ff,masks_images/b40eddf2-111b-477a-95f4-f06a169988ff,3dgs/b40eddf2-111b-477a-95f4-f06a169988ff.ply,images-csv/b40eddf2-111b-477a-95f4-f06a169988ff.csv
b49addbc-d578-4549-a581-6fa1679ba527,images/b49addbc-d578-4549-a581-6fa1679ba527,depth_est/b49addbc-d578-4549-a581-6fa1679ba527,,sparse/b49addbc-d578-4549-a581-6fa1679ba527,images_raw/b49addbc-d578-4549-a581-6fa1679ba527,masks_raw/b49addbc-d578-4549-a581-6fa1679ba527,masks_images/b49addbc-d578-4549-a581-6fa1679ba527,3dgs/b49addbc-d578-4549-a581-6fa1679ba527.ply,images-csv/b49addbc-d578-4549-a581-6fa1679ba527.csv
b4a6a8f2-d85f-4fc8-9e35-300eac5ac28b,images/b4a6a8f2-d85f-4fc8-9e35-300eac5ac28b,depth_est/b4a6a8f2-d85f-4fc8-9e35-300eac5ac28b,depths/b4a6a8f2-d85f-4fc8-9e35-300eac5ac28b,sparse/b4a6a8f2-d85f-4fc8-9e35-300eac5ac28b,images_raw/b4a6a8f2-d85f-4fc8-9e35-300eac5ac28b,masks_raw/b4a6a8f2-d85f-4fc8-9e35-300eac5ac28b,masks_images/b4a6a8f2-d85f-4fc8-9e35-300eac5ac28b,3dgs/b4a6a8f2-d85f-4fc8-9e35-300eac5ac28b.ply,images-csv/b4a6a8f2-d85f-4fc8-9e35-300eac5ac28b.csv
b4db1096-e876-4f01-955d-1aaa71dcf38a,images/b4db1096-e876-4f01-955d-1aaa71dcf38a,depth_est/b4db1096-e876-4f01-955d-1aaa71dcf38a,,sparse/b4db1096-e876-4f01-955d-1aaa71dcf38a,images_raw/b4db1096-e876-4f01-955d-1aaa71dcf38a,masks_raw/b4db1096-e876-4f01-955d-1aaa71dcf38a,masks_images/b4db1096-e876-4f01-955d-1aaa71dcf38a,3dgs/b4db1096-e876-4f01-955d-1aaa71dcf38a.ply,images-csv/b4db1096-e876-4f01-955d-1aaa71dcf38a.csv
b4def26e-fc28-45a3-991f-38f767668dae,images/b4def26e-fc28-45a3-991f-38f767668dae,depth_est/b4def26e-fc28-45a3-991f-38f767668dae,,sparse/b4def26e-fc28-45a3-991f-38f767668dae,images_raw/b4def26e-fc28-45a3-991f-38f767668dae,masks_raw/b4def26e-fc28-45a3-991f-38f767668dae,masks_images/b4def26e-fc28-45a3-991f-38f767668dae,3dgs/b4def26e-fc28-45a3-991f-38f767668dae.ply,images-csv/b4def26e-fc28-45a3-991f-38f767668dae.csv
b5004577-de3e-445d-b9ed-a7579755ae52,images/b5004577-de3e-445d-b9ed-a7579755ae52,depth_est/b5004577-de3e-445d-b9ed-a7579755ae52,,sparse/b5004577-de3e-445d-b9ed-a7579755ae52,images_raw/b5004577-de3e-445d-b9ed-a7579755ae52,masks_raw/b5004577-de3e-445d-b9ed-a7579755ae52,masks_images/b5004577-de3e-445d-b9ed-a7579755ae52,3dgs/b5004577-de3e-445d-b9ed-a7579755ae52.ply,images-csv/b5004577-de3e-445d-b9ed-a7579755ae52.csv
b517d129-0de6-4acd-bce8-0c566559fdb2,images/b517d129-0de6-4acd-bce8-0c566559fdb2,depth_est/b517d129-0de6-4acd-bce8-0c566559fdb2,depths/b517d129-0de6-4acd-bce8-0c566559fdb2,sparse/b517d129-0de6-4acd-bce8-0c566559fdb2,images_raw/b517d129-0de6-4acd-bce8-0c566559fdb2,masks_raw/b517d129-0de6-4acd-bce8-0c566559fdb2,masks_images/b517d129-0de6-4acd-bce8-0c566559fdb2,3dgs/b517d129-0de6-4acd-bce8-0c566559fdb2.ply,images-csv/b517d129-0de6-4acd-bce8-0c566559fdb2.csv
b5559f0e-cbfe-423b-a6c8-ae5e48ff6c5e,images/b5559f0e-cbfe-423b-a6c8-ae5e48ff6c5e,depth_est/b5559f0e-cbfe-423b-a6c8-ae5e48ff6c5e,,sparse/b5559f0e-cbfe-423b-a6c8-ae5e48ff6c5e,images_raw/b5559f0e-cbfe-423b-a6c8-ae5e48ff6c5e,masks_raw/b5559f0e-cbfe-423b-a6c8-ae5e48ff6c5e,masks_images/b5559f0e-cbfe-423b-a6c8-ae5e48ff6c5e,3dgs/b5559f0e-cbfe-423b-a6c8-ae5e48ff6c5e.ply,images-csv/b5559f0e-cbfe-423b-a6c8-ae5e48ff6c5e.csv
b58b92fb-33f0-46cb-ba6f-ceb3d583bcca,images/b58b92fb-33f0-46cb-ba6f-ceb3d583bcca,depth_est/b58b92fb-33f0-46cb-ba6f-ceb3d583bcca,depths/b58b92fb-33f0-46cb-ba6f-ceb3d583bcca,sparse/b58b92fb-33f0-46cb-ba6f-ceb3d583bcca,images_raw/b58b92fb-33f0-46cb-ba6f-ceb3d583bcca,masks_raw/b58b92fb-33f0-46cb-ba6f-ceb3d583bcca,masks_images/b58b92fb-33f0-46cb-ba6f-ceb3d583bcca,3dgs/b58b92fb-33f0-46cb-ba6f-ceb3d583bcca.ply,images-csv/b58b92fb-33f0-46cb-ba6f-ceb3d583bcca.csv
b61db12a-83cd-400a-9f46-48453f1702c9,images/b61db12a-83cd-400a-9f46-48453f1702c9,depth_est/b61db12a-83cd-400a-9f46-48453f1702c9,,sparse/b61db12a-83cd-400a-9f46-48453f1702c9,images_raw/b61db12a-83cd-400a-9f46-48453f1702c9,masks_raw/b61db12a-83cd-400a-9f46-48453f1702c9,masks_images/b61db12a-83cd-400a-9f46-48453f1702c9,3dgs/b61db12a-83cd-400a-9f46-48453f1702c9.ply,images-csv/b61db12a-83cd-400a-9f46-48453f1702c9.csv
b6d72c6c-3525-495e-af63-0ef3e91625b4,images/b6d72c6c-3525-495e-af63-0ef3e91625b4,depth_est/b6d72c6c-3525-495e-af63-0ef3e91625b4,,sparse/b6d72c6c-3525-495e-af63-0ef3e91625b4,images_raw/b6d72c6c-3525-495e-af63-0ef3e91625b4,masks_raw/b6d72c6c-3525-495e-af63-0ef3e91625b4,masks_images/b6d72c6c-3525-495e-af63-0ef3e91625b4,3dgs/b6d72c6c-3525-495e-af63-0ef3e91625b4.ply,images-csv/b6d72c6c-3525-495e-af63-0ef3e91625b4.csv
b74fc3ee-7419-4520-b104-1910fd573f96,images/b74fc3ee-7419-4520-b104-1910fd573f96,depth_est/b74fc3ee-7419-4520-b104-1910fd573f96,depths/b74fc3ee-7419-4520-b104-1910fd573f96,sparse/b74fc3ee-7419-4520-b104-1910fd573f96,images_raw/b74fc3ee-7419-4520-b104-1910fd573f96,masks_raw/b74fc3ee-7419-4520-b104-1910fd573f96,masks_images/b74fc3ee-7419-4520-b104-1910fd573f96,3dgs/b74fc3ee-7419-4520-b104-1910fd573f96.ply,images-csv/b74fc3ee-7419-4520-b104-1910fd573f96.csv
b7742815-75f7-42fe-a4d0-1e3343f80167,images/b7742815-75f7-42fe-a4d0-1e3343f80167,depth_est/b7742815-75f7-42fe-a4d0-1e3343f80167,,sparse/b7742815-75f7-42fe-a4d0-1e3343f80167,images_raw/b7742815-75f7-42fe-a4d0-1e3343f80167,masks_raw/b7742815-75f7-42fe-a4d0-1e3343f80167,masks_images/b7742815-75f7-42fe-a4d0-1e3343f80167,3dgs/b7742815-75f7-42fe-a4d0-1e3343f80167.ply,images-csv/b7742815-75f7-42fe-a4d0-1e3343f80167.csv
b869e460-fbdb-4ba4-ae2f-46faf5499c08,images/b869e460-fbdb-4ba4-ae2f-46faf5499c08,depth_est/b869e460-fbdb-4ba4-ae2f-46faf5499c08,,sparse/b869e460-fbdb-4ba4-ae2f-46faf5499c08,images_raw/b869e460-fbdb-4ba4-ae2f-46faf5499c08,masks_raw/b869e460-fbdb-4ba4-ae2f-46faf5499c08,masks_images/b869e460-fbdb-4ba4-ae2f-46faf5499c08,3dgs/b869e460-fbdb-4ba4-ae2f-46faf5499c08.ply,images-csv/b869e460-fbdb-4ba4-ae2f-46faf5499c08.csv
b8803d1f-051c-4555-b6e5-73abaf4ba893,images/b8803d1f-051c-4555-b6e5-73abaf4ba893,depth_est/b8803d1f-051c-4555-b6e5-73abaf4ba893,depths/b8803d1f-051c-4555-b6e5-73abaf4ba893,sparse/b8803d1f-051c-4555-b6e5-73abaf4ba893,images_raw/b8803d1f-051c-4555-b6e5-73abaf4ba893,masks_raw/b8803d1f-051c-4555-b6e5-73abaf4ba893,masks_images/b8803d1f-051c-4555-b6e5-73abaf4ba893,3dgs/b8803d1f-051c-4555-b6e5-73abaf4ba893.ply,images-csv/b8803d1f-051c-4555-b6e5-73abaf4ba893.csv
b8a5b6cc-1492-4b6f-bf3e-a5346c857640,images/b8a5b6cc-1492-4b6f-bf3e-a5346c857640,depth_est/b8a5b6cc-1492-4b6f-bf3e-a5346c857640,,sparse/b8a5b6cc-1492-4b6f-bf3e-a5346c857640,images_raw/b8a5b6cc-1492-4b6f-bf3e-a5346c857640,masks_raw/b8a5b6cc-1492-4b6f-bf3e-a5346c857640,masks_images/b8a5b6cc-1492-4b6f-bf3e-a5346c857640,3dgs/b8a5b6cc-1492-4b6f-bf3e-a5346c857640.ply,images-csv/b8a5b6cc-1492-4b6f-bf3e-a5346c857640.csv
b8e3cd7b-1518-4552-b563-1fe59f03ed18,images/b8e3cd7b-1518-4552-b563-1fe59f03ed18,depth_est/b8e3cd7b-1518-4552-b563-1fe59f03ed18,,sparse/b8e3cd7b-1518-4552-b563-1fe59f03ed18,images_raw/b8e3cd7b-1518-4552-b563-1fe59f03ed18,masks_raw/b8e3cd7b-1518-4552-b563-1fe59f03ed18,masks_images/b8e3cd7b-1518-4552-b563-1fe59f03ed18,3dgs/b8e3cd7b-1518-4552-b563-1fe59f03ed18.ply,images-csv/b8e3cd7b-1518-4552-b563-1fe59f03ed18.csv
b95733d3-76ab-4244-882c-606c8d0ff1b8,images/b95733d3-76ab-4244-882c-606c8d0ff1b8,depth_est/b95733d3-76ab-4244-882c-606c8d0ff1b8,,sparse/b95733d3-76ab-4244-882c-606c8d0ff1b8,images_raw/b95733d3-76ab-4244-882c-606c8d0ff1b8,masks_raw/b95733d3-76ab-4244-882c-606c8d0ff1b8,masks_images/b95733d3-76ab-4244-882c-606c8d0ff1b8,3dgs/b95733d3-76ab-4244-882c-606c8d0ff1b8.ply,images-csv/b95733d3-76ab-4244-882c-606c8d0ff1b8.csv
b97d0982-d2c9-4c84-9edf-4334d36be554,images/b97d0982-d2c9-4c84-9edf-4334d36be554,depth_est/b97d0982-d2c9-4c84-9edf-4334d36be554,depths/b97d0982-d2c9-4c84-9edf-4334d36be554,sparse/b97d0982-d2c9-4c84-9edf-4334d36be554,images_raw/b97d0982-d2c9-4c84-9edf-4334d36be554,masks_raw/b97d0982-d2c9-4c84-9edf-4334d36be554,masks_images/b97d0982-d2c9-4c84-9edf-4334d36be554,3dgs/b97d0982-d2c9-4c84-9edf-4334d36be554.ply,images-csv/b97d0982-d2c9-4c84-9edf-4334d36be554.csv
b9886dd9-0494-4c6e-b0e1-0b499983608b,images/b9886dd9-0494-4c6e-b0e1-0b499983608b,depth_est/b9886dd9-0494-4c6e-b0e1-0b499983608b,,sparse/b9886dd9-0494-4c6e-b0e1-0b499983608b,images_raw/b9886dd9-0494-4c6e-b0e1-0b499983608b,masks_raw/b9886dd9-0494-4c6e-b0e1-0b499983608b,masks_images/b9886dd9-0494-4c6e-b0e1-0b499983608b,3dgs/b9886dd9-0494-4c6e-b0e1-0b499983608b.ply,images-csv/b9886dd9-0494-4c6e-b0e1-0b499983608b.csv
b9e7cf84-0379-498d-bae4-d61cfa0af3e2,images/b9e7cf84-0379-498d-bae4-d61cfa0af3e2,depth_est/b9e7cf84-0379-498d-bae4-d61cfa0af3e2,,sparse/b9e7cf84-0379-498d-bae4-d61cfa0af3e2,images_raw/b9e7cf84-0379-498d-bae4-d61cfa0af3e2,masks_raw/b9e7cf84-0379-498d-bae4-d61cfa0af3e2,masks_images/b9e7cf84-0379-498d-bae4-d61cfa0af3e2,3dgs/b9e7cf84-0379-498d-bae4-d61cfa0af3e2.ply,images-csv/b9e7cf84-0379-498d-bae4-d61cfa0af3e2.csv
ba42499b-b15b-4eb9-89df-5ef4fc68eb31,images/ba42499b-b15b-4eb9-89df-5ef4fc68eb31,depth_est/ba42499b-b15b-4eb9-89df-5ef4fc68eb31,depths/ba42499b-b15b-4eb9-89df-5ef4fc68eb31,sparse/ba42499b-b15b-4eb9-89df-5ef4fc68eb31,images_raw/ba42499b-b15b-4eb9-89df-5ef4fc68eb31,masks_raw/ba42499b-b15b-4eb9-89df-5ef4fc68eb31,masks_images/ba42499b-b15b-4eb9-89df-5ef4fc68eb31,3dgs/ba42499b-b15b-4eb9-89df-5ef4fc68eb31.ply,images-csv/ba42499b-b15b-4eb9-89df-5ef4fc68eb31.csv
ba60d1ec-886e-4cbe-9d98-8a9210f59216,images/ba60d1ec-886e-4cbe-9d98-8a9210f59216,depth_est/ba60d1ec-886e-4cbe-9d98-8a9210f59216,,sparse/ba60d1ec-886e-4cbe-9d98-8a9210f59216,images_raw/ba60d1ec-886e-4cbe-9d98-8a9210f59216,masks_raw/ba60d1ec-886e-4cbe-9d98-8a9210f59216,masks_images/ba60d1ec-886e-4cbe-9d98-8a9210f59216,3dgs/ba60d1ec-886e-4cbe-9d98-8a9210f59216.ply,images-csv/ba60d1ec-886e-4cbe-9d98-8a9210f59216.csv
bb41f426-0ac7-4f42-a946-a9df864b44c0,images/bb41f426-0ac7-4f42-a946-a9df864b44c0,depth_est/bb41f426-0ac7-4f42-a946-a9df864b44c0,depths/bb41f426-0ac7-4f42-a946-a9df864b44c0,sparse/bb41f426-0ac7-4f42-a946-a9df864b44c0,images_raw/bb41f426-0ac7-4f42-a946-a9df864b44c0,masks_raw/bb41f426-0ac7-4f42-a946-a9df864b44c0,masks_images/bb41f426-0ac7-4f42-a946-a9df864b44c0,3dgs/bb41f426-0ac7-4f42-a946-a9df864b44c0.ply,images-csv/bb41f426-0ac7-4f42-a946-a9df864b44c0.csv
bb48603e-9d43-4de7-8e51-9b8e355d3c99,images/bb48603e-9d43-4de7-8e51-9b8e355d3c99,depth_est/bb48603e-9d43-4de7-8e51-9b8e355d3c99,,sparse/bb48603e-9d43-4de7-8e51-9b8e355d3c99,images_raw/bb48603e-9d43-4de7-8e51-9b8e355d3c99,masks_raw/bb48603e-9d43-4de7-8e51-9b8e355d3c99,masks_images/bb48603e-9d43-4de7-8e51-9b8e355d3c99,3dgs/bb48603e-9d43-4de7-8e51-9b8e355d3c99.ply,images-csv/bb48603e-9d43-4de7-8e51-9b8e355d3c99.csv
bb4bdeb2-8d22-4e91-b76a-465355e8382d,images/bb4bdeb2-8d22-4e91-b76a-465355e8382d,depth_est/bb4bdeb2-8d22-4e91-b76a-465355e8382d,depths/bb4bdeb2-8d22-4e91-b76a-465355e8382d,sparse/bb4bdeb2-8d22-4e91-b76a-465355e8382d,images_raw/bb4bdeb2-8d22-4e91-b76a-465355e8382d,masks_raw/bb4bdeb2-8d22-4e91-b76a-465355e8382d,masks_images/bb4bdeb2-8d22-4e91-b76a-465355e8382d,3dgs/bb4bdeb2-8d22-4e91-b76a-465355e8382d.ply,images-csv/bb4bdeb2-8d22-4e91-b76a-465355e8382d.csv
bb7d0468-bcf6-4fa0-819f-0c20bc4438f5,images/bb7d0468-bcf6-4fa0-819f-0c20bc4438f5,depth_est/bb7d0468-bcf6-4fa0-819f-0c20bc4438f5,,sparse/bb7d0468-bcf6-4fa0-819f-0c20bc4438f5,images_raw/bb7d0468-bcf6-4fa0-819f-0c20bc4438f5,masks_raw/bb7d0468-bcf6-4fa0-819f-0c20bc4438f5,masks_images/bb7d0468-bcf6-4fa0-819f-0c20bc4438f5,3dgs/bb7d0468-bcf6-4fa0-819f-0c20bc4438f5.ply,images-csv/bb7d0468-bcf6-4fa0-819f-0c20bc4438f5.csv
bbbb556b-a8c2-4c8c-98bd-3a1ed1bb55fc,images/bbbb556b-a8c2-4c8c-98bd-3a1ed1bb55fc,depth_est/bbbb556b-a8c2-4c8c-98bd-3a1ed1bb55fc,depths/bbbb556b-a8c2-4c8c-98bd-3a1ed1bb55fc,sparse/bbbb556b-a8c2-4c8c-98bd-3a1ed1bb55fc,images_raw/bbbb556b-a8c2-4c8c-98bd-3a1ed1bb55fc,masks_raw/bbbb556b-a8c2-4c8c-98bd-3a1ed1bb55fc,masks_images/bbbb556b-a8c2-4c8c-98bd-3a1ed1bb55fc,3dgs/bbbb556b-a8c2-4c8c-98bd-3a1ed1bb55fc.ply,images-csv/bbbb556b-a8c2-4c8c-98bd-3a1ed1bb55fc.csv
bbeff09e-1b43-4f17-9219-60390d31ecc2,images/bbeff09e-1b43-4f17-9219-60390d31ecc2,depth_est/bbeff09e-1b43-4f17-9219-60390d31ecc2,,sparse/bbeff09e-1b43-4f17-9219-60390d31ecc2,images_raw/bbeff09e-1b43-4f17-9219-60390d31ecc2,masks_raw/bbeff09e-1b43-4f17-9219-60390d31ecc2,masks_images/bbeff09e-1b43-4f17-9219-60390d31ecc2,3dgs/bbeff09e-1b43-4f17-9219-60390d31ecc2.ply,images-csv/bbeff09e-1b43-4f17-9219-60390d31ecc2.csv
bc2cfe2d-6b83-46d7-859a-12e831e93120,images/bc2cfe2d-6b83-46d7-859a-12e831e93120,depth_est/bc2cfe2d-6b83-46d7-859a-12e831e93120,depths/bc2cfe2d-6b83-46d7-859a-12e831e93120,sparse/bc2cfe2d-6b83-46d7-859a-12e831e93120,images_raw/bc2cfe2d-6b83-46d7-859a-12e831e93120,masks_raw/bc2cfe2d-6b83-46d7-859a-12e831e93120,masks_images/bc2cfe2d-6b83-46d7-859a-12e831e93120,3dgs/bc2cfe2d-6b83-46d7-859a-12e831e93120.ply,images-csv/bc2cfe2d-6b83-46d7-859a-12e831e93120.csv
bc356864-6c25-4138-b0ba-e356457abd1e,images/bc356864-6c25-4138-b0ba-e356457abd1e,depth_est/bc356864-6c25-4138-b0ba-e356457abd1e,,sparse/bc356864-6c25-4138-b0ba-e356457abd1e,images_raw/bc356864-6c25-4138-b0ba-e356457abd1e,masks_raw/bc356864-6c25-4138-b0ba-e356457abd1e,masks_images/bc356864-6c25-4138-b0ba-e356457abd1e,3dgs/bc356864-6c25-4138-b0ba-e356457abd1e.ply,images-csv/bc356864-6c25-4138-b0ba-e356457abd1e.csv
bce903d9-1fe6-4335-9b0b-0abea16f2425,images/bce903d9-1fe6-4335-9b0b-0abea16f2425,depth_est/bce903d9-1fe6-4335-9b0b-0abea16f2425,depths/bce903d9-1fe6-4335-9b0b-0abea16f2425,sparse/bce903d9-1fe6-4335-9b0b-0abea16f2425,images_raw/bce903d9-1fe6-4335-9b0b-0abea16f2425,masks_raw/bce903d9-1fe6-4335-9b0b-0abea16f2425,masks_images/bce903d9-1fe6-4335-9b0b-0abea16f2425,3dgs/bce903d9-1fe6-4335-9b0b-0abea16f2425.ply,images-csv/bce903d9-1fe6-4335-9b0b-0abea16f2425.csv
bd5023bf-c40f-4afb-b5e2-1027bdff4c1a,images/bd5023bf-c40f-4afb-b5e2-1027bdff4c1a,depth_est/bd5023bf-c40f-4afb-b5e2-1027bdff4c1a,,sparse/bd5023bf-c40f-4afb-b5e2-1027bdff4c1a,images_raw/bd5023bf-c40f-4afb-b5e2-1027bdff4c1a,masks_raw/bd5023bf-c40f-4afb-b5e2-1027bdff4c1a,masks_images/bd5023bf-c40f-4afb-b5e2-1027bdff4c1a,3dgs/bd5023bf-c40f-4afb-b5e2-1027bdff4c1a.ply,images-csv/bd5023bf-c40f-4afb-b5e2-1027bdff4c1a.csv
bd992598-22f0-4deb-8de2-20bec27e339e,images/bd992598-22f0-4deb-8de2-20bec27e339e,depth_est/bd992598-22f0-4deb-8de2-20bec27e339e,,sparse/bd992598-22f0-4deb-8de2-20bec27e339e,images_raw/bd992598-22f0-4deb-8de2-20bec27e339e,masks_raw/bd992598-22f0-4deb-8de2-20bec27e339e,masks_images/bd992598-22f0-4deb-8de2-20bec27e339e,3dgs/bd992598-22f0-4deb-8de2-20bec27e339e.ply,images-csv/bd992598-22f0-4deb-8de2-20bec27e339e.csv
be238780-41d8-454d-bd71-5c518fe7e61f,images/be238780-41d8-454d-bd71-5c518fe7e61f,depth_est/be238780-41d8-454d-bd71-5c518fe7e61f,,sparse/be238780-41d8-454d-bd71-5c518fe7e61f,images_raw/be238780-41d8-454d-bd71-5c518fe7e61f,masks_raw/be238780-41d8-454d-bd71-5c518fe7e61f,masks_images/be238780-41d8-454d-bd71-5c518fe7e61f,3dgs/be238780-41d8-454d-bd71-5c518fe7e61f.ply,images-csv/be238780-41d8-454d-bd71-5c518fe7e61f.csv
bedfd42b-335f-4526-a07c-46e72d104fa1,images/bedfd42b-335f-4526-a07c-46e72d104fa1,depth_est/bedfd42b-335f-4526-a07c-46e72d104fa1,,sparse/bedfd42b-335f-4526-a07c-46e72d104fa1,images_raw/bedfd42b-335f-4526-a07c-46e72d104fa1,masks_raw/bedfd42b-335f-4526-a07c-46e72d104fa1,masks_images/bedfd42b-335f-4526-a07c-46e72d104fa1,3dgs/bedfd42b-335f-4526-a07c-46e72d104fa1.ply,images-csv/bedfd42b-335f-4526-a07c-46e72d104fa1.csv
bf040328-3b57-4c69-9bb9-90365c63ca91,images/bf040328-3b57-4c69-9bb9-90365c63ca91,depth_est/bf040328-3b57-4c69-9bb9-90365c63ca91,,sparse/bf040328-3b57-4c69-9bb9-90365c63ca91,images_raw/bf040328-3b57-4c69-9bb9-90365c63ca91,masks_raw/bf040328-3b57-4c69-9bb9-90365c63ca91,masks_images/bf040328-3b57-4c69-9bb9-90365c63ca91,3dgs/bf040328-3b57-4c69-9bb9-90365c63ca91.ply,images-csv/bf040328-3b57-4c69-9bb9-90365c63ca91.csv
bf302f1f-64ec-4fed-a1ee-4997d2d8498f,images/bf302f1f-64ec-4fed-a1ee-4997d2d8498f,depth_est/bf302f1f-64ec-4fed-a1ee-4997d2d8498f,,sparse/bf302f1f-64ec-4fed-a1ee-4997d2d8498f,images_raw/bf302f1f-64ec-4fed-a1ee-4997d2d8498f,masks_raw/bf302f1f-64ec-4fed-a1ee-4997d2d8498f,masks_images/bf302f1f-64ec-4fed-a1ee-4997d2d8498f,3dgs/bf302f1f-64ec-4fed-a1ee-4997d2d8498f.ply,images-csv/bf302f1f-64ec-4fed-a1ee-4997d2d8498f.csv
bf7d3908-87ac-44fd-be81-e351a150bd28,images/bf7d3908-87ac-44fd-be81-e351a150bd28,depth_est/bf7d3908-87ac-44fd-be81-e351a150bd28,depths/bf7d3908-87ac-44fd-be81-e351a150bd28,sparse/bf7d3908-87ac-44fd-be81-e351a150bd28,images_raw/bf7d3908-87ac-44fd-be81-e351a150bd28,masks_raw/bf7d3908-87ac-44fd-be81-e351a150bd28,masks_images/bf7d3908-87ac-44fd-be81-e351a150bd28,3dgs/bf7d3908-87ac-44fd-be81-e351a150bd28.ply,images-csv/bf7d3908-87ac-44fd-be81-e351a150bd28.csv
bf84be94-d95e-406a-8a16-24ee46521fa6,images/bf84be94-d95e-406a-8a16-24ee46521fa6,depth_est/bf84be94-d95e-406a-8a16-24ee46521fa6,depths/bf84be94-d95e-406a-8a16-24ee46521fa6,sparse/bf84be94-d95e-406a-8a16-24ee46521fa6,images_raw/bf84be94-d95e-406a-8a16-24ee46521fa6,masks_raw/bf84be94-d95e-406a-8a16-24ee46521fa6,masks_images/bf84be94-d95e-406a-8a16-24ee46521fa6,3dgs/bf84be94-d95e-406a-8a16-24ee46521fa6.ply,images-csv/bf84be94-d95e-406a-8a16-24ee46521fa6.csv
bf99359f-7786-43cd-802f-a3d75f08e3c9,images/bf99359f-7786-43cd-802f-a3d75f08e3c9,depth_est/bf99359f-7786-43cd-802f-a3d75f08e3c9,,sparse/bf99359f-7786-43cd-802f-a3d75f08e3c9,images_raw/bf99359f-7786-43cd-802f-a3d75f08e3c9,masks_raw/bf99359f-7786-43cd-802f-a3d75f08e3c9,masks_images/bf99359f-7786-43cd-802f-a3d75f08e3c9,3dgs/bf99359f-7786-43cd-802f-a3d75f08e3c9.ply,images-csv/bf99359f-7786-43cd-802f-a3d75f08e3c9.csv
c05a26a3-96db-47a1-8487-48c60117d37a,images/c05a26a3-96db-47a1-8487-48c60117d37a,depth_est/c05a26a3-96db-47a1-8487-48c60117d37a,depths/c05a26a3-96db-47a1-8487-48c60117d37a,sparse/c05a26a3-96db-47a1-8487-48c60117d37a,images_raw/c05a26a3-96db-47a1-8487-48c60117d37a,masks_raw/c05a26a3-96db-47a1-8487-48c60117d37a,masks_images/c05a26a3-96db-47a1-8487-48c60117d37a,3dgs/c05a26a3-96db-47a1-8487-48c60117d37a.ply,images-csv/c05a26a3-96db-47a1-8487-48c60117d37a.csv
c08bf148-0f8e-4fb9-8dd3-17769f35a5ec,images/c08bf148-0f8e-4fb9-8dd3-17769f35a5ec,depth_est/c08bf148-0f8e-4fb9-8dd3-17769f35a5ec,,sparse/c08bf148-0f8e-4fb9-8dd3-17769f35a5ec,images_raw/c08bf148-0f8e-4fb9-8dd3-17769f35a5ec,masks_raw/c08bf148-0f8e-4fb9-8dd3-17769f35a5ec,masks_images/c08bf148-0f8e-4fb9-8dd3-17769f35a5ec,3dgs/c08bf148-0f8e-4fb9-8dd3-17769f35a5ec.ply,images-csv/c08bf148-0f8e-4fb9-8dd3-17769f35a5ec.csv
c0aec66a-38fc-4de2-b397-f16339a96e63,images/c0aec66a-38fc-4de2-b397-f16339a96e63,depth_est/c0aec66a-38fc-4de2-b397-f16339a96e63,,sparse/c0aec66a-38fc-4de2-b397-f16339a96e63,images_raw/c0aec66a-38fc-4de2-b397-f16339a96e63,masks_raw/c0aec66a-38fc-4de2-b397-f16339a96e63,masks_images/c0aec66a-38fc-4de2-b397-f16339a96e63,3dgs/c0aec66a-38fc-4de2-b397-f16339a96e63.ply,images-csv/c0aec66a-38fc-4de2-b397-f16339a96e63.csv
c0d9b2fd-f5cf-4af9-b08b-9c38bf16bcd8,images/c0d9b2fd-f5cf-4af9-b08b-9c38bf16bcd8,depth_est/c0d9b2fd-f5cf-4af9-b08b-9c38bf16bcd8,,sparse/c0d9b2fd-f5cf-4af9-b08b-9c38bf16bcd8,images_raw/c0d9b2fd-f5cf-4af9-b08b-9c38bf16bcd8,masks_raw/c0d9b2fd-f5cf-4af9-b08b-9c38bf16bcd8,masks_images/c0d9b2fd-f5cf-4af9-b08b-9c38bf16bcd8,3dgs/c0d9b2fd-f5cf-4af9-b08b-9c38bf16bcd8.ply,images-csv/c0d9b2fd-f5cf-4af9-b08b-9c38bf16bcd8.csv
c1102991-a78e-4a46-a8a2-8fd97fd93fe6,images/c1102991-a78e-4a46-a8a2-8fd97fd93fe6,depth_est/c1102991-a78e-4a46-a8a2-8fd97fd93fe6,depths/c1102991-a78e-4a46-a8a2-8fd97fd93fe6,sparse/c1102991-a78e-4a46-a8a2-8fd97fd93fe6,images_raw/c1102991-a78e-4a46-a8a2-8fd97fd93fe6,masks_raw/c1102991-a78e-4a46-a8a2-8fd97fd93fe6,masks_images/c1102991-a78e-4a46-a8a2-8fd97fd93fe6,3dgs/c1102991-a78e-4a46-a8a2-8fd97fd93fe6.ply,images-csv/c1102991-a78e-4a46-a8a2-8fd97fd93fe6.csv
c12f7a2e-db1c-4b6f-ba6e-c37dd04b0959,images/c12f7a2e-db1c-4b6f-ba6e-c37dd04b0959,depth_est/c12f7a2e-db1c-4b6f-ba6e-c37dd04b0959,,sparse/c12f7a2e-db1c-4b6f-ba6e-c37dd04b0959,images_raw/c12f7a2e-db1c-4b6f-ba6e-c37dd04b0959,masks_raw/c12f7a2e-db1c-4b6f-ba6e-c37dd04b0959,masks_images/c12f7a2e-db1c-4b6f-ba6e-c37dd04b0959,3dgs/c12f7a2e-db1c-4b6f-ba6e-c37dd04b0959.ply,images-csv/c12f7a2e-db1c-4b6f-ba6e-c37dd04b0959.csv
c1352831-d4e8-47a7-af77-9ce2a3681fb4,images/c1352831-d4e8-47a7-af77-9ce2a3681fb4,depth_est/c1352831-d4e8-47a7-af77-9ce2a3681fb4,depths/c1352831-d4e8-47a7-af77-9ce2a3681fb4,sparse/c1352831-d4e8-47a7-af77-9ce2a3681fb4,images_raw/c1352831-d4e8-47a7-af77-9ce2a3681fb4,masks_raw/c1352831-d4e8-47a7-af77-9ce2a3681fb4,masks_images/c1352831-d4e8-47a7-af77-9ce2a3681fb4,3dgs/c1352831-d4e8-47a7-af77-9ce2a3681fb4.ply,images-csv/c1352831-d4e8-47a7-af77-9ce2a3681fb4.csv
c35cffb2-9d08-40f6-87c8-26529cd68aa2,images/c35cffb2-9d08-40f6-87c8-26529cd68aa2,depth_est/c35cffb2-9d08-40f6-87c8-26529cd68aa2,,sparse/c35cffb2-9d08-40f6-87c8-26529cd68aa2,images_raw/c35cffb2-9d08-40f6-87c8-26529cd68aa2,masks_raw/c35cffb2-9d08-40f6-87c8-26529cd68aa2,masks_images/c35cffb2-9d08-40f6-87c8-26529cd68aa2,3dgs/c35cffb2-9d08-40f6-87c8-26529cd68aa2.ply,images-csv/c35cffb2-9d08-40f6-87c8-26529cd68aa2.csv
c3ca9baf-53d3-4989-b5c6-ee0a13806b9f,images/c3ca9baf-53d3-4989-b5c6-ee0a13806b9f,depth_est/c3ca9baf-53d3-4989-b5c6-ee0a13806b9f,,sparse/c3ca9baf-53d3-4989-b5c6-ee0a13806b9f,images_raw/c3ca9baf-53d3-4989-b5c6-ee0a13806b9f,masks_raw/c3ca9baf-53d3-4989-b5c6-ee0a13806b9f,masks_images/c3ca9baf-53d3-4989-b5c6-ee0a13806b9f,3dgs/c3ca9baf-53d3-4989-b5c6-ee0a13806b9f.ply,images-csv/c3ca9baf-53d3-4989-b5c6-ee0a13806b9f.csv
c477af78-179b-46f2-ad50-94942603d689,images/c477af78-179b-46f2-ad50-94942603d689,depth_est/c477af78-179b-46f2-ad50-94942603d689,,sparse/c477af78-179b-46f2-ad50-94942603d689,images_raw/c477af78-179b-46f2-ad50-94942603d689,masks_raw/c477af78-179b-46f2-ad50-94942603d689,masks_images/c477af78-179b-46f2-ad50-94942603d689,3dgs/c477af78-179b-46f2-ad50-94942603d689.ply,images-csv/c477af78-179b-46f2-ad50-94942603d689.csv
c47ff871-16ee-4981-bd26-1928992bba21,images/c47ff871-16ee-4981-bd26-1928992bba21,depth_est/c47ff871-16ee-4981-bd26-1928992bba21,,sparse/c47ff871-16ee-4981-bd26-1928992bba21,images_raw/c47ff871-16ee-4981-bd26-1928992bba21,masks_raw/c47ff871-16ee-4981-bd26-1928992bba21,masks_images/c47ff871-16ee-4981-bd26-1928992bba21,3dgs/c47ff871-16ee-4981-bd26-1928992bba21.ply,images-csv/c47ff871-16ee-4981-bd26-1928992bba21.csv
c4b9f67e-6b84-4ab6-9928-2a966d6491e3,images/c4b9f67e-6b84-4ab6-9928-2a966d6491e3,depth_est/c4b9f67e-6b84-4ab6-9928-2a966d6491e3,depths/c4b9f67e-6b84-4ab6-9928-2a966d6491e3,sparse/c4b9f67e-6b84-4ab6-9928-2a966d6491e3,images_raw/c4b9f67e-6b84-4ab6-9928-2a966d6491e3,masks_raw/c4b9f67e-6b84-4ab6-9928-2a966d6491e3,masks_images/c4b9f67e-6b84-4ab6-9928-2a966d6491e3,3dgs/c4b9f67e-6b84-4ab6-9928-2a966d6491e3.ply,images-csv/c4b9f67e-6b84-4ab6-9928-2a966d6491e3.csv
c6287354-4529-4d94-99dd-f8ae2e3f7cfa,images/c6287354-4529-4d94-99dd-f8ae2e3f7cfa,depth_est/c6287354-4529-4d94-99dd-f8ae2e3f7cfa,depths/c6287354-4529-4d94-99dd-f8ae2e3f7cfa,sparse/c6287354-4529-4d94-99dd-f8ae2e3f7cfa,images_raw/c6287354-4529-4d94-99dd-f8ae2e3f7cfa,masks_raw/c6287354-4529-4d94-99dd-f8ae2e3f7cfa,masks_images/c6287354-4529-4d94-99dd-f8ae2e3f7cfa,3dgs/c6287354-4529-4d94-99dd-f8ae2e3f7cfa.ply,images-csv/c6287354-4529-4d94-99dd-f8ae2e3f7cfa.csv
c664ca1c-5bef-407e-a39a-690ef8c50033,images/c664ca1c-5bef-407e-a39a-690ef8c50033,depth_est/c664ca1c-5bef-407e-a39a-690ef8c50033,,sparse/c664ca1c-5bef-407e-a39a-690ef8c50033,images_raw/c664ca1c-5bef-407e-a39a-690ef8c50033,masks_raw/c664ca1c-5bef-407e-a39a-690ef8c50033,masks_images/c664ca1c-5bef-407e-a39a-690ef8c50033,3dgs/c664ca1c-5bef-407e-a39a-690ef8c50033.ply,images-csv/c664ca1c-5bef-407e-a39a-690ef8c50033.csv
c68a0316-e8a6-4e05-b8bd-004088755a77,images/c68a0316-e8a6-4e05-b8bd-004088755a77,depth_est/c68a0316-e8a6-4e05-b8bd-004088755a77,,sparse/c68a0316-e8a6-4e05-b8bd-004088755a77,images_raw/c68a0316-e8a6-4e05-b8bd-004088755a77,masks_raw/c68a0316-e8a6-4e05-b8bd-004088755a77,masks_images/c68a0316-e8a6-4e05-b8bd-004088755a77,3dgs/c68a0316-e8a6-4e05-b8bd-004088755a77.ply,images-csv/c68a0316-e8a6-4e05-b8bd-004088755a77.csv
c6d6d5e9-5a8f-473b-a67b-a0d8529140f9,images/c6d6d5e9-5a8f-473b-a67b-a0d8529140f9,depth_est/c6d6d5e9-5a8f-473b-a67b-a0d8529140f9,depths/c6d6d5e9-5a8f-473b-a67b-a0d8529140f9,sparse/c6d6d5e9-5a8f-473b-a67b-a0d8529140f9,images_raw/c6d6d5e9-5a8f-473b-a67b-a0d8529140f9,masks_raw/c6d6d5e9-5a8f-473b-a67b-a0d8529140f9,masks_images/c6d6d5e9-5a8f-473b-a67b-a0d8529140f9,3dgs/c6d6d5e9-5a8f-473b-a67b-a0d8529140f9.ply,images-csv/c6d6d5e9-5a8f-473b-a67b-a0d8529140f9.csv
c6df9ee6-526b-4e8d-b1bc-9bd7cb99f5c7,images/c6df9ee6-526b-4e8d-b1bc-9bd7cb99f5c7,depth_est/c6df9ee6-526b-4e8d-b1bc-9bd7cb99f5c7,,sparse/c6df9ee6-526b-4e8d-b1bc-9bd7cb99f5c7,images_raw/c6df9ee6-526b-4e8d-b1bc-9bd7cb99f5c7,masks_raw/c6df9ee6-526b-4e8d-b1bc-9bd7cb99f5c7,masks_images/c6df9ee6-526b-4e8d-b1bc-9bd7cb99f5c7,3dgs/c6df9ee6-526b-4e8d-b1bc-9bd7cb99f5c7.ply,images-csv/c6df9ee6-526b-4e8d-b1bc-9bd7cb99f5c7.csv
c72dd3e6-38f8-4b58-8663-decd020107c5,images/c72dd3e6-38f8-4b58-8663-decd020107c5,depth_est/c72dd3e6-38f8-4b58-8663-decd020107c5,depths/c72dd3e6-38f8-4b58-8663-decd020107c5,sparse/c72dd3e6-38f8-4b58-8663-decd020107c5,images_raw/c72dd3e6-38f8-4b58-8663-decd020107c5,masks_raw/c72dd3e6-38f8-4b58-8663-decd020107c5,masks_images/c72dd3e6-38f8-4b58-8663-decd020107c5,3dgs/c72dd3e6-38f8-4b58-8663-decd020107c5.ply,images-csv/c72dd3e6-38f8-4b58-8663-decd020107c5.csv
c78506a3-15d0-4bee-8bf0-2e11a98d6e26,images/c78506a3-15d0-4bee-8bf0-2e11a98d6e26,depth_est/c78506a3-15d0-4bee-8bf0-2e11a98d6e26,depths/c78506a3-15d0-4bee-8bf0-2e11a98d6e26,sparse/c78506a3-15d0-4bee-8bf0-2e11a98d6e26,images_raw/c78506a3-15d0-4bee-8bf0-2e11a98d6e26,masks_raw/c78506a3-15d0-4bee-8bf0-2e11a98d6e26,masks_images/c78506a3-15d0-4bee-8bf0-2e11a98d6e26,3dgs/c78506a3-15d0-4bee-8bf0-2e11a98d6e26.ply,images-csv/c78506a3-15d0-4bee-8bf0-2e11a98d6e26.csv
c83346f1-be3e-42c3-b19e-12a5798e42aa,images/c83346f1-be3e-42c3-b19e-12a5798e42aa,depth_est/c83346f1-be3e-42c3-b19e-12a5798e42aa,depths/c83346f1-be3e-42c3-b19e-12a5798e42aa,sparse/c83346f1-be3e-42c3-b19e-12a5798e42aa,images_raw/c83346f1-be3e-42c3-b19e-12a5798e42aa,masks_raw/c83346f1-be3e-42c3-b19e-12a5798e42aa,masks_images/c83346f1-be3e-42c3-b19e-12a5798e42aa,3dgs/c83346f1-be3e-42c3-b19e-12a5798e42aa.ply,images-csv/c83346f1-be3e-42c3-b19e-12a5798e42aa.csv
c8634a4b-e34e-4965-a216-e19b9207779d,images/c8634a4b-e34e-4965-a216-e19b9207779d,depth_est/c8634a4b-e34e-4965-a216-e19b9207779d,,sparse/c8634a4b-e34e-4965-a216-e19b9207779d,images_raw/c8634a4b-e34e-4965-a216-e19b9207779d,masks_raw/c8634a4b-e34e-4965-a216-e19b9207779d,masks_images/c8634a4b-e34e-4965-a216-e19b9207779d,3dgs/c8634a4b-e34e-4965-a216-e19b9207779d.ply,images-csv/c8634a4b-e34e-4965-a216-e19b9207779d.csv
c864fe3f-57c5-4cb3-8316-cbf9dd8efc25,images/c864fe3f-57c5-4cb3-8316-cbf9dd8efc25,depth_est/c864fe3f-57c5-4cb3-8316-cbf9dd8efc25,,sparse/c864fe3f-57c5-4cb3-8316-cbf9dd8efc25,images_raw/c864fe3f-57c5-4cb3-8316-cbf9dd8efc25,masks_raw/c864fe3f-57c5-4cb3-8316-cbf9dd8efc25,masks_images/c864fe3f-57c5-4cb3-8316-cbf9dd8efc25,3dgs/c864fe3f-57c5-4cb3-8316-cbf9dd8efc25.ply,images-csv/c864fe3f-57c5-4cb3-8316-cbf9dd8efc25.csv
c86fe145-2f89-4b15-9514-a65cbe30d2f3,images/c86fe145-2f89-4b15-9514-a65cbe30d2f3,depth_est/c86fe145-2f89-4b15-9514-a65cbe30d2f3,depths/c86fe145-2f89-4b15-9514-a65cbe30d2f3,sparse/c86fe145-2f89-4b15-9514-a65cbe30d2f3,images_raw/c86fe145-2f89-4b15-9514-a65cbe30d2f3,masks_raw/c86fe145-2f89-4b15-9514-a65cbe30d2f3,masks_images/c86fe145-2f89-4b15-9514-a65cbe30d2f3,3dgs/c86fe145-2f89-4b15-9514-a65cbe30d2f3.ply,images-csv/c86fe145-2f89-4b15-9514-a65cbe30d2f3.csv
c8eb1a2d-1b3d-46f5-9234-8c82a93e92e4,images/c8eb1a2d-1b3d-46f5-9234-8c82a93e92e4,depth_est/c8eb1a2d-1b3d-46f5-9234-8c82a93e92e4,,sparse/c8eb1a2d-1b3d-46f5-9234-8c82a93e92e4,images_raw/c8eb1a2d-1b3d-46f5-9234-8c82a93e92e4,masks_raw/c8eb1a2d-1b3d-46f5-9234-8c82a93e92e4,masks_images/c8eb1a2d-1b3d-46f5-9234-8c82a93e92e4,3dgs/c8eb1a2d-1b3d-46f5-9234-8c82a93e92e4.ply,images-csv/c8eb1a2d-1b3d-46f5-9234-8c82a93e92e4.csv
c949bccf-8eff-408b-b391-5b1f970ba46e,images/c949bccf-8eff-408b-b391-5b1f970ba46e,depth_est/c949bccf-8eff-408b-b391-5b1f970ba46e,depths/c949bccf-8eff-408b-b391-5b1f970ba46e,sparse/c949bccf-8eff-408b-b391-5b1f970ba46e,images_raw/c949bccf-8eff-408b-b391-5b1f970ba46e,masks_raw/c949bccf-8eff-408b-b391-5b1f970ba46e,masks_images/c949bccf-8eff-408b-b391-5b1f970ba46e,3dgs/c949bccf-8eff-408b-b391-5b1f970ba46e.ply,images-csv/c949bccf-8eff-408b-b391-5b1f970ba46e.csv
c94c7084-7c22-4245-94aa-cc1ebd83e8ae,images/c94c7084-7c22-4245-94aa-cc1ebd83e8ae,depth_est/c94c7084-7c22-4245-94aa-cc1ebd83e8ae,depths/c94c7084-7c22-4245-94aa-cc1ebd83e8ae,sparse/c94c7084-7c22-4245-94aa-cc1ebd83e8ae,images_raw/c94c7084-7c22-4245-94aa-cc1ebd83e8ae,masks_raw/c94c7084-7c22-4245-94aa-cc1ebd83e8ae,masks_images/c94c7084-7c22-4245-94aa-cc1ebd83e8ae,3dgs/c94c7084-7c22-4245-94aa-cc1ebd83e8ae.ply,images-csv/c94c7084-7c22-4245-94aa-cc1ebd83e8ae.csv
c975fdc7-79de-4862-b9d7-396c00b3209a,images/c975fdc7-79de-4862-b9d7-396c00b3209a,depth_est/c975fdc7-79de-4862-b9d7-396c00b3209a,,sparse/c975fdc7-79de-4862-b9d7-396c00b3209a,images_raw/c975fdc7-79de-4862-b9d7-396c00b3209a,masks_raw/c975fdc7-79de-4862-b9d7-396c00b3209a,masks_images/c975fdc7-79de-4862-b9d7-396c00b3209a,3dgs/c975fdc7-79de-4862-b9d7-396c00b3209a.ply,images-csv/c975fdc7-79de-4862-b9d7-396c00b3209a.csv
c9c540f8-bf1f-47c1-b4da-6677cfdbccc4,images/c9c540f8-bf1f-47c1-b4da-6677cfdbccc4,depth_est/c9c540f8-bf1f-47c1-b4da-6677cfdbccc4,depths/c9c540f8-bf1f-47c1-b4da-6677cfdbccc4,sparse/c9c540f8-bf1f-47c1-b4da-6677cfdbccc4,images_raw/c9c540f8-bf1f-47c1-b4da-6677cfdbccc4,masks_raw/c9c540f8-bf1f-47c1-b4da-6677cfdbccc4,masks_images/c9c540f8-bf1f-47c1-b4da-6677cfdbccc4,3dgs/c9c540f8-bf1f-47c1-b4da-6677cfdbccc4.ply,images-csv/c9c540f8-bf1f-47c1-b4da-6677cfdbccc4.csv
c9c7a660-bd45-40d8-a340-574c8bdde88f,images/c9c7a660-bd45-40d8-a340-574c8bdde88f,depth_est/c9c7a660-bd45-40d8-a340-574c8bdde88f,depths/c9c7a660-bd45-40d8-a340-574c8bdde88f,sparse/c9c7a660-bd45-40d8-a340-574c8bdde88f,images_raw/c9c7a660-bd45-40d8-a340-574c8bdde88f,masks_raw/c9c7a660-bd45-40d8-a340-574c8bdde88f,masks_images/c9c7a660-bd45-40d8-a340-574c8bdde88f,3dgs/c9c7a660-bd45-40d8-a340-574c8bdde88f.ply,images-csv/c9c7a660-bd45-40d8-a340-574c8bdde88f.csv
ca50cb30-a490-47e3-b363-faee0d489be1,images/ca50cb30-a490-47e3-b363-faee0d489be1,depth_est/ca50cb30-a490-47e3-b363-faee0d489be1,depths/ca50cb30-a490-47e3-b363-faee0d489be1,sparse/ca50cb30-a490-47e3-b363-faee0d489be1,images_raw/ca50cb30-a490-47e3-b363-faee0d489be1,masks_raw/ca50cb30-a490-47e3-b363-faee0d489be1,masks_images/ca50cb30-a490-47e3-b363-faee0d489be1,3dgs/ca50cb30-a490-47e3-b363-faee0d489be1.ply,images-csv/ca50cb30-a490-47e3-b363-faee0d489be1.csv
ca55e5a0-42ce-414d-adf3-8ff63a2902a4,images/ca55e5a0-42ce-414d-adf3-8ff63a2902a4,depth_est/ca55e5a0-42ce-414d-adf3-8ff63a2902a4,,sparse/ca55e5a0-42ce-414d-adf3-8ff63a2902a4,images_raw/ca55e5a0-42ce-414d-adf3-8ff63a2902a4,masks_raw/ca55e5a0-42ce-414d-adf3-8ff63a2902a4,masks_images/ca55e5a0-42ce-414d-adf3-8ff63a2902a4,3dgs/ca55e5a0-42ce-414d-adf3-8ff63a2902a4.ply,images-csv/ca55e5a0-42ce-414d-adf3-8ff63a2902a4.csv
caddb992-a96f-4101-982e-a4a3f80c0b8d,images/caddb992-a96f-4101-982e-a4a3f80c0b8d,depth_est/caddb992-a96f-4101-982e-a4a3f80c0b8d,depths/caddb992-a96f-4101-982e-a4a3f80c0b8d,sparse/caddb992-a96f-4101-982e-a4a3f80c0b8d,images_raw/caddb992-a96f-4101-982e-a4a3f80c0b8d,masks_raw/caddb992-a96f-4101-982e-a4a3f80c0b8d,masks_images/caddb992-a96f-4101-982e-a4a3f80c0b8d,3dgs/caddb992-a96f-4101-982e-a4a3f80c0b8d.ply,images-csv/caddb992-a96f-4101-982e-a4a3f80c0b8d.csv
cae41725-34c4-44ff-848c-43e87b6d18d3,images/cae41725-34c4-44ff-848c-43e87b6d18d3,depth_est/cae41725-34c4-44ff-848c-43e87b6d18d3,,sparse/cae41725-34c4-44ff-848c-43e87b6d18d3,images_raw/cae41725-34c4-44ff-848c-43e87b6d18d3,masks_raw/cae41725-34c4-44ff-848c-43e87b6d18d3,masks_images/cae41725-34c4-44ff-848c-43e87b6d18d3,3dgs/cae41725-34c4-44ff-848c-43e87b6d18d3.ply,images-csv/cae41725-34c4-44ff-848c-43e87b6d18d3.csv
cb0d55b5-86b2-40d6-8ed9-e9047a4bc4d2,images/cb0d55b5-86b2-40d6-8ed9-e9047a4bc4d2,depth_est/cb0d55b5-86b2-40d6-8ed9-e9047a4bc4d2,,sparse/cb0d55b5-86b2-40d6-8ed9-e9047a4bc4d2,images_raw/cb0d55b5-86b2-40d6-8ed9-e9047a4bc4d2,masks_raw/cb0d55b5-86b2-40d6-8ed9-e9047a4bc4d2,masks_images/cb0d55b5-86b2-40d6-8ed9-e9047a4bc4d2,3dgs/cb0d55b5-86b2-40d6-8ed9-e9047a4bc4d2.ply,images-csv/cb0d55b5-86b2-40d6-8ed9-e9047a4bc4d2.csv
cb2c929c-85fe-4b3a-b2d3-8cf9fc90f394,images/cb2c929c-85fe-4b3a-b2d3-8cf9fc90f394,depth_est/cb2c929c-85fe-4b3a-b2d3-8cf9fc90f394,depths/cb2c929c-85fe-4b3a-b2d3-8cf9fc90f394,sparse/cb2c929c-85fe-4b3a-b2d3-8cf9fc90f394,images_raw/cb2c929c-85fe-4b3a-b2d3-8cf9fc90f394,masks_raw/cb2c929c-85fe-4b3a-b2d3-8cf9fc90f394,masks_images/cb2c929c-85fe-4b3a-b2d3-8cf9fc90f394,3dgs/cb2c929c-85fe-4b3a-b2d3-8cf9fc90f394.ply,images-csv/cb2c929c-85fe-4b3a-b2d3-8cf9fc90f394.csv
cb9338d8-80e8-4d11-b609-3a027f3f143a,images/cb9338d8-80e8-4d11-b609-3a027f3f143a,depth_est/cb9338d8-80e8-4d11-b609-3a027f3f143a,depths/cb9338d8-80e8-4d11-b609-3a027f3f143a,sparse/cb9338d8-80e8-4d11-b609-3a027f3f143a,images_raw/cb9338d8-80e8-4d11-b609-3a027f3f143a,masks_raw/cb9338d8-80e8-4d11-b609-3a027f3f143a,masks_images/cb9338d8-80e8-4d11-b609-3a027f3f143a,3dgs/cb9338d8-80e8-4d11-b609-3a027f3f143a.ply,images-csv/cb9338d8-80e8-4d11-b609-3a027f3f143a.csv
cbbb8360-5b21-4871-b087-3b2127800eb8,images/cbbb8360-5b21-4871-b087-3b2127800eb8,depth_est/cbbb8360-5b21-4871-b087-3b2127800eb8,depths/cbbb8360-5b21-4871-b087-3b2127800eb8,sparse/cbbb8360-5b21-4871-b087-3b2127800eb8,images_raw/cbbb8360-5b21-4871-b087-3b2127800eb8,masks_raw/cbbb8360-5b21-4871-b087-3b2127800eb8,masks_images/cbbb8360-5b21-4871-b087-3b2127800eb8,3dgs/cbbb8360-5b21-4871-b087-3b2127800eb8.ply,images-csv/cbbb8360-5b21-4871-b087-3b2127800eb8.csv
cbc4c781-4dbd-4a1d-a30c-972cfbfc2177,images/cbc4c781-4dbd-4a1d-a30c-972cfbfc2177,depth_est/cbc4c781-4dbd-4a1d-a30c-972cfbfc2177,depths/cbc4c781-4dbd-4a1d-a30c-972cfbfc2177,sparse/cbc4c781-4dbd-4a1d-a30c-972cfbfc2177,images_raw/cbc4c781-4dbd-4a1d-a30c-972cfbfc2177,masks_raw/cbc4c781-4dbd-4a1d-a30c-972cfbfc2177,masks_images/cbc4c781-4dbd-4a1d-a30c-972cfbfc2177,3dgs/cbc4c781-4dbd-4a1d-a30c-972cfbfc2177.ply,images-csv/cbc4c781-4dbd-4a1d-a30c-972cfbfc2177.csv
cbcbed12-5c92-4187-9db8-a79e4cb15938,images/cbcbed12-5c92-4187-9db8-a79e4cb15938,depth_est/cbcbed12-5c92-4187-9db8-a79e4cb15938,,sparse/cbcbed12-5c92-4187-9db8-a79e4cb15938,images_raw/cbcbed12-5c92-4187-9db8-a79e4cb15938,masks_raw/cbcbed12-5c92-4187-9db8-a79e4cb15938,masks_images/cbcbed12-5c92-4187-9db8-a79e4cb15938,3dgs/cbcbed12-5c92-4187-9db8-a79e4cb15938.ply,images-csv/cbcbed12-5c92-4187-9db8-a79e4cb15938.csv
cc183ced-068b-4832-85d0-0c8b5b5e8028,images/cc183ced-068b-4832-85d0-0c8b5b5e8028,depth_est/cc183ced-068b-4832-85d0-0c8b5b5e8028,,sparse/cc183ced-068b-4832-85d0-0c8b5b5e8028,images_raw/cc183ced-068b-4832-85d0-0c8b5b5e8028,masks_raw/cc183ced-068b-4832-85d0-0c8b5b5e8028,masks_images/cc183ced-068b-4832-85d0-0c8b5b5e8028,3dgs/cc183ced-068b-4832-85d0-0c8b5b5e8028.ply,images-csv/cc183ced-068b-4832-85d0-0c8b5b5e8028.csv
cc22517c-32e9-4792-9a52-23bc862a0f65,images/cc22517c-32e9-4792-9a52-23bc862a0f65,depth_est/cc22517c-32e9-4792-9a52-23bc862a0f65,depths/cc22517c-32e9-4792-9a52-23bc862a0f65,sparse/cc22517c-32e9-4792-9a52-23bc862a0f65,images_raw/cc22517c-32e9-4792-9a52-23bc862a0f65,masks_raw/cc22517c-32e9-4792-9a52-23bc862a0f65,masks_images/cc22517c-32e9-4792-9a52-23bc862a0f65,3dgs/cc22517c-32e9-4792-9a52-23bc862a0f65.ply,images-csv/cc22517c-32e9-4792-9a52-23bc862a0f65.csv
cc262c3a-cef6-4c86-8aed-3afaac9ae3c1,images/cc262c3a-cef6-4c86-8aed-3afaac9ae3c1,depth_est/cc262c3a-cef6-4c86-8aed-3afaac9ae3c1,depths/cc262c3a-cef6-4c86-8aed-3afaac9ae3c1,sparse/cc262c3a-cef6-4c86-8aed-3afaac9ae3c1,images_raw/cc262c3a-cef6-4c86-8aed-3afaac9ae3c1,masks_raw/cc262c3a-cef6-4c86-8aed-3afaac9ae3c1,masks_images/cc262c3a-cef6-4c86-8aed-3afaac9ae3c1,3dgs/cc262c3a-cef6-4c86-8aed-3afaac9ae3c1.ply,images-csv/cc262c3a-cef6-4c86-8aed-3afaac9ae3c1.csv
cca98fd6-7d63-488e-88ec-0f36e2b06c09,images/cca98fd6-7d63-488e-88ec-0f36e2b06c09,depth_est/cca98fd6-7d63-488e-88ec-0f36e2b06c09,depths/cca98fd6-7d63-488e-88ec-0f36e2b06c09,sparse/cca98fd6-7d63-488e-88ec-0f36e2b06c09,images_raw/cca98fd6-7d63-488e-88ec-0f36e2b06c09,masks_raw/cca98fd6-7d63-488e-88ec-0f36e2b06c09,masks_images/cca98fd6-7d63-488e-88ec-0f36e2b06c09,3dgs/cca98fd6-7d63-488e-88ec-0f36e2b06c09.ply,images-csv/cca98fd6-7d63-488e-88ec-0f36e2b06c09.csv
ccadbac4-9adf-4494-9aea-8262938ecdf3,images/ccadbac4-9adf-4494-9aea-8262938ecdf3,depth_est/ccadbac4-9adf-4494-9aea-8262938ecdf3,,sparse/ccadbac4-9adf-4494-9aea-8262938ecdf3,images_raw/ccadbac4-9adf-4494-9aea-8262938ecdf3,masks_raw/ccadbac4-9adf-4494-9aea-8262938ecdf3,masks_images/ccadbac4-9adf-4494-9aea-8262938ecdf3,3dgs/ccadbac4-9adf-4494-9aea-8262938ecdf3.ply,images-csv/ccadbac4-9adf-4494-9aea-8262938ecdf3.csv
ccb8760f-4755-44cc-974e-0a5f4bc2f1a3,images/ccb8760f-4755-44cc-974e-0a5f4bc2f1a3,depth_est/ccb8760f-4755-44cc-974e-0a5f4bc2f1a3,depths/ccb8760f-4755-44cc-974e-0a5f4bc2f1a3,sparse/ccb8760f-4755-44cc-974e-0a5f4bc2f1a3,images_raw/ccb8760f-4755-44cc-974e-0a5f4bc2f1a3,masks_raw/ccb8760f-4755-44cc-974e-0a5f4bc2f1a3,masks_images/ccb8760f-4755-44cc-974e-0a5f4bc2f1a3,3dgs/ccb8760f-4755-44cc-974e-0a5f4bc2f1a3.ply,images-csv/ccb8760f-4755-44cc-974e-0a5f4bc2f1a3.csv
cccaa297-0924-40d4-bafb-fa81b399e6d6,images/cccaa297-0924-40d4-bafb-fa81b399e6d6,depth_est/cccaa297-0924-40d4-bafb-fa81b399e6d6,,sparse/cccaa297-0924-40d4-bafb-fa81b399e6d6,images_raw/cccaa297-0924-40d4-bafb-fa81b399e6d6,masks_raw/cccaa297-0924-40d4-bafb-fa81b399e6d6,masks_images/cccaa297-0924-40d4-bafb-fa81b399e6d6,3dgs/cccaa297-0924-40d4-bafb-fa81b399e6d6.ply,images-csv/cccaa297-0924-40d4-bafb-fa81b399e6d6.csv
cd29eac3-0b47-4179-95c4-771fac2d054a,images/cd29eac3-0b47-4179-95c4-771fac2d054a,depth_est/cd29eac3-0b47-4179-95c4-771fac2d054a,depths/cd29eac3-0b47-4179-95c4-771fac2d054a,sparse/cd29eac3-0b47-4179-95c4-771fac2d054a,images_raw/cd29eac3-0b47-4179-95c4-771fac2d054a,masks_raw/cd29eac3-0b47-4179-95c4-771fac2d054a,masks_images/cd29eac3-0b47-4179-95c4-771fac2d054a,3dgs/cd29eac3-0b47-4179-95c4-771fac2d054a.ply,images-csv/cd29eac3-0b47-4179-95c4-771fac2d054a.csv
cd532fbf-19f9-47bf-ae96-135fd602a7af,images/cd532fbf-19f9-47bf-ae96-135fd602a7af,depth_est/cd532fbf-19f9-47bf-ae96-135fd602a7af,depths/cd532fbf-19f9-47bf-ae96-135fd602a7af,sparse/cd532fbf-19f9-47bf-ae96-135fd602a7af,images_raw/cd532fbf-19f9-47bf-ae96-135fd602a7af,masks_raw/cd532fbf-19f9-47bf-ae96-135fd602a7af,masks_images/cd532fbf-19f9-47bf-ae96-135fd602a7af,3dgs/cd532fbf-19f9-47bf-ae96-135fd602a7af.ply,images-csv/cd532fbf-19f9-47bf-ae96-135fd602a7af.csv
cd813d1b-c9c3-46f1-8195-d961c3e5bcff,images/cd813d1b-c9c3-46f1-8195-d961c3e5bcff,depth_est/cd813d1b-c9c3-46f1-8195-d961c3e5bcff,,sparse/cd813d1b-c9c3-46f1-8195-d961c3e5bcff,images_raw/cd813d1b-c9c3-46f1-8195-d961c3e5bcff,masks_raw/cd813d1b-c9c3-46f1-8195-d961c3e5bcff,masks_images/cd813d1b-c9c3-46f1-8195-d961c3e5bcff,3dgs/cd813d1b-c9c3-46f1-8195-d961c3e5bcff.ply,images-csv/cd813d1b-c9c3-46f1-8195-d961c3e5bcff.csv
ce270f5a-66b5-4101-bf0c-a19c008c2853,images/ce270f5a-66b5-4101-bf0c-a19c008c2853,depth_est/ce270f5a-66b5-4101-bf0c-a19c008c2853,,sparse/ce270f5a-66b5-4101-bf0c-a19c008c2853,images_raw/ce270f5a-66b5-4101-bf0c-a19c008c2853,masks_raw/ce270f5a-66b5-4101-bf0c-a19c008c2853,masks_images/ce270f5a-66b5-4101-bf0c-a19c008c2853,3dgs/ce270f5a-66b5-4101-bf0c-a19c008c2853.ply,images-csv/ce270f5a-66b5-4101-bf0c-a19c008c2853.csv
cedd960f-44a4-4aba-9ca5-c56642b3ea43,images/cedd960f-44a4-4aba-9ca5-c56642b3ea43,depth_est/cedd960f-44a4-4aba-9ca5-c56642b3ea43,depths/cedd960f-44a4-4aba-9ca5-c56642b3ea43,sparse/cedd960f-44a4-4aba-9ca5-c56642b3ea43,images_raw/cedd960f-44a4-4aba-9ca5-c56642b3ea43,masks_raw/cedd960f-44a4-4aba-9ca5-c56642b3ea43,masks_images/cedd960f-44a4-4aba-9ca5-c56642b3ea43,3dgs/cedd960f-44a4-4aba-9ca5-c56642b3ea43.ply,images-csv/cedd960f-44a4-4aba-9ca5-c56642b3ea43.csv
cee8367b-0ea7-4e03-91d2-d765eedad8bf,images/cee8367b-0ea7-4e03-91d2-d765eedad8bf,depth_est/cee8367b-0ea7-4e03-91d2-d765eedad8bf,,sparse/cee8367b-0ea7-4e03-91d2-d765eedad8bf,images_raw/cee8367b-0ea7-4e03-91d2-d765eedad8bf,masks_raw/cee8367b-0ea7-4e03-91d2-d765eedad8bf,masks_images/cee8367b-0ea7-4e03-91d2-d765eedad8bf,3dgs/cee8367b-0ea7-4e03-91d2-d765eedad8bf.ply,images-csv/cee8367b-0ea7-4e03-91d2-d765eedad8bf.csv
cf193a84-cb9a-4416-8e35-c5bb726d18ab,images/cf193a84-cb9a-4416-8e35-c5bb726d18ab,depth_est/cf193a84-cb9a-4416-8e35-c5bb726d18ab,depths/cf193a84-cb9a-4416-8e35-c5bb726d18ab,sparse/cf193a84-cb9a-4416-8e35-c5bb726d18ab,images_raw/cf193a84-cb9a-4416-8e35-c5bb726d18ab,masks_raw/cf193a84-cb9a-4416-8e35-c5bb726d18ab,masks_images/cf193a84-cb9a-4416-8e35-c5bb726d18ab,3dgs/cf193a84-cb9a-4416-8e35-c5bb726d18ab.ply,images-csv/cf193a84-cb9a-4416-8e35-c5bb726d18ab.csv
cf554965-221e-4867-8420-ef84845f6c53,images/cf554965-221e-4867-8420-ef84845f6c53,depth_est/cf554965-221e-4867-8420-ef84845f6c53,,sparse/cf554965-221e-4867-8420-ef84845f6c53,images_raw/cf554965-221e-4867-8420-ef84845f6c53,masks_raw/cf554965-221e-4867-8420-ef84845f6c53,masks_images/cf554965-221e-4867-8420-ef84845f6c53,3dgs/cf554965-221e-4867-8420-ef84845f6c53.ply,images-csv/cf554965-221e-4867-8420-ef84845f6c53.csv
cf57134e-05ad-46dc-8331-c690ea5da4b5,images/cf57134e-05ad-46dc-8331-c690ea5da4b5,depth_est/cf57134e-05ad-46dc-8331-c690ea5da4b5,,sparse/cf57134e-05ad-46dc-8331-c690ea5da4b5,images_raw/cf57134e-05ad-46dc-8331-c690ea5da4b5,masks_raw/cf57134e-05ad-46dc-8331-c690ea5da4b5,masks_images/cf57134e-05ad-46dc-8331-c690ea5da4b5,3dgs/cf57134e-05ad-46dc-8331-c690ea5da4b5.ply,images-csv/cf57134e-05ad-46dc-8331-c690ea5da4b5.csv
cfc399dc-702b-41dc-b94c-53d54998aa70,images/cfc399dc-702b-41dc-b94c-53d54998aa70,depth_est/cfc399dc-702b-41dc-b94c-53d54998aa70,,sparse/cfc399dc-702b-41dc-b94c-53d54998aa70,images_raw/cfc399dc-702b-41dc-b94c-53d54998aa70,masks_raw/cfc399dc-702b-41dc-b94c-53d54998aa70,masks_images/cfc399dc-702b-41dc-b94c-53d54998aa70,3dgs/cfc399dc-702b-41dc-b94c-53d54998aa70.ply,images-csv/cfc399dc-702b-41dc-b94c-53d54998aa70.csv
cfd118b9-3cba-4b85-9b72-786bf1dd82bf,images/cfd118b9-3cba-4b85-9b72-786bf1dd82bf,depth_est/cfd118b9-3cba-4b85-9b72-786bf1dd82bf,,sparse/cfd118b9-3cba-4b85-9b72-786bf1dd82bf,images_raw/cfd118b9-3cba-4b85-9b72-786bf1dd82bf,masks_raw/cfd118b9-3cba-4b85-9b72-786bf1dd82bf,masks_images/cfd118b9-3cba-4b85-9b72-786bf1dd82bf,3dgs/cfd118b9-3cba-4b85-9b72-786bf1dd82bf.ply,images-csv/cfd118b9-3cba-4b85-9b72-786bf1dd82bf.csv
d0617dfb-50d7-43d8-af22-9365a9cf5e7e,images/d0617dfb-50d7-43d8-af22-9365a9cf5e7e,depth_est/d0617dfb-50d7-43d8-af22-9365a9cf5e7e,depths/d0617dfb-50d7-43d8-af22-9365a9cf5e7e,sparse/d0617dfb-50d7-43d8-af22-9365a9cf5e7e,images_raw/d0617dfb-50d7-43d8-af22-9365a9cf5e7e,masks_raw/d0617dfb-50d7-43d8-af22-9365a9cf5e7e,masks_images/d0617dfb-50d7-43d8-af22-9365a9cf5e7e,3dgs/d0617dfb-50d7-43d8-af22-9365a9cf5e7e.ply,images-csv/d0617dfb-50d7-43d8-af22-9365a9cf5e7e.csv
d09e65f0-3769-4a61-b723-0a531ba3d608,images/d09e65f0-3769-4a61-b723-0a531ba3d608,depth_est/d09e65f0-3769-4a61-b723-0a531ba3d608,,sparse/d09e65f0-3769-4a61-b723-0a531ba3d608,images_raw/d09e65f0-3769-4a61-b723-0a531ba3d608,masks_raw/d09e65f0-3769-4a61-b723-0a531ba3d608,masks_images/d09e65f0-3769-4a61-b723-0a531ba3d608,3dgs/d09e65f0-3769-4a61-b723-0a531ba3d608.ply,images-csv/d09e65f0-3769-4a61-b723-0a531ba3d608.csv
d0b6eb94-f930-4613-90f9-c1716e08ec46,images/d0b6eb94-f930-4613-90f9-c1716e08ec46,depth_est/d0b6eb94-f930-4613-90f9-c1716e08ec46,depths/d0b6eb94-f930-4613-90f9-c1716e08ec46,sparse/d0b6eb94-f930-4613-90f9-c1716e08ec46,images_raw/d0b6eb94-f930-4613-90f9-c1716e08ec46,masks_raw/d0b6eb94-f930-4613-90f9-c1716e08ec46,masks_images/d0b6eb94-f930-4613-90f9-c1716e08ec46,3dgs/d0b6eb94-f930-4613-90f9-c1716e08ec46.ply,images-csv/d0b6eb94-f930-4613-90f9-c1716e08ec46.csv
d0ba47c7-911f-43de-a128-2b41d991cac4,images/d0ba47c7-911f-43de-a128-2b41d991cac4,depth_est/d0ba47c7-911f-43de-a128-2b41d991cac4,,sparse/d0ba47c7-911f-43de-a128-2b41d991cac4,images_raw/d0ba47c7-911f-43de-a128-2b41d991cac4,masks_raw/d0ba47c7-911f-43de-a128-2b41d991cac4,masks_images/d0ba47c7-911f-43de-a128-2b41d991cac4,3dgs/d0ba47c7-911f-43de-a128-2b41d991cac4.ply,images-csv/d0ba47c7-911f-43de-a128-2b41d991cac4.csv
d0ea11a1-d2ac-4a39-a97b-84149bafafb6,images/d0ea11a1-d2ac-4a39-a97b-84149bafafb6,depth_est/d0ea11a1-d2ac-4a39-a97b-84149bafafb6,,sparse/d0ea11a1-d2ac-4a39-a97b-84149bafafb6,images_raw/d0ea11a1-d2ac-4a39-a97b-84149bafafb6,masks_raw/d0ea11a1-d2ac-4a39-a97b-84149bafafb6,masks_images/d0ea11a1-d2ac-4a39-a97b-84149bafafb6,3dgs/d0ea11a1-d2ac-4a39-a97b-84149bafafb6.ply,images-csv/d0ea11a1-d2ac-4a39-a97b-84149bafafb6.csv
d111f16c-03d1-490a-8388-d780261e03a6,images/d111f16c-03d1-490a-8388-d780261e03a6,depth_est/d111f16c-03d1-490a-8388-d780261e03a6,depths/d111f16c-03d1-490a-8388-d780261e03a6,sparse/d111f16c-03d1-490a-8388-d780261e03a6,images_raw/d111f16c-03d1-490a-8388-d780261e03a6,masks_raw/d111f16c-03d1-490a-8388-d780261e03a6,masks_images/d111f16c-03d1-490a-8388-d780261e03a6,3dgs/d111f16c-03d1-490a-8388-d780261e03a6.ply,images-csv/d111f16c-03d1-490a-8388-d780261e03a6.csv
d176504f-2fdc-4c05-9030-b02216ca1b08,images/d176504f-2fdc-4c05-9030-b02216ca1b08,depth_est/d176504f-2fdc-4c05-9030-b02216ca1b08,,sparse/d176504f-2fdc-4c05-9030-b02216ca1b08,images_raw/d176504f-2fdc-4c05-9030-b02216ca1b08,masks_raw/d176504f-2fdc-4c05-9030-b02216ca1b08,masks_images/d176504f-2fdc-4c05-9030-b02216ca1b08,3dgs/d176504f-2fdc-4c05-9030-b02216ca1b08.ply,images-csv/d176504f-2fdc-4c05-9030-b02216ca1b08.csv
d186f29f-c941-4ae4-8ae5-616740cdc41d,images/d186f29f-c941-4ae4-8ae5-616740cdc41d,depth_est/d186f29f-c941-4ae4-8ae5-616740cdc41d,depths/d186f29f-c941-4ae4-8ae5-616740cdc41d,sparse/d186f29f-c941-4ae4-8ae5-616740cdc41d,images_raw/d186f29f-c941-4ae4-8ae5-616740cdc41d,masks_raw/d186f29f-c941-4ae4-8ae5-616740cdc41d,masks_images/d186f29f-c941-4ae4-8ae5-616740cdc41d,3dgs/d186f29f-c941-4ae4-8ae5-616740cdc41d.ply,images-csv/d186f29f-c941-4ae4-8ae5-616740cdc41d.csv
d1b87279-8952-4c0f-9fb0-eccb7abd208f,images/d1b87279-8952-4c0f-9fb0-eccb7abd208f,depth_est/d1b87279-8952-4c0f-9fb0-eccb7abd208f,,sparse/d1b87279-8952-4c0f-9fb0-eccb7abd208f,images_raw/d1b87279-8952-4c0f-9fb0-eccb7abd208f,masks_raw/d1b87279-8952-4c0f-9fb0-eccb7abd208f,masks_images/d1b87279-8952-4c0f-9fb0-eccb7abd208f,3dgs/d1b87279-8952-4c0f-9fb0-eccb7abd208f.ply,images-csv/d1b87279-8952-4c0f-9fb0-eccb7abd208f.csv
d1c34479-df83-4689-a75c-69f65adb4e9b,images/d1c34479-df83-4689-a75c-69f65adb4e9b,depth_est/d1c34479-df83-4689-a75c-69f65adb4e9b,depths/d1c34479-df83-4689-a75c-69f65adb4e9b,sparse/d1c34479-df83-4689-a75c-69f65adb4e9b,images_raw/d1c34479-df83-4689-a75c-69f65adb4e9b,masks_raw/d1c34479-df83-4689-a75c-69f65adb4e9b,masks_images/d1c34479-df83-4689-a75c-69f65adb4e9b,3dgs/d1c34479-df83-4689-a75c-69f65adb4e9b.ply,images-csv/d1c34479-df83-4689-a75c-69f65adb4e9b.csv
d1d90285-ab91-4c52-852b-990d4bc0219b,images/d1d90285-ab91-4c52-852b-990d4bc0219b,depth_est/d1d90285-ab91-4c52-852b-990d4bc0219b,,sparse/d1d90285-ab91-4c52-852b-990d4bc0219b,images_raw/d1d90285-ab91-4c52-852b-990d4bc0219b,masks_raw/d1d90285-ab91-4c52-852b-990d4bc0219b,masks_images/d1d90285-ab91-4c52-852b-990d4bc0219b,3dgs/d1d90285-ab91-4c52-852b-990d4bc0219b.ply,images-csv/d1d90285-ab91-4c52-852b-990d4bc0219b.csv
d224cef6-0de6-4d56-82fd-790a1da64919,images/d224cef6-0de6-4d56-82fd-790a1da64919,depth_est/d224cef6-0de6-4d56-82fd-790a1da64919,depths/d224cef6-0de6-4d56-82fd-790a1da64919,sparse/d224cef6-0de6-4d56-82fd-790a1da64919,images_raw/d224cef6-0de6-4d56-82fd-790a1da64919,masks_raw/d224cef6-0de6-4d56-82fd-790a1da64919,masks_images/d224cef6-0de6-4d56-82fd-790a1da64919,3dgs/d224cef6-0de6-4d56-82fd-790a1da64919.ply,images-csv/d224cef6-0de6-4d56-82fd-790a1da64919.csv
d2351e40-da75-455e-a43c-7f5ce5798e96,images/d2351e40-da75-455e-a43c-7f5ce5798e96,depth_est/d2351e40-da75-455e-a43c-7f5ce5798e96,depths/d2351e40-da75-455e-a43c-7f5ce5798e96,sparse/d2351e40-da75-455e-a43c-7f5ce5798e96,images_raw/d2351e40-da75-455e-a43c-7f5ce5798e96,masks_raw/d2351e40-da75-455e-a43c-7f5ce5798e96,masks_images/d2351e40-da75-455e-a43c-7f5ce5798e96,3dgs/d2351e40-da75-455e-a43c-7f5ce5798e96.ply,images-csv/d2351e40-da75-455e-a43c-7f5ce5798e96.csv
d32dbe83-81b2-491a-bd4f-ace8b7ae051e,images/d32dbe83-81b2-491a-bd4f-ace8b7ae051e,depth_est/d32dbe83-81b2-491a-bd4f-ace8b7ae051e,depths/d32dbe83-81b2-491a-bd4f-ace8b7ae051e,sparse/d32dbe83-81b2-491a-bd4f-ace8b7ae051e,images_raw/d32dbe83-81b2-491a-bd4f-ace8b7ae051e,masks_raw/d32dbe83-81b2-491a-bd4f-ace8b7ae051e,masks_images/d32dbe83-81b2-491a-bd4f-ace8b7ae051e,3dgs/d32dbe83-81b2-491a-bd4f-ace8b7ae051e.ply,images-csv/d32dbe83-81b2-491a-bd4f-ace8b7ae051e.csv
d379505b-91aa-46c3-b3ba-9743a5e5c029,images/d379505b-91aa-46c3-b3ba-9743a5e5c029,depth_est/d379505b-91aa-46c3-b3ba-9743a5e5c029,,sparse/d379505b-91aa-46c3-b3ba-9743a5e5c029,images_raw/d379505b-91aa-46c3-b3ba-9743a5e5c029,masks_raw/d379505b-91aa-46c3-b3ba-9743a5e5c029,masks_images/d379505b-91aa-46c3-b3ba-9743a5e5c029,3dgs/d379505b-91aa-46c3-b3ba-9743a5e5c029.ply,images-csv/d379505b-91aa-46c3-b3ba-9743a5e5c029.csv
d3ad9384-46f2-4307-8150-7f9da821b232,images/d3ad9384-46f2-4307-8150-7f9da821b232,depth_est/d3ad9384-46f2-4307-8150-7f9da821b232,,sparse/d3ad9384-46f2-4307-8150-7f9da821b232,images_raw/d3ad9384-46f2-4307-8150-7f9da821b232,masks_raw/d3ad9384-46f2-4307-8150-7f9da821b232,masks_images/d3ad9384-46f2-4307-8150-7f9da821b232,3dgs/d3ad9384-46f2-4307-8150-7f9da821b232.ply,images-csv/d3ad9384-46f2-4307-8150-7f9da821b232.csv
d4205cad-c325-425a-a487-4a218911a71e,images/d4205cad-c325-425a-a487-4a218911a71e,depth_est/d4205cad-c325-425a-a487-4a218911a71e,,sparse/d4205cad-c325-425a-a487-4a218911a71e,images_raw/d4205cad-c325-425a-a487-4a218911a71e,masks_raw/d4205cad-c325-425a-a487-4a218911a71e,masks_images/d4205cad-c325-425a-a487-4a218911a71e,3dgs/d4205cad-c325-425a-a487-4a218911a71e.ply,images-csv/d4205cad-c325-425a-a487-4a218911a71e.csv
d43994d8-e5af-43ff-91fe-bad430c38d04,images/d43994d8-e5af-43ff-91fe-bad430c38d04,depth_est/d43994d8-e5af-43ff-91fe-bad430c38d04,depths/d43994d8-e5af-43ff-91fe-bad430c38d04,sparse/d43994d8-e5af-43ff-91fe-bad430c38d04,images_raw/d43994d8-e5af-43ff-91fe-bad430c38d04,masks_raw/d43994d8-e5af-43ff-91fe-bad430c38d04,masks_images/d43994d8-e5af-43ff-91fe-bad430c38d04,3dgs/d43994d8-e5af-43ff-91fe-bad430c38d04.ply,images-csv/d43994d8-e5af-43ff-91fe-bad430c38d04.csv
d45ec63d-2ce5-490b-911a-d1f797e23b81,images/d45ec63d-2ce5-490b-911a-d1f797e23b81,depth_est/d45ec63d-2ce5-490b-911a-d1f797e23b81,,sparse/d45ec63d-2ce5-490b-911a-d1f797e23b81,images_raw/d45ec63d-2ce5-490b-911a-d1f797e23b81,masks_raw/d45ec63d-2ce5-490b-911a-d1f797e23b81,masks_images/d45ec63d-2ce5-490b-911a-d1f797e23b81,3dgs/d45ec63d-2ce5-490b-911a-d1f797e23b81.ply,images-csv/d45ec63d-2ce5-490b-911a-d1f797e23b81.csv
d47a11e2-f9e6-4bba-b574-565e591a51be,images/d47a11e2-f9e6-4bba-b574-565e591a51be,depth_est/d47a11e2-f9e6-4bba-b574-565e591a51be,depths/d47a11e2-f9e6-4bba-b574-565e591a51be,sparse/d47a11e2-f9e6-4bba-b574-565e591a51be,images_raw/d47a11e2-f9e6-4bba-b574-565e591a51be,masks_raw/d47a11e2-f9e6-4bba-b574-565e591a51be,masks_images/d47a11e2-f9e6-4bba-b574-565e591a51be,3dgs/d47a11e2-f9e6-4bba-b574-565e591a51be.ply,images-csv/d47a11e2-f9e6-4bba-b574-565e591a51be.csv
d4b9699f-53d6-481f-8bb7-82d640578df8,images/d4b9699f-53d6-481f-8bb7-82d640578df8,depth_est/d4b9699f-53d6-481f-8bb7-82d640578df8,,sparse/d4b9699f-53d6-481f-8bb7-82d640578df8,images_raw/d4b9699f-53d6-481f-8bb7-82d640578df8,masks_raw/d4b9699f-53d6-481f-8bb7-82d640578df8,masks_images/d4b9699f-53d6-481f-8bb7-82d640578df8,3dgs/d4b9699f-53d6-481f-8bb7-82d640578df8.ply,images-csv/d4b9699f-53d6-481f-8bb7-82d640578df8.csv
d54adbe8-204b-4d4a-b344-38629ca5e00f,images/d54adbe8-204b-4d4a-b344-38629ca5e00f,depth_est/d54adbe8-204b-4d4a-b344-38629ca5e00f,depths/d54adbe8-204b-4d4a-b344-38629ca5e00f,sparse/d54adbe8-204b-4d4a-b344-38629ca5e00f,images_raw/d54adbe8-204b-4d4a-b344-38629ca5e00f,masks_raw/d54adbe8-204b-4d4a-b344-38629ca5e00f,masks_images/d54adbe8-204b-4d4a-b344-38629ca5e00f,3dgs/d54adbe8-204b-4d4a-b344-38629ca5e00f.ply,images-csv/d54adbe8-204b-4d4a-b344-38629ca5e00f.csv
d553a1d6-c561-4004-8afc-be829e6f97ee,images/d553a1d6-c561-4004-8afc-be829e6f97ee,depth_est/d553a1d6-c561-4004-8afc-be829e6f97ee,,sparse/d553a1d6-c561-4004-8afc-be829e6f97ee,images_raw/d553a1d6-c561-4004-8afc-be829e6f97ee,masks_raw/d553a1d6-c561-4004-8afc-be829e6f97ee,masks_images/d553a1d6-c561-4004-8afc-be829e6f97ee,3dgs/d553a1d6-c561-4004-8afc-be829e6f97ee.ply,images-csv/d553a1d6-c561-4004-8afc-be829e6f97ee.csv
d5546e13-b88b-4364-87b1-64f9bd0122ac,images/d5546e13-b88b-4364-87b1-64f9bd0122ac,depth_est/d5546e13-b88b-4364-87b1-64f9bd0122ac,depths/d5546e13-b88b-4364-87b1-64f9bd0122ac,sparse/d5546e13-b88b-4364-87b1-64f9bd0122ac,images_raw/d5546e13-b88b-4364-87b1-64f9bd0122ac,masks_raw/d5546e13-b88b-4364-87b1-64f9bd0122ac,masks_images/d5546e13-b88b-4364-87b1-64f9bd0122ac,3dgs/d5546e13-b88b-4364-87b1-64f9bd0122ac.ply,images-csv/d5546e13-b88b-4364-87b1-64f9bd0122ac.csv
d5b932aa-cb9f-436e-9a89-b039abf6cfb2,images/d5b932aa-cb9f-436e-9a89-b039abf6cfb2,depth_est/d5b932aa-cb9f-436e-9a89-b039abf6cfb2,depths/d5b932aa-cb9f-436e-9a89-b039abf6cfb2,sparse/d5b932aa-cb9f-436e-9a89-b039abf6cfb2,images_raw/d5b932aa-cb9f-436e-9a89-b039abf6cfb2,masks_raw/d5b932aa-cb9f-436e-9a89-b039abf6cfb2,masks_images/d5b932aa-cb9f-436e-9a89-b039abf6cfb2,3dgs/d5b932aa-cb9f-436e-9a89-b039abf6cfb2.ply,images-csv/d5b932aa-cb9f-436e-9a89-b039abf6cfb2.csv
d5c137ae-6cbe-433d-8cdc-821941d493a6,images/d5c137ae-6cbe-433d-8cdc-821941d493a6,depth_est/d5c137ae-6cbe-433d-8cdc-821941d493a6,,sparse/d5c137ae-6cbe-433d-8cdc-821941d493a6,images_raw/d5c137ae-6cbe-433d-8cdc-821941d493a6,masks_raw/d5c137ae-6cbe-433d-8cdc-821941d493a6,masks_images/d5c137ae-6cbe-433d-8cdc-821941d493a6,3dgs/d5c137ae-6cbe-433d-8cdc-821941d493a6.ply,images-csv/d5c137ae-6cbe-433d-8cdc-821941d493a6.csv
d6706764-09bb-45ea-bf2f-e9449d2c07a2,images/d6706764-09bb-45ea-bf2f-e9449d2c07a2,depth_est/d6706764-09bb-45ea-bf2f-e9449d2c07a2,depths/d6706764-09bb-45ea-bf2f-e9449d2c07a2,sparse/d6706764-09bb-45ea-bf2f-e9449d2c07a2,images_raw/d6706764-09bb-45ea-bf2f-e9449d2c07a2,masks_raw/d6706764-09bb-45ea-bf2f-e9449d2c07a2,masks_images/d6706764-09bb-45ea-bf2f-e9449d2c07a2,3dgs/d6706764-09bb-45ea-bf2f-e9449d2c07a2.ply,images-csv/d6706764-09bb-45ea-bf2f-e9449d2c07a2.csv
d694bb04-1a79-4482-a903-19a29ebd28ec,images/d694bb04-1a79-4482-a903-19a29ebd28ec,depth_est/d694bb04-1a79-4482-a903-19a29ebd28ec,,sparse/d694bb04-1a79-4482-a903-19a29ebd28ec,images_raw/d694bb04-1a79-4482-a903-19a29ebd28ec,masks_raw/d694bb04-1a79-4482-a903-19a29ebd28ec,masks_images/d694bb04-1a79-4482-a903-19a29ebd28ec,3dgs/d694bb04-1a79-4482-a903-19a29ebd28ec.ply,images-csv/d694bb04-1a79-4482-a903-19a29ebd28ec.csv
d76c18c6-b5aa-4a36-a248-707a60469766,images/d76c18c6-b5aa-4a36-a248-707a60469766,depth_est/d76c18c6-b5aa-4a36-a248-707a60469766,,sparse/d76c18c6-b5aa-4a36-a248-707a60469766,images_raw/d76c18c6-b5aa-4a36-a248-707a60469766,masks_raw/d76c18c6-b5aa-4a36-a248-707a60469766,masks_images/d76c18c6-b5aa-4a36-a248-707a60469766,3dgs/d76c18c6-b5aa-4a36-a248-707a60469766.ply,images-csv/d76c18c6-b5aa-4a36-a248-707a60469766.csv
d76c7d99-01a0-4d8b-bf17-c4b382ebe373,images/d76c7d99-01a0-4d8b-bf17-c4b382ebe373,depth_est/d76c7d99-01a0-4d8b-bf17-c4b382ebe373,,sparse/d76c7d99-01a0-4d8b-bf17-c4b382ebe373,images_raw/d76c7d99-01a0-4d8b-bf17-c4b382ebe373,masks_raw/d76c7d99-01a0-4d8b-bf17-c4b382ebe373,masks_images/d76c7d99-01a0-4d8b-bf17-c4b382ebe373,3dgs/d76c7d99-01a0-4d8b-bf17-c4b382ebe373.ply,images-csv/d76c7d99-01a0-4d8b-bf17-c4b382ebe373.csv
d79c36bd-070e-4f36-b06b-c7b885679c29,images/d79c36bd-070e-4f36-b06b-c7b885679c29,depth_est/d79c36bd-070e-4f36-b06b-c7b885679c29,depths/d79c36bd-070e-4f36-b06b-c7b885679c29,sparse/d79c36bd-070e-4f36-b06b-c7b885679c29,images_raw/d79c36bd-070e-4f36-b06b-c7b885679c29,masks_raw/d79c36bd-070e-4f36-b06b-c7b885679c29,masks_images/d79c36bd-070e-4f36-b06b-c7b885679c29,3dgs/d79c36bd-070e-4f36-b06b-c7b885679c29.ply,images-csv/d79c36bd-070e-4f36-b06b-c7b885679c29.csv
d7a78ef2-2c7b-47b7-86a7-aeb6df0e49ab,images/d7a78ef2-2c7b-47b7-86a7-aeb6df0e49ab,depth_est/d7a78ef2-2c7b-47b7-86a7-aeb6df0e49ab,,sparse/d7a78ef2-2c7b-47b7-86a7-aeb6df0e49ab,images_raw/d7a78ef2-2c7b-47b7-86a7-aeb6df0e49ab,masks_raw/d7a78ef2-2c7b-47b7-86a7-aeb6df0e49ab,masks_images/d7a78ef2-2c7b-47b7-86a7-aeb6df0e49ab,3dgs/d7a78ef2-2c7b-47b7-86a7-aeb6df0e49ab.ply,images-csv/d7a78ef2-2c7b-47b7-86a7-aeb6df0e49ab.csv
d7c8e72a-b7c6-4641-8bf6-c638651ecc22,images/d7c8e72a-b7c6-4641-8bf6-c638651ecc22,depth_est/d7c8e72a-b7c6-4641-8bf6-c638651ecc22,depths/d7c8e72a-b7c6-4641-8bf6-c638651ecc22,sparse/d7c8e72a-b7c6-4641-8bf6-c638651ecc22,images_raw/d7c8e72a-b7c6-4641-8bf6-c638651ecc22,masks_raw/d7c8e72a-b7c6-4641-8bf6-c638651ecc22,masks_images/d7c8e72a-b7c6-4641-8bf6-c638651ecc22,3dgs/d7c8e72a-b7c6-4641-8bf6-c638651ecc22.ply,images-csv/d7c8e72a-b7c6-4641-8bf6-c638651ecc22.csv
d804b091-7f86-4c59-aa10-daefee90d1b9,images/d804b091-7f86-4c59-aa10-daefee90d1b9,depth_est/d804b091-7f86-4c59-aa10-daefee90d1b9,,sparse/d804b091-7f86-4c59-aa10-daefee90d1b9,images_raw/d804b091-7f86-4c59-aa10-daefee90d1b9,masks_raw/d804b091-7f86-4c59-aa10-daefee90d1b9,masks_images/d804b091-7f86-4c59-aa10-daefee90d1b9,3dgs/d804b091-7f86-4c59-aa10-daefee90d1b9.ply,images-csv/d804b091-7f86-4c59-aa10-daefee90d1b9.csv
d813c47a-0730-421b-8970-94e99bea81df,images/d813c47a-0730-421b-8970-94e99bea81df,depth_est/d813c47a-0730-421b-8970-94e99bea81df,depths/d813c47a-0730-421b-8970-94e99bea81df,sparse/d813c47a-0730-421b-8970-94e99bea81df,images_raw/d813c47a-0730-421b-8970-94e99bea81df,masks_raw/d813c47a-0730-421b-8970-94e99bea81df,masks_images/d813c47a-0730-421b-8970-94e99bea81df,3dgs/d813c47a-0730-421b-8970-94e99bea81df.ply,images-csv/d813c47a-0730-421b-8970-94e99bea81df.csv
d821e55a-999e-4d31-9983-ebc08900434e,images/d821e55a-999e-4d31-9983-ebc08900434e,depth_est/d821e55a-999e-4d31-9983-ebc08900434e,depths/d821e55a-999e-4d31-9983-ebc08900434e,sparse/d821e55a-999e-4d31-9983-ebc08900434e,images_raw/d821e55a-999e-4d31-9983-ebc08900434e,masks_raw/d821e55a-999e-4d31-9983-ebc08900434e,masks_images/d821e55a-999e-4d31-9983-ebc08900434e,3dgs/d821e55a-999e-4d31-9983-ebc08900434e.ply,images-csv/d821e55a-999e-4d31-9983-ebc08900434e.csv
d85382f8-3f1f-4aec-996f-a17ada7ed4b3,images/d85382f8-3f1f-4aec-996f-a17ada7ed4b3,depth_est/d85382f8-3f1f-4aec-996f-a17ada7ed4b3,,sparse/d85382f8-3f1f-4aec-996f-a17ada7ed4b3,images_raw/d85382f8-3f1f-4aec-996f-a17ada7ed4b3,masks_raw/d85382f8-3f1f-4aec-996f-a17ada7ed4b3,masks_images/d85382f8-3f1f-4aec-996f-a17ada7ed4b3,3dgs/d85382f8-3f1f-4aec-996f-a17ada7ed4b3.ply,images-csv/d85382f8-3f1f-4aec-996f-a17ada7ed4b3.csv
d854e0f5-e685-4831-b5cf-8689a0679642,images/d854e0f5-e685-4831-b5cf-8689a0679642,depth_est/d854e0f5-e685-4831-b5cf-8689a0679642,,sparse/d854e0f5-e685-4831-b5cf-8689a0679642,images_raw/d854e0f5-e685-4831-b5cf-8689a0679642,masks_raw/d854e0f5-e685-4831-b5cf-8689a0679642,masks_images/d854e0f5-e685-4831-b5cf-8689a0679642,3dgs/d854e0f5-e685-4831-b5cf-8689a0679642.ply,images-csv/d854e0f5-e685-4831-b5cf-8689a0679642.csv
d8672d8d-86f6-43c9-bcef-fd993ce8a4f3,images/d8672d8d-86f6-43c9-bcef-fd993ce8a4f3,depth_est/d8672d8d-86f6-43c9-bcef-fd993ce8a4f3,,sparse/d8672d8d-86f6-43c9-bcef-fd993ce8a4f3,images_raw/d8672d8d-86f6-43c9-bcef-fd993ce8a4f3,masks_raw/d8672d8d-86f6-43c9-bcef-fd993ce8a4f3,masks_images/d8672d8d-86f6-43c9-bcef-fd993ce8a4f3,3dgs/d8672d8d-86f6-43c9-bcef-fd993ce8a4f3.ply,images-csv/d8672d8d-86f6-43c9-bcef-fd993ce8a4f3.csv
d884f433-f68d-4a64-9c60-70a189868725,images/d884f433-f68d-4a64-9c60-70a189868725,depth_est/d884f433-f68d-4a64-9c60-70a189868725,depths/d884f433-f68d-4a64-9c60-70a189868725,sparse/d884f433-f68d-4a64-9c60-70a189868725,images_raw/d884f433-f68d-4a64-9c60-70a189868725,masks_raw/d884f433-f68d-4a64-9c60-70a189868725,masks_images/d884f433-f68d-4a64-9c60-70a189868725,3dgs/d884f433-f68d-4a64-9c60-70a189868725.ply,images-csv/d884f433-f68d-4a64-9c60-70a189868725.csv
d8cbcdd4-c4b1-4afb-b7ea-7111617696ce,images/d8cbcdd4-c4b1-4afb-b7ea-7111617696ce,depth_est/d8cbcdd4-c4b1-4afb-b7ea-7111617696ce,depths/d8cbcdd4-c4b1-4afb-b7ea-7111617696ce,sparse/d8cbcdd4-c4b1-4afb-b7ea-7111617696ce,images_raw/d8cbcdd4-c4b1-4afb-b7ea-7111617696ce,masks_raw/d8cbcdd4-c4b1-4afb-b7ea-7111617696ce,masks_images/d8cbcdd4-c4b1-4afb-b7ea-7111617696ce,3dgs/d8cbcdd4-c4b1-4afb-b7ea-7111617696ce.ply,images-csv/d8cbcdd4-c4b1-4afb-b7ea-7111617696ce.csv
d96192ac-ef9c-477b-b654-ec465cd720b9,images/d96192ac-ef9c-477b-b654-ec465cd720b9,depth_est/d96192ac-ef9c-477b-b654-ec465cd720b9,,sparse/d96192ac-ef9c-477b-b654-ec465cd720b9,images_raw/d96192ac-ef9c-477b-b654-ec465cd720b9,masks_raw/d96192ac-ef9c-477b-b654-ec465cd720b9,masks_images/d96192ac-ef9c-477b-b654-ec465cd720b9,3dgs/d96192ac-ef9c-477b-b654-ec465cd720b9.ply,images-csv/d96192ac-ef9c-477b-b654-ec465cd720b9.csv
d998adf5-d189-4111-a36c-65ff83140a0f,images/d998adf5-d189-4111-a36c-65ff83140a0f,depth_est/d998adf5-d189-4111-a36c-65ff83140a0f,,sparse/d998adf5-d189-4111-a36c-65ff83140a0f,images_raw/d998adf5-d189-4111-a36c-65ff83140a0f,masks_raw/d998adf5-d189-4111-a36c-65ff83140a0f,masks_images/d998adf5-d189-4111-a36c-65ff83140a0f,3dgs/d998adf5-d189-4111-a36c-65ff83140a0f.ply,images-csv/d998adf5-d189-4111-a36c-65ff83140a0f.csv
da25e69c-dbb8-480a-bab4-c6ebbed662a9,images/da25e69c-dbb8-480a-bab4-c6ebbed662a9,depth_est/da25e69c-dbb8-480a-bab4-c6ebbed662a9,,sparse/da25e69c-dbb8-480a-bab4-c6ebbed662a9,images_raw/da25e69c-dbb8-480a-bab4-c6ebbed662a9,masks_raw/da25e69c-dbb8-480a-bab4-c6ebbed662a9,masks_images/da25e69c-dbb8-480a-bab4-c6ebbed662a9,3dgs/da25e69c-dbb8-480a-bab4-c6ebbed662a9.ply,images-csv/da25e69c-dbb8-480a-bab4-c6ebbed662a9.csv
da7d9ccc-2086-483a-a852-c3cd658c7bf4,images/da7d9ccc-2086-483a-a852-c3cd658c7bf4,depth_est/da7d9ccc-2086-483a-a852-c3cd658c7bf4,depths/da7d9ccc-2086-483a-a852-c3cd658c7bf4,sparse/da7d9ccc-2086-483a-a852-c3cd658c7bf4,images_raw/da7d9ccc-2086-483a-a852-c3cd658c7bf4,masks_raw/da7d9ccc-2086-483a-a852-c3cd658c7bf4,masks_images/da7d9ccc-2086-483a-a852-c3cd658c7bf4,3dgs/da7d9ccc-2086-483a-a852-c3cd658c7bf4.ply,images-csv/da7d9ccc-2086-483a-a852-c3cd658c7bf4.csv
dc274948-cb4c-4816-924c-4f7a9b2753c6,images/dc274948-cb4c-4816-924c-4f7a9b2753c6,depth_est/dc274948-cb4c-4816-924c-4f7a9b2753c6,depths/dc274948-cb4c-4816-924c-4f7a9b2753c6,sparse/dc274948-cb4c-4816-924c-4f7a9b2753c6,images_raw/dc274948-cb4c-4816-924c-4f7a9b2753c6,masks_raw/dc274948-cb4c-4816-924c-4f7a9b2753c6,masks_images/dc274948-cb4c-4816-924c-4f7a9b2753c6,3dgs/dc274948-cb4c-4816-924c-4f7a9b2753c6.ply,images-csv/dc274948-cb4c-4816-924c-4f7a9b2753c6.csv
dcae0aac-27b2-43de-a81e-4a0d7caeba7d,images/dcae0aac-27b2-43de-a81e-4a0d7caeba7d,depth_est/dcae0aac-27b2-43de-a81e-4a0d7caeba7d,,sparse/dcae0aac-27b2-43de-a81e-4a0d7caeba7d,images_raw/dcae0aac-27b2-43de-a81e-4a0d7caeba7d,masks_raw/dcae0aac-27b2-43de-a81e-4a0d7caeba7d,masks_images/dcae0aac-27b2-43de-a81e-4a0d7caeba7d,3dgs/dcae0aac-27b2-43de-a81e-4a0d7caeba7d.ply,images-csv/dcae0aac-27b2-43de-a81e-4a0d7caeba7d.csv
dcbed30b-1e88-4b26-bdd8-6f7e147229df,images/dcbed30b-1e88-4b26-bdd8-6f7e147229df,depth_est/dcbed30b-1e88-4b26-bdd8-6f7e147229df,depths/dcbed30b-1e88-4b26-bdd8-6f7e147229df,sparse/dcbed30b-1e88-4b26-bdd8-6f7e147229df,images_raw/dcbed30b-1e88-4b26-bdd8-6f7e147229df,masks_raw/dcbed30b-1e88-4b26-bdd8-6f7e147229df,masks_images/dcbed30b-1e88-4b26-bdd8-6f7e147229df,3dgs/dcbed30b-1e88-4b26-bdd8-6f7e147229df.ply,images-csv/dcbed30b-1e88-4b26-bdd8-6f7e147229df.csv
dd11bf3c-78b2-4f05-b27a-70c6119dc631,images/dd11bf3c-78b2-4f05-b27a-70c6119dc631,depth_est/dd11bf3c-78b2-4f05-b27a-70c6119dc631,,sparse/dd11bf3c-78b2-4f05-b27a-70c6119dc631,images_raw/dd11bf3c-78b2-4f05-b27a-70c6119dc631,masks_raw/dd11bf3c-78b2-4f05-b27a-70c6119dc631,masks_images/dd11bf3c-78b2-4f05-b27a-70c6119dc631,3dgs/dd11bf3c-78b2-4f05-b27a-70c6119dc631.ply,images-csv/dd11bf3c-78b2-4f05-b27a-70c6119dc631.csv
dd27b55b-9538-4db7-84b7-e4e82257a80b,images/dd27b55b-9538-4db7-84b7-e4e82257a80b,depth_est/dd27b55b-9538-4db7-84b7-e4e82257a80b,,sparse/dd27b55b-9538-4db7-84b7-e4e82257a80b,images_raw/dd27b55b-9538-4db7-84b7-e4e82257a80b,masks_raw/dd27b55b-9538-4db7-84b7-e4e82257a80b,masks_images/dd27b55b-9538-4db7-84b7-e4e82257a80b,3dgs/dd27b55b-9538-4db7-84b7-e4e82257a80b.ply,images-csv/dd27b55b-9538-4db7-84b7-e4e82257a80b.csv
dd329eef-e796-4915-8ce0-dc8e3e844840,images/dd329eef-e796-4915-8ce0-dc8e3e844840,depth_est/dd329eef-e796-4915-8ce0-dc8e3e844840,,sparse/dd329eef-e796-4915-8ce0-dc8e3e844840,images_raw/dd329eef-e796-4915-8ce0-dc8e3e844840,masks_raw/dd329eef-e796-4915-8ce0-dc8e3e844840,masks_images/dd329eef-e796-4915-8ce0-dc8e3e844840,3dgs/dd329eef-e796-4915-8ce0-dc8e3e844840.ply,images-csv/dd329eef-e796-4915-8ce0-dc8e3e844840.csv
dd410bfb-2275-4575-8059-7ae9fde5453a,images/dd410bfb-2275-4575-8059-7ae9fde5453a,depth_est/dd410bfb-2275-4575-8059-7ae9fde5453a,,sparse/dd410bfb-2275-4575-8059-7ae9fde5453a,images_raw/dd410bfb-2275-4575-8059-7ae9fde5453a,masks_raw/dd410bfb-2275-4575-8059-7ae9fde5453a,masks_images/dd410bfb-2275-4575-8059-7ae9fde5453a,3dgs/dd410bfb-2275-4575-8059-7ae9fde5453a.ply,images-csv/dd410bfb-2275-4575-8059-7ae9fde5453a.csv
ddd78f83-9adc-4583-805c-ebd9eced019c,images/ddd78f83-9adc-4583-805c-ebd9eced019c,depth_est/ddd78f83-9adc-4583-805c-ebd9eced019c,depths/ddd78f83-9adc-4583-805c-ebd9eced019c,sparse/ddd78f83-9adc-4583-805c-ebd9eced019c,images_raw/ddd78f83-9adc-4583-805c-ebd9eced019c,masks_raw/ddd78f83-9adc-4583-805c-ebd9eced019c,masks_images/ddd78f83-9adc-4583-805c-ebd9eced019c,3dgs/ddd78f83-9adc-4583-805c-ebd9eced019c.ply,images-csv/ddd78f83-9adc-4583-805c-ebd9eced019c.csv
dde2367d-b753-41f4-b270-519d29760726,images/dde2367d-b753-41f4-b270-519d29760726,depth_est/dde2367d-b753-41f4-b270-519d29760726,depths/dde2367d-b753-41f4-b270-519d29760726,sparse/dde2367d-b753-41f4-b270-519d29760726,images_raw/dde2367d-b753-41f4-b270-519d29760726,masks_raw/dde2367d-b753-41f4-b270-519d29760726,masks_images/dde2367d-b753-41f4-b270-519d29760726,3dgs/dde2367d-b753-41f4-b270-519d29760726.ply,images-csv/dde2367d-b753-41f4-b270-519d29760726.csv
de34c11f-5993-4448-9892-cafda1ec1dd8,images/de34c11f-5993-4448-9892-cafda1ec1dd8,depth_est/de34c11f-5993-4448-9892-cafda1ec1dd8,depths/de34c11f-5993-4448-9892-cafda1ec1dd8,sparse/de34c11f-5993-4448-9892-cafda1ec1dd8,images_raw/de34c11f-5993-4448-9892-cafda1ec1dd8,masks_raw/de34c11f-5993-4448-9892-cafda1ec1dd8,masks_images/de34c11f-5993-4448-9892-cafda1ec1dd8,3dgs/de34c11f-5993-4448-9892-cafda1ec1dd8.ply,images-csv/de34c11f-5993-4448-9892-cafda1ec1dd8.csv
de89b75c-181c-4dfd-9445-5c11120c6422,images/de89b75c-181c-4dfd-9445-5c11120c6422,depth_est/de89b75c-181c-4dfd-9445-5c11120c6422,depths/de89b75c-181c-4dfd-9445-5c11120c6422,sparse/de89b75c-181c-4dfd-9445-5c11120c6422,images_raw/de89b75c-181c-4dfd-9445-5c11120c6422,masks_raw/de89b75c-181c-4dfd-9445-5c11120c6422,masks_images/de89b75c-181c-4dfd-9445-5c11120c6422,3dgs/de89b75c-181c-4dfd-9445-5c11120c6422.ply,images-csv/de89b75c-181c-4dfd-9445-5c11120c6422.csv
df0c1bdf-cc50-4bb2-8ec0-0866f6ab28bf,images/df0c1bdf-cc50-4bb2-8ec0-0866f6ab28bf,depth_est/df0c1bdf-cc50-4bb2-8ec0-0866f6ab28bf,,sparse/df0c1bdf-cc50-4bb2-8ec0-0866f6ab28bf,images_raw/df0c1bdf-cc50-4bb2-8ec0-0866f6ab28bf,masks_raw/df0c1bdf-cc50-4bb2-8ec0-0866f6ab28bf,masks_images/df0c1bdf-cc50-4bb2-8ec0-0866f6ab28bf,3dgs/df0c1bdf-cc50-4bb2-8ec0-0866f6ab28bf.ply,images-csv/df0c1bdf-cc50-4bb2-8ec0-0866f6ab28bf.csv
dfb33b15-c939-42ff-9952-ed69631d4cdc,images/dfb33b15-c939-42ff-9952-ed69631d4cdc,depth_est/dfb33b15-c939-42ff-9952-ed69631d4cdc,,sparse/dfb33b15-c939-42ff-9952-ed69631d4cdc,images_raw/dfb33b15-c939-42ff-9952-ed69631d4cdc,masks_raw/dfb33b15-c939-42ff-9952-ed69631d4cdc,masks_images/dfb33b15-c939-42ff-9952-ed69631d4cdc,3dgs/dfb33b15-c939-42ff-9952-ed69631d4cdc.ply,images-csv/dfb33b15-c939-42ff-9952-ed69631d4cdc.csv
dfc40d06-b407-4ee8-b23d-90a2aa4625ae,images/dfc40d06-b407-4ee8-b23d-90a2aa4625ae,depth_est/dfc40d06-b407-4ee8-b23d-90a2aa4625ae,,sparse/dfc40d06-b407-4ee8-b23d-90a2aa4625ae,images_raw/dfc40d06-b407-4ee8-b23d-90a2aa4625ae,masks_raw/dfc40d06-b407-4ee8-b23d-90a2aa4625ae,masks_images/dfc40d06-b407-4ee8-b23d-90a2aa4625ae,3dgs/dfc40d06-b407-4ee8-b23d-90a2aa4625ae.ply,images-csv/dfc40d06-b407-4ee8-b23d-90a2aa4625ae.csv
dfc585de-7588-45d0-baf0-43eed9ebb41b,images/dfc585de-7588-45d0-baf0-43eed9ebb41b,depth_est/dfc585de-7588-45d0-baf0-43eed9ebb41b,depths/dfc585de-7588-45d0-baf0-43eed9ebb41b,sparse/dfc585de-7588-45d0-baf0-43eed9ebb41b,images_raw/dfc585de-7588-45d0-baf0-43eed9ebb41b,masks_raw/dfc585de-7588-45d0-baf0-43eed9ebb41b,masks_images/dfc585de-7588-45d0-baf0-43eed9ebb41b,3dgs/dfc585de-7588-45d0-baf0-43eed9ebb41b.ply,images-csv/dfc585de-7588-45d0-baf0-43eed9ebb41b.csv
e024e36b-798c-4a62-81ec-edfce9de1d63,images/e024e36b-798c-4a62-81ec-edfce9de1d63,depth_est/e024e36b-798c-4a62-81ec-edfce9de1d63,,sparse/e024e36b-798c-4a62-81ec-edfce9de1d63,images_raw/e024e36b-798c-4a62-81ec-edfce9de1d63,masks_raw/e024e36b-798c-4a62-81ec-edfce9de1d63,masks_images/e024e36b-798c-4a62-81ec-edfce9de1d63,3dgs/e024e36b-798c-4a62-81ec-edfce9de1d63.ply,images-csv/e024e36b-798c-4a62-81ec-edfce9de1d63.csv
e033e632-63b0-4fce-bfc3-a8273ca99ea0,images/e033e632-63b0-4fce-bfc3-a8273ca99ea0,depth_est/e033e632-63b0-4fce-bfc3-a8273ca99ea0,,sparse/e033e632-63b0-4fce-bfc3-a8273ca99ea0,images_raw/e033e632-63b0-4fce-bfc3-a8273ca99ea0,masks_raw/e033e632-63b0-4fce-bfc3-a8273ca99ea0,masks_images/e033e632-63b0-4fce-bfc3-a8273ca99ea0,3dgs/e033e632-63b0-4fce-bfc3-a8273ca99ea0.ply,images-csv/e033e632-63b0-4fce-bfc3-a8273ca99ea0.csv
e06be106-c033-437e-9f3d-4ed1acf460d8,images/e06be106-c033-437e-9f3d-4ed1acf460d8,depth_est/e06be106-c033-437e-9f3d-4ed1acf460d8,,sparse/e06be106-c033-437e-9f3d-4ed1acf460d8,images_raw/e06be106-c033-437e-9f3d-4ed1acf460d8,masks_raw/e06be106-c033-437e-9f3d-4ed1acf460d8,masks_images/e06be106-c033-437e-9f3d-4ed1acf460d8,3dgs/e06be106-c033-437e-9f3d-4ed1acf460d8.ply,images-csv/e06be106-c033-437e-9f3d-4ed1acf460d8.csv
e0ccbdb3-9424-4274-8e4f-1fded1ad67cb,images/e0ccbdb3-9424-4274-8e4f-1fded1ad67cb,depth_est/e0ccbdb3-9424-4274-8e4f-1fded1ad67cb,depths/e0ccbdb3-9424-4274-8e4f-1fded1ad67cb,sparse/e0ccbdb3-9424-4274-8e4f-1fded1ad67cb,images_raw/e0ccbdb3-9424-4274-8e4f-1fded1ad67cb,masks_raw/e0ccbdb3-9424-4274-8e4f-1fded1ad67cb,masks_images/e0ccbdb3-9424-4274-8e4f-1fded1ad67cb,3dgs/e0ccbdb3-9424-4274-8e4f-1fded1ad67cb.ply,images-csv/e0ccbdb3-9424-4274-8e4f-1fded1ad67cb.csv
e15fd101-65b5-48c3-9a9b-fe36ff94143c,images/e15fd101-65b5-48c3-9a9b-fe36ff94143c,depth_est/e15fd101-65b5-48c3-9a9b-fe36ff94143c,depths/e15fd101-65b5-48c3-9a9b-fe36ff94143c,sparse/e15fd101-65b5-48c3-9a9b-fe36ff94143c,images_raw/e15fd101-65b5-48c3-9a9b-fe36ff94143c,masks_raw/e15fd101-65b5-48c3-9a9b-fe36ff94143c,masks_images/e15fd101-65b5-48c3-9a9b-fe36ff94143c,3dgs/e15fd101-65b5-48c3-9a9b-fe36ff94143c.ply,images-csv/e15fd101-65b5-48c3-9a9b-fe36ff94143c.csv
e163d571-9c76-46be-9c84-dc9780e2c029,images/e163d571-9c76-46be-9c84-dc9780e2c029,depth_est/e163d571-9c76-46be-9c84-dc9780e2c029,depths/e163d571-9c76-46be-9c84-dc9780e2c029,sparse/e163d571-9c76-46be-9c84-dc9780e2c029,images_raw/e163d571-9c76-46be-9c84-dc9780e2c029,masks_raw/e163d571-9c76-46be-9c84-dc9780e2c029,masks_images/e163d571-9c76-46be-9c84-dc9780e2c029,3dgs/e163d571-9c76-46be-9c84-dc9780e2c029.ply,images-csv/e163d571-9c76-46be-9c84-dc9780e2c029.csv
e16a8723-ac37-4d7a-8ce8-a898efdab179,images/e16a8723-ac37-4d7a-8ce8-a898efdab179,depth_est/e16a8723-ac37-4d7a-8ce8-a898efdab179,depths/e16a8723-ac37-4d7a-8ce8-a898efdab179,sparse/e16a8723-ac37-4d7a-8ce8-a898efdab179,images_raw/e16a8723-ac37-4d7a-8ce8-a898efdab179,masks_raw/e16a8723-ac37-4d7a-8ce8-a898efdab179,masks_images/e16a8723-ac37-4d7a-8ce8-a898efdab179,3dgs/e16a8723-ac37-4d7a-8ce8-a898efdab179.ply,images-csv/e16a8723-ac37-4d7a-8ce8-a898efdab179.csv
e17dadf8-92fc-47a6-80e9-bc62529ca8ce,images/e17dadf8-92fc-47a6-80e9-bc62529ca8ce,depth_est/e17dadf8-92fc-47a6-80e9-bc62529ca8ce,depths/e17dadf8-92fc-47a6-80e9-bc62529ca8ce,sparse/e17dadf8-92fc-47a6-80e9-bc62529ca8ce,images_raw/e17dadf8-92fc-47a6-80e9-bc62529ca8ce,masks_raw/e17dadf8-92fc-47a6-80e9-bc62529ca8ce,masks_images/e17dadf8-92fc-47a6-80e9-bc62529ca8ce,3dgs/e17dadf8-92fc-47a6-80e9-bc62529ca8ce.ply,images-csv/e17dadf8-92fc-47a6-80e9-bc62529ca8ce.csv
e1eda99c-f6f3-4588-aa4f-f2c504a348bd,images/e1eda99c-f6f3-4588-aa4f-f2c504a348bd,depth_est/e1eda99c-f6f3-4588-aa4f-f2c504a348bd,,sparse/e1eda99c-f6f3-4588-aa4f-f2c504a348bd,images_raw/e1eda99c-f6f3-4588-aa4f-f2c504a348bd,masks_raw/e1eda99c-f6f3-4588-aa4f-f2c504a348bd,masks_images/e1eda99c-f6f3-4588-aa4f-f2c504a348bd,3dgs/e1eda99c-f6f3-4588-aa4f-f2c504a348bd.ply,images-csv/e1eda99c-f6f3-4588-aa4f-f2c504a348bd.csv
e277d0da-473f-4a9f-8ce7-c53126e1742e,images/e277d0da-473f-4a9f-8ce7-c53126e1742e,depth_est/e277d0da-473f-4a9f-8ce7-c53126e1742e,depths/e277d0da-473f-4a9f-8ce7-c53126e1742e,sparse/e277d0da-473f-4a9f-8ce7-c53126e1742e,images_raw/e277d0da-473f-4a9f-8ce7-c53126e1742e,masks_raw/e277d0da-473f-4a9f-8ce7-c53126e1742e,masks_images/e277d0da-473f-4a9f-8ce7-c53126e1742e,3dgs/e277d0da-473f-4a9f-8ce7-c53126e1742e.ply,images-csv/e277d0da-473f-4a9f-8ce7-c53126e1742e.csv
e28499dc-c53e-4b90-aa54-59a3edc12df8,images/e28499dc-c53e-4b90-aa54-59a3edc12df8,depth_est/e28499dc-c53e-4b90-aa54-59a3edc12df8,,sparse/e28499dc-c53e-4b90-aa54-59a3edc12df8,images_raw/e28499dc-c53e-4b90-aa54-59a3edc12df8,masks_raw/e28499dc-c53e-4b90-aa54-59a3edc12df8,masks_images/e28499dc-c53e-4b90-aa54-59a3edc12df8,3dgs/e28499dc-c53e-4b90-aa54-59a3edc12df8.ply,images-csv/e28499dc-c53e-4b90-aa54-59a3edc12df8.csv
e2d5b0ed-6274-4a30-aef5-7c8da216b923,images/e2d5b0ed-6274-4a30-aef5-7c8da216b923,depth_est/e2d5b0ed-6274-4a30-aef5-7c8da216b923,,sparse/e2d5b0ed-6274-4a30-aef5-7c8da216b923,images_raw/e2d5b0ed-6274-4a30-aef5-7c8da216b923,masks_raw/e2d5b0ed-6274-4a30-aef5-7c8da216b923,masks_images/e2d5b0ed-6274-4a30-aef5-7c8da216b923,3dgs/e2d5b0ed-6274-4a30-aef5-7c8da216b923.ply,images-csv/e2d5b0ed-6274-4a30-aef5-7c8da216b923.csv
e32e6768-f117-4971-9905-92b95289a8fb,images/e32e6768-f117-4971-9905-92b95289a8fb,depth_est/e32e6768-f117-4971-9905-92b95289a8fb,,sparse/e32e6768-f117-4971-9905-92b95289a8fb,images_raw/e32e6768-f117-4971-9905-92b95289a8fb,masks_raw/e32e6768-f117-4971-9905-92b95289a8fb,masks_images/e32e6768-f117-4971-9905-92b95289a8fb,3dgs/e32e6768-f117-4971-9905-92b95289a8fb.ply,images-csv/e32e6768-f117-4971-9905-92b95289a8fb.csv
e3720d4b-c1ff-4595-9cd5-82c835235dc6,images/e3720d4b-c1ff-4595-9cd5-82c835235dc6,depth_est/e3720d4b-c1ff-4595-9cd5-82c835235dc6,depths/e3720d4b-c1ff-4595-9cd5-82c835235dc6,sparse/e3720d4b-c1ff-4595-9cd5-82c835235dc6,images_raw/e3720d4b-c1ff-4595-9cd5-82c835235dc6,masks_raw/e3720d4b-c1ff-4595-9cd5-82c835235dc6,masks_images/e3720d4b-c1ff-4595-9cd5-82c835235dc6,3dgs/e3720d4b-c1ff-4595-9cd5-82c835235dc6.ply,images-csv/e3720d4b-c1ff-4595-9cd5-82c835235dc6.csv
e39ccb69-7f68-4faf-b21c-91e8d7340e8c,images/e39ccb69-7f68-4faf-b21c-91e8d7340e8c,depth_est/e39ccb69-7f68-4faf-b21c-91e8d7340e8c,depths/e39ccb69-7f68-4faf-b21c-91e8d7340e8c,sparse/e39ccb69-7f68-4faf-b21c-91e8d7340e8c,images_raw/e39ccb69-7f68-4faf-b21c-91e8d7340e8c,masks_raw/e39ccb69-7f68-4faf-b21c-91e8d7340e8c,masks_images/e39ccb69-7f68-4faf-b21c-91e8d7340e8c,3dgs/e39ccb69-7f68-4faf-b21c-91e8d7340e8c.ply,images-csv/e39ccb69-7f68-4faf-b21c-91e8d7340e8c.csv
e3a04a38-6b07-40ad-a74b-3e6b8aace418,images/e3a04a38-6b07-40ad-a74b-3e6b8aace418,depth_est/e3a04a38-6b07-40ad-a74b-3e6b8aace418,,sparse/e3a04a38-6b07-40ad-a74b-3e6b8aace418,images_raw/e3a04a38-6b07-40ad-a74b-3e6b8aace418,masks_raw/e3a04a38-6b07-40ad-a74b-3e6b8aace418,masks_images/e3a04a38-6b07-40ad-a74b-3e6b8aace418,3dgs/e3a04a38-6b07-40ad-a74b-3e6b8aace418.ply,images-csv/e3a04a38-6b07-40ad-a74b-3e6b8aace418.csv
e3b1cd5c-6dfb-4ae1-9471-07b0dcbc292a,images/e3b1cd5c-6dfb-4ae1-9471-07b0dcbc292a,depth_est/e3b1cd5c-6dfb-4ae1-9471-07b0dcbc292a,,sparse/e3b1cd5c-6dfb-4ae1-9471-07b0dcbc292a,images_raw/e3b1cd5c-6dfb-4ae1-9471-07b0dcbc292a,masks_raw/e3b1cd5c-6dfb-4ae1-9471-07b0dcbc292a,masks_images/e3b1cd5c-6dfb-4ae1-9471-07b0dcbc292a,3dgs/e3b1cd5c-6dfb-4ae1-9471-07b0dcbc292a.ply,images-csv/e3b1cd5c-6dfb-4ae1-9471-07b0dcbc292a.csv
e3bfd12c-bb53-4ad4-9490-d145ff03e6cf,images/e3bfd12c-bb53-4ad4-9490-d145ff03e6cf,depth_est/e3bfd12c-bb53-4ad4-9490-d145ff03e6cf,depths/e3bfd12c-bb53-4ad4-9490-d145ff03e6cf,sparse/e3bfd12c-bb53-4ad4-9490-d145ff03e6cf,images_raw/e3bfd12c-bb53-4ad4-9490-d145ff03e6cf,masks_raw/e3bfd12c-bb53-4ad4-9490-d145ff03e6cf,masks_images/e3bfd12c-bb53-4ad4-9490-d145ff03e6cf,3dgs/e3bfd12c-bb53-4ad4-9490-d145ff03e6cf.ply,images-csv/e3bfd12c-bb53-4ad4-9490-d145ff03e6cf.csv
e4f83854-8bc5-4c74-8400-57af1368ded8,images/e4f83854-8bc5-4c74-8400-57af1368ded8,depth_est/e4f83854-8bc5-4c74-8400-57af1368ded8,,sparse/e4f83854-8bc5-4c74-8400-57af1368ded8,images_raw/e4f83854-8bc5-4c74-8400-57af1368ded8,masks_raw/e4f83854-8bc5-4c74-8400-57af1368ded8,masks_images/e4f83854-8bc5-4c74-8400-57af1368ded8,3dgs/e4f83854-8bc5-4c74-8400-57af1368ded8.ply,images-csv/e4f83854-8bc5-4c74-8400-57af1368ded8.csv
e52d3e08-3988-40c4-9683-52fde34f1e6c,images/e52d3e08-3988-40c4-9683-52fde34f1e6c,depth_est/e52d3e08-3988-40c4-9683-52fde34f1e6c,,sparse/e52d3e08-3988-40c4-9683-52fde34f1e6c,images_raw/e52d3e08-3988-40c4-9683-52fde34f1e6c,masks_raw/e52d3e08-3988-40c4-9683-52fde34f1e6c,masks_images/e52d3e08-3988-40c4-9683-52fde34f1e6c,3dgs/e52d3e08-3988-40c4-9683-52fde34f1e6c.ply,images-csv/e52d3e08-3988-40c4-9683-52fde34f1e6c.csv
e53d42af-49e3-4678-a4c8-f9472f431b1b,images/e53d42af-49e3-4678-a4c8-f9472f431b1b,depth_est/e53d42af-49e3-4678-a4c8-f9472f431b1b,,sparse/e53d42af-49e3-4678-a4c8-f9472f431b1b,images_raw/e53d42af-49e3-4678-a4c8-f9472f431b1b,masks_raw/e53d42af-49e3-4678-a4c8-f9472f431b1b,masks_images/e53d42af-49e3-4678-a4c8-f9472f431b1b,3dgs/e53d42af-49e3-4678-a4c8-f9472f431b1b.ply,images-csv/e53d42af-49e3-4678-a4c8-f9472f431b1b.csv
e552ae07-b695-4971-9cbd-6c75c6aa7202,images/e552ae07-b695-4971-9cbd-6c75c6aa7202,depth_est/e552ae07-b695-4971-9cbd-6c75c6aa7202,,sparse/e552ae07-b695-4971-9cbd-6c75c6aa7202,images_raw/e552ae07-b695-4971-9cbd-6c75c6aa7202,masks_raw/e552ae07-b695-4971-9cbd-6c75c6aa7202,masks_images/e552ae07-b695-4971-9cbd-6c75c6aa7202,3dgs/e552ae07-b695-4971-9cbd-6c75c6aa7202.ply,images-csv/e552ae07-b695-4971-9cbd-6c75c6aa7202.csv
e56d5fee-c7f6-4b5d-b640-a72e13477e7e,images/e56d5fee-c7f6-4b5d-b640-a72e13477e7e,depth_est/e56d5fee-c7f6-4b5d-b640-a72e13477e7e,,sparse/e56d5fee-c7f6-4b5d-b640-a72e13477e7e,images_raw/e56d5fee-c7f6-4b5d-b640-a72e13477e7e,masks_raw/e56d5fee-c7f6-4b5d-b640-a72e13477e7e,masks_images/e56d5fee-c7f6-4b5d-b640-a72e13477e7e,3dgs/e56d5fee-c7f6-4b5d-b640-a72e13477e7e.ply,images-csv/e56d5fee-c7f6-4b5d-b640-a72e13477e7e.csv
e5bc6158-a574-4f8e-8bff-7a8905d73b3a,images/e5bc6158-a574-4f8e-8bff-7a8905d73b3a,depth_est/e5bc6158-a574-4f8e-8bff-7a8905d73b3a,,sparse/e5bc6158-a574-4f8e-8bff-7a8905d73b3a,images_raw/e5bc6158-a574-4f8e-8bff-7a8905d73b3a,masks_raw/e5bc6158-a574-4f8e-8bff-7a8905d73b3a,masks_images/e5bc6158-a574-4f8e-8bff-7a8905d73b3a,3dgs/e5bc6158-a574-4f8e-8bff-7a8905d73b3a.ply,images-csv/e5bc6158-a574-4f8e-8bff-7a8905d73b3a.csv
e5c2bb6e-06de-4b06-862e-6c45c571cb1e,images/e5c2bb6e-06de-4b06-862e-6c45c571cb1e,depth_est/e5c2bb6e-06de-4b06-862e-6c45c571cb1e,depths/e5c2bb6e-06de-4b06-862e-6c45c571cb1e,sparse/e5c2bb6e-06de-4b06-862e-6c45c571cb1e,images_raw/e5c2bb6e-06de-4b06-862e-6c45c571cb1e,masks_raw/e5c2bb6e-06de-4b06-862e-6c45c571cb1e,masks_images/e5c2bb6e-06de-4b06-862e-6c45c571cb1e,3dgs/e5c2bb6e-06de-4b06-862e-6c45c571cb1e.ply,images-csv/e5c2bb6e-06de-4b06-862e-6c45c571cb1e.csv
e5e700d2-c4a2-4086-9ba1-37191a8ce840,images/e5e700d2-c4a2-4086-9ba1-37191a8ce840,depth_est/e5e700d2-c4a2-4086-9ba1-37191a8ce840,,sparse/e5e700d2-c4a2-4086-9ba1-37191a8ce840,images_raw/e5e700d2-c4a2-4086-9ba1-37191a8ce840,masks_raw/e5e700d2-c4a2-4086-9ba1-37191a8ce840,masks_images/e5e700d2-c4a2-4086-9ba1-37191a8ce840,3dgs/e5e700d2-c4a2-4086-9ba1-37191a8ce840.ply,images-csv/e5e700d2-c4a2-4086-9ba1-37191a8ce840.csv
e5f704c6-4cf5-44d5-b318-dd9cffd360e6,images/e5f704c6-4cf5-44d5-b318-dd9cffd360e6,depth_est/e5f704c6-4cf5-44d5-b318-dd9cffd360e6,depths/e5f704c6-4cf5-44d5-b318-dd9cffd360e6,sparse/e5f704c6-4cf5-44d5-b318-dd9cffd360e6,images_raw/e5f704c6-4cf5-44d5-b318-dd9cffd360e6,masks_raw/e5f704c6-4cf5-44d5-b318-dd9cffd360e6,masks_images/e5f704c6-4cf5-44d5-b318-dd9cffd360e6,3dgs/e5f704c6-4cf5-44d5-b318-dd9cffd360e6.ply,images-csv/e5f704c6-4cf5-44d5-b318-dd9cffd360e6.csv
e6083b01-afcc-4001-bea6-f912295d4785,images/e6083b01-afcc-4001-bea6-f912295d4785,depth_est/e6083b01-afcc-4001-bea6-f912295d4785,depths/e6083b01-afcc-4001-bea6-f912295d4785,sparse/e6083b01-afcc-4001-bea6-f912295d4785,images_raw/e6083b01-afcc-4001-bea6-f912295d4785,masks_raw/e6083b01-afcc-4001-bea6-f912295d4785,masks_images/e6083b01-afcc-4001-bea6-f912295d4785,3dgs/e6083b01-afcc-4001-bea6-f912295d4785.ply,images-csv/e6083b01-afcc-4001-bea6-f912295d4785.csv
e662419a-3d02-4119-b99f-c34b9ebdcba8,images/e662419a-3d02-4119-b99f-c34b9ebdcba8,depth_est/e662419a-3d02-4119-b99f-c34b9ebdcba8,,sparse/e662419a-3d02-4119-b99f-c34b9ebdcba8,images_raw/e662419a-3d02-4119-b99f-c34b9ebdcba8,masks_raw/e662419a-3d02-4119-b99f-c34b9ebdcba8,masks_images/e662419a-3d02-4119-b99f-c34b9ebdcba8,3dgs/e662419a-3d02-4119-b99f-c34b9ebdcba8.ply,images-csv/e662419a-3d02-4119-b99f-c34b9ebdcba8.csv
e6a9f901-68a7-4717-a6f4-5ac38371406d,images/e6a9f901-68a7-4717-a6f4-5ac38371406d,depth_est/e6a9f901-68a7-4717-a6f4-5ac38371406d,depths/e6a9f901-68a7-4717-a6f4-5ac38371406d,sparse/e6a9f901-68a7-4717-a6f4-5ac38371406d,images_raw/e6a9f901-68a7-4717-a6f4-5ac38371406d,masks_raw/e6a9f901-68a7-4717-a6f4-5ac38371406d,masks_images/e6a9f901-68a7-4717-a6f4-5ac38371406d,3dgs/e6a9f901-68a7-4717-a6f4-5ac38371406d.ply,images-csv/e6a9f901-68a7-4717-a6f4-5ac38371406d.csv
e6cb035e-69af-44d7-bc93-212bac094e0b,images/e6cb035e-69af-44d7-bc93-212bac094e0b,depth_est/e6cb035e-69af-44d7-bc93-212bac094e0b,,sparse/e6cb035e-69af-44d7-bc93-212bac094e0b,images_raw/e6cb035e-69af-44d7-bc93-212bac094e0b,masks_raw/e6cb035e-69af-44d7-bc93-212bac094e0b,masks_images/e6cb035e-69af-44d7-bc93-212bac094e0b,3dgs/e6cb035e-69af-44d7-bc93-212bac094e0b.ply,images-csv/e6cb035e-69af-44d7-bc93-212bac094e0b.csv
e72d301b-69a0-43e8-a253-0e87a1b3d9aa,images/e72d301b-69a0-43e8-a253-0e87a1b3d9aa,depth_est/e72d301b-69a0-43e8-a253-0e87a1b3d9aa,depths/e72d301b-69a0-43e8-a253-0e87a1b3d9aa,sparse/e72d301b-69a0-43e8-a253-0e87a1b3d9aa,images_raw/e72d301b-69a0-43e8-a253-0e87a1b3d9aa,masks_raw/e72d301b-69a0-43e8-a253-0e87a1b3d9aa,masks_images/e72d301b-69a0-43e8-a253-0e87a1b3d9aa,3dgs/e72d301b-69a0-43e8-a253-0e87a1b3d9aa.ply,images-csv/e72d301b-69a0-43e8-a253-0e87a1b3d9aa.csv
e75f3a5f-f58b-430f-9e66-297b02c884ee,images/e75f3a5f-f58b-430f-9e66-297b02c884ee,depth_est/e75f3a5f-f58b-430f-9e66-297b02c884ee,,sparse/e75f3a5f-f58b-430f-9e66-297b02c884ee,images_raw/e75f3a5f-f58b-430f-9e66-297b02c884ee,masks_raw/e75f3a5f-f58b-430f-9e66-297b02c884ee,masks_images/e75f3a5f-f58b-430f-9e66-297b02c884ee,3dgs/e75f3a5f-f58b-430f-9e66-297b02c884ee.ply,images-csv/e75f3a5f-f58b-430f-9e66-297b02c884ee.csv
e777d217-e7d7-4c36-9fbb-47cce3706a05,images/e777d217-e7d7-4c36-9fbb-47cce3706a05,depth_est/e777d217-e7d7-4c36-9fbb-47cce3706a05,,sparse/e777d217-e7d7-4c36-9fbb-47cce3706a05,images_raw/e777d217-e7d7-4c36-9fbb-47cce3706a05,masks_raw/e777d217-e7d7-4c36-9fbb-47cce3706a05,masks_images/e777d217-e7d7-4c36-9fbb-47cce3706a05,3dgs/e777d217-e7d7-4c36-9fbb-47cce3706a05.ply,images-csv/e777d217-e7d7-4c36-9fbb-47cce3706a05.csv
e788e984-6667-4623-ad64-b5a75fb0185e,images/e788e984-6667-4623-ad64-b5a75fb0185e,depth_est/e788e984-6667-4623-ad64-b5a75fb0185e,depths/e788e984-6667-4623-ad64-b5a75fb0185e,sparse/e788e984-6667-4623-ad64-b5a75fb0185e,images_raw/e788e984-6667-4623-ad64-b5a75fb0185e,masks_raw/e788e984-6667-4623-ad64-b5a75fb0185e,masks_images/e788e984-6667-4623-ad64-b5a75fb0185e,3dgs/e788e984-6667-4623-ad64-b5a75fb0185e.ply,images-csv/e788e984-6667-4623-ad64-b5a75fb0185e.csv
e7d64122-2386-455d-8d62-8cca1912f7ae,images/e7d64122-2386-455d-8d62-8cca1912f7ae,depth_est/e7d64122-2386-455d-8d62-8cca1912f7ae,,sparse/e7d64122-2386-455d-8d62-8cca1912f7ae,images_raw/e7d64122-2386-455d-8d62-8cca1912f7ae,masks_raw/e7d64122-2386-455d-8d62-8cca1912f7ae,masks_images/e7d64122-2386-455d-8d62-8cca1912f7ae,3dgs/e7d64122-2386-455d-8d62-8cca1912f7ae.ply,images-csv/e7d64122-2386-455d-8d62-8cca1912f7ae.csv
e7e28306-5d02-4a9b-bbb1-f7c17f2badda,images/e7e28306-5d02-4a9b-bbb1-f7c17f2badda,depth_est/e7e28306-5d02-4a9b-bbb1-f7c17f2badda,,sparse/e7e28306-5d02-4a9b-bbb1-f7c17f2badda,images_raw/e7e28306-5d02-4a9b-bbb1-f7c17f2badda,masks_raw/e7e28306-5d02-4a9b-bbb1-f7c17f2badda,masks_images/e7e28306-5d02-4a9b-bbb1-f7c17f2badda,3dgs/e7e28306-5d02-4a9b-bbb1-f7c17f2badda.ply,images-csv/e7e28306-5d02-4a9b-bbb1-f7c17f2badda.csv
e83be028-da0f-4a75-a631-c65607a3da38,images/e83be028-da0f-4a75-a631-c65607a3da38,depth_est/e83be028-da0f-4a75-a631-c65607a3da38,depths/e83be028-da0f-4a75-a631-c65607a3da38,sparse/e83be028-da0f-4a75-a631-c65607a3da38,images_raw/e83be028-da0f-4a75-a631-c65607a3da38,masks_raw/e83be028-da0f-4a75-a631-c65607a3da38,masks_images/e83be028-da0f-4a75-a631-c65607a3da38,3dgs/e83be028-da0f-4a75-a631-c65607a3da38.ply,images-csv/e83be028-da0f-4a75-a631-c65607a3da38.csv
e8c305db-f337-4155-b0c3-16da79fa7a7f,images/e8c305db-f337-4155-b0c3-16da79fa7a7f,depth_est/e8c305db-f337-4155-b0c3-16da79fa7a7f,,sparse/e8c305db-f337-4155-b0c3-16da79fa7a7f,images_raw/e8c305db-f337-4155-b0c3-16da79fa7a7f,masks_raw/e8c305db-f337-4155-b0c3-16da79fa7a7f,masks_images/e8c305db-f337-4155-b0c3-16da79fa7a7f,3dgs/e8c305db-f337-4155-b0c3-16da79fa7a7f.ply,images-csv/e8c305db-f337-4155-b0c3-16da79fa7a7f.csv
e8f8f13a-ea12-4d36-93cb-6e3cb237720b,images/e8f8f13a-ea12-4d36-93cb-6e3cb237720b,depth_est/e8f8f13a-ea12-4d36-93cb-6e3cb237720b,,sparse/e8f8f13a-ea12-4d36-93cb-6e3cb237720b,images_raw/e8f8f13a-ea12-4d36-93cb-6e3cb237720b,masks_raw/e8f8f13a-ea12-4d36-93cb-6e3cb237720b,masks_images/e8f8f13a-ea12-4d36-93cb-6e3cb237720b,3dgs/e8f8f13a-ea12-4d36-93cb-6e3cb237720b.ply,images-csv/e8f8f13a-ea12-4d36-93cb-6e3cb237720b.csv
e96be0d5-c049-4548-886c-93ae1f3d4d0c,images/e96be0d5-c049-4548-886c-93ae1f3d4d0c,depth_est/e96be0d5-c049-4548-886c-93ae1f3d4d0c,depths/e96be0d5-c049-4548-886c-93ae1f3d4d0c,sparse/e96be0d5-c049-4548-886c-93ae1f3d4d0c,images_raw/e96be0d5-c049-4548-886c-93ae1f3d4d0c,masks_raw/e96be0d5-c049-4548-886c-93ae1f3d4d0c,masks_images/e96be0d5-c049-4548-886c-93ae1f3d4d0c,3dgs/e96be0d5-c049-4548-886c-93ae1f3d4d0c.ply,images-csv/e96be0d5-c049-4548-886c-93ae1f3d4d0c.csv
e970a0d1-e466-4a0d-bdb0-323161bbb9b5,images/e970a0d1-e466-4a0d-bdb0-323161bbb9b5,depth_est/e970a0d1-e466-4a0d-bdb0-323161bbb9b5,,sparse/e970a0d1-e466-4a0d-bdb0-323161bbb9b5,images_raw/e970a0d1-e466-4a0d-bdb0-323161bbb9b5,masks_raw/e970a0d1-e466-4a0d-bdb0-323161bbb9b5,masks_images/e970a0d1-e466-4a0d-bdb0-323161bbb9b5,3dgs/e970a0d1-e466-4a0d-bdb0-323161bbb9b5.ply,images-csv/e970a0d1-e466-4a0d-bdb0-323161bbb9b5.csv
e98a3a4e-9dd7-4c25-82e1-88ff9335152d,images/e98a3a4e-9dd7-4c25-82e1-88ff9335152d,depth_est/e98a3a4e-9dd7-4c25-82e1-88ff9335152d,,sparse/e98a3a4e-9dd7-4c25-82e1-88ff9335152d,images_raw/e98a3a4e-9dd7-4c25-82e1-88ff9335152d,masks_raw/e98a3a4e-9dd7-4c25-82e1-88ff9335152d,masks_images/e98a3a4e-9dd7-4c25-82e1-88ff9335152d,3dgs/e98a3a4e-9dd7-4c25-82e1-88ff9335152d.ply,images-csv/e98a3a4e-9dd7-4c25-82e1-88ff9335152d.csv
e995c3ef-ee52-454e-b34b-d4ed4398eabb,images/e995c3ef-ee52-454e-b34b-d4ed4398eabb,depth_est/e995c3ef-ee52-454e-b34b-d4ed4398eabb,,sparse/e995c3ef-ee52-454e-b34b-d4ed4398eabb,images_raw/e995c3ef-ee52-454e-b34b-d4ed4398eabb,masks_raw/e995c3ef-ee52-454e-b34b-d4ed4398eabb,masks_images/e995c3ef-ee52-454e-b34b-d4ed4398eabb,3dgs/e995c3ef-ee52-454e-b34b-d4ed4398eabb.ply,images-csv/e995c3ef-ee52-454e-b34b-d4ed4398eabb.csv
e99df89f-60ad-4968-a35b-4f2abe2b3c9a,images/e99df89f-60ad-4968-a35b-4f2abe2b3c9a,depth_est/e99df89f-60ad-4968-a35b-4f2abe2b3c9a,,sparse/e99df89f-60ad-4968-a35b-4f2abe2b3c9a,images_raw/e99df89f-60ad-4968-a35b-4f2abe2b3c9a,masks_raw/e99df89f-60ad-4968-a35b-4f2abe2b3c9a,masks_images/e99df89f-60ad-4968-a35b-4f2abe2b3c9a,3dgs/e99df89f-60ad-4968-a35b-4f2abe2b3c9a.ply,images-csv/e99df89f-60ad-4968-a35b-4f2abe2b3c9a.csv
e9f8d8bb-5296-4957-8617-ba0b6aeb67e3,images/e9f8d8bb-5296-4957-8617-ba0b6aeb67e3,depth_est/e9f8d8bb-5296-4957-8617-ba0b6aeb67e3,depths/e9f8d8bb-5296-4957-8617-ba0b6aeb67e3,sparse/e9f8d8bb-5296-4957-8617-ba0b6aeb67e3,images_raw/e9f8d8bb-5296-4957-8617-ba0b6aeb67e3,masks_raw/e9f8d8bb-5296-4957-8617-ba0b6aeb67e3,masks_images/e9f8d8bb-5296-4957-8617-ba0b6aeb67e3,3dgs/e9f8d8bb-5296-4957-8617-ba0b6aeb67e3.ply,images-csv/e9f8d8bb-5296-4957-8617-ba0b6aeb67e3.csv
ea6e9357-a44b-434d-a861-65f4a6a5a81a,images/ea6e9357-a44b-434d-a861-65f4a6a5a81a,depth_est/ea6e9357-a44b-434d-a861-65f4a6a5a81a,,sparse/ea6e9357-a44b-434d-a861-65f4a6a5a81a,images_raw/ea6e9357-a44b-434d-a861-65f4a6a5a81a,masks_raw/ea6e9357-a44b-434d-a861-65f4a6a5a81a,masks_images/ea6e9357-a44b-434d-a861-65f4a6a5a81a,3dgs/ea6e9357-a44b-434d-a861-65f4a6a5a81a.ply,images-csv/ea6e9357-a44b-434d-a861-65f4a6a5a81a.csv
ea91dcac-aa98-4c8e-a58b-e8dcc6ba05f3,images/ea91dcac-aa98-4c8e-a58b-e8dcc6ba05f3,depth_est/ea91dcac-aa98-4c8e-a58b-e8dcc6ba05f3,,sparse/ea91dcac-aa98-4c8e-a58b-e8dcc6ba05f3,images_raw/ea91dcac-aa98-4c8e-a58b-e8dcc6ba05f3,masks_raw/ea91dcac-aa98-4c8e-a58b-e8dcc6ba05f3,masks_images/ea91dcac-aa98-4c8e-a58b-e8dcc6ba05f3,3dgs/ea91dcac-aa98-4c8e-a58b-e8dcc6ba05f3.ply,images-csv/ea91dcac-aa98-4c8e-a58b-e8dcc6ba05f3.csv
eb34bede-2cc9-4b95-8028-c2862df86d16,images/eb34bede-2cc9-4b95-8028-c2862df86d16,depth_est/eb34bede-2cc9-4b95-8028-c2862df86d16,,sparse/eb34bede-2cc9-4b95-8028-c2862df86d16,images_raw/eb34bede-2cc9-4b95-8028-c2862df86d16,masks_raw/eb34bede-2cc9-4b95-8028-c2862df86d16,masks_images/eb34bede-2cc9-4b95-8028-c2862df86d16,3dgs/eb34bede-2cc9-4b95-8028-c2862df86d16.ply,images-csv/eb34bede-2cc9-4b95-8028-c2862df86d16.csv
ebbb2ede-f7e6-47e6-ad5e-e0246f5e0c94,images/ebbb2ede-f7e6-47e6-ad5e-e0246f5e0c94,depth_est/ebbb2ede-f7e6-47e6-ad5e-e0246f5e0c94,depths/ebbb2ede-f7e6-47e6-ad5e-e0246f5e0c94,sparse/ebbb2ede-f7e6-47e6-ad5e-e0246f5e0c94,images_raw/ebbb2ede-f7e6-47e6-ad5e-e0246f5e0c94,masks_raw/ebbb2ede-f7e6-47e6-ad5e-e0246f5e0c94,masks_images/ebbb2ede-f7e6-47e6-ad5e-e0246f5e0c94,3dgs/ebbb2ede-f7e6-47e6-ad5e-e0246f5e0c94.ply,images-csv/ebbb2ede-f7e6-47e6-ad5e-e0246f5e0c94.csv
ebf8a6ae-0495-4351-ac16-b6f5ab1e5ef2,images/ebf8a6ae-0495-4351-ac16-b6f5ab1e5ef2,depth_est/ebf8a6ae-0495-4351-ac16-b6f5ab1e5ef2,depths/ebf8a6ae-0495-4351-ac16-b6f5ab1e5ef2,sparse/ebf8a6ae-0495-4351-ac16-b6f5ab1e5ef2,images_raw/ebf8a6ae-0495-4351-ac16-b6f5ab1e5ef2,masks_raw/ebf8a6ae-0495-4351-ac16-b6f5ab1e5ef2,masks_images/ebf8a6ae-0495-4351-ac16-b6f5ab1e5ef2,3dgs/ebf8a6ae-0495-4351-ac16-b6f5ab1e5ef2.ply,images-csv/ebf8a6ae-0495-4351-ac16-b6f5ab1e5ef2.csv
ec9324cb-5ad5-40d7-8a3b-db8b7e62bb44,images/ec9324cb-5ad5-40d7-8a3b-db8b7e62bb44,depth_est/ec9324cb-5ad5-40d7-8a3b-db8b7e62bb44,,sparse/ec9324cb-5ad5-40d7-8a3b-db8b7e62bb44,images_raw/ec9324cb-5ad5-40d7-8a3b-db8b7e62bb44,masks_raw/ec9324cb-5ad5-40d7-8a3b-db8b7e62bb44,masks_images/ec9324cb-5ad5-40d7-8a3b-db8b7e62bb44,3dgs/ec9324cb-5ad5-40d7-8a3b-db8b7e62bb44.ply,images-csv/ec9324cb-5ad5-40d7-8a3b-db8b7e62bb44.csv
ec9c32c6-c09c-4ba8-a629-127815eaf25f,images/ec9c32c6-c09c-4ba8-a629-127815eaf25f,depth_est/ec9c32c6-c09c-4ba8-a629-127815eaf25f,depths/ec9c32c6-c09c-4ba8-a629-127815eaf25f,sparse/ec9c32c6-c09c-4ba8-a629-127815eaf25f,images_raw/ec9c32c6-c09c-4ba8-a629-127815eaf25f,masks_raw/ec9c32c6-c09c-4ba8-a629-127815eaf25f,masks_images/ec9c32c6-c09c-4ba8-a629-127815eaf25f,3dgs/ec9c32c6-c09c-4ba8-a629-127815eaf25f.ply,images-csv/ec9c32c6-c09c-4ba8-a629-127815eaf25f.csv
ed011599-130f-43d1-8601-f749ba118613,images/ed011599-130f-43d1-8601-f749ba118613,depth_est/ed011599-130f-43d1-8601-f749ba118613,,sparse/ed011599-130f-43d1-8601-f749ba118613,images_raw/ed011599-130f-43d1-8601-f749ba118613,masks_raw/ed011599-130f-43d1-8601-f749ba118613,masks_images/ed011599-130f-43d1-8601-f749ba118613,3dgs/ed011599-130f-43d1-8601-f749ba118613.ply,images-csv/ed011599-130f-43d1-8601-f749ba118613.csv
ed683794-81bc-4331-95a5-459bc27a4999,images/ed683794-81bc-4331-95a5-459bc27a4999,depth_est/ed683794-81bc-4331-95a5-459bc27a4999,depths/ed683794-81bc-4331-95a5-459bc27a4999,sparse/ed683794-81bc-4331-95a5-459bc27a4999,images_raw/ed683794-81bc-4331-95a5-459bc27a4999,masks_raw/ed683794-81bc-4331-95a5-459bc27a4999,masks_images/ed683794-81bc-4331-95a5-459bc27a4999,3dgs/ed683794-81bc-4331-95a5-459bc27a4999.ply,images-csv/ed683794-81bc-4331-95a5-459bc27a4999.csv
edacfb49-3095-431a-8875-2b37fd6b6e0a,images/edacfb49-3095-431a-8875-2b37fd6b6e0a,depth_est/edacfb49-3095-431a-8875-2b37fd6b6e0a,,sparse/edacfb49-3095-431a-8875-2b37fd6b6e0a,images_raw/edacfb49-3095-431a-8875-2b37fd6b6e0a,masks_raw/edacfb49-3095-431a-8875-2b37fd6b6e0a,masks_images/edacfb49-3095-431a-8875-2b37fd6b6e0a,3dgs/edacfb49-3095-431a-8875-2b37fd6b6e0a.ply,images-csv/edacfb49-3095-431a-8875-2b37fd6b6e0a.csv
ede94548-fd55-4d98-baea-ad13907929c0,images/ede94548-fd55-4d98-baea-ad13907929c0,depth_est/ede94548-fd55-4d98-baea-ad13907929c0,depths/ede94548-fd55-4d98-baea-ad13907929c0,sparse/ede94548-fd55-4d98-baea-ad13907929c0,images_raw/ede94548-fd55-4d98-baea-ad13907929c0,masks_raw/ede94548-fd55-4d98-baea-ad13907929c0,masks_images/ede94548-fd55-4d98-baea-ad13907929c0,3dgs/ede94548-fd55-4d98-baea-ad13907929c0.ply,images-csv/ede94548-fd55-4d98-baea-ad13907929c0.csv
ee05eaf7-db84-4d8e-abef-ae9c4ed3aefe,images/ee05eaf7-db84-4d8e-abef-ae9c4ed3aefe,depth_est/ee05eaf7-db84-4d8e-abef-ae9c4ed3aefe,,sparse/ee05eaf7-db84-4d8e-abef-ae9c4ed3aefe,images_raw/ee05eaf7-db84-4d8e-abef-ae9c4ed3aefe,masks_raw/ee05eaf7-db84-4d8e-abef-ae9c4ed3aefe,masks_images/ee05eaf7-db84-4d8e-abef-ae9c4ed3aefe,3dgs/ee05eaf7-db84-4d8e-abef-ae9c4ed3aefe.ply,images-csv/ee05eaf7-db84-4d8e-abef-ae9c4ed3aefe.csv
ee1cffaf-99ab-4035-bd41-9cdcc24d8de3,images/ee1cffaf-99ab-4035-bd41-9cdcc24d8de3,depth_est/ee1cffaf-99ab-4035-bd41-9cdcc24d8de3,,sparse/ee1cffaf-99ab-4035-bd41-9cdcc24d8de3,images_raw/ee1cffaf-99ab-4035-bd41-9cdcc24d8de3,masks_raw/ee1cffaf-99ab-4035-bd41-9cdcc24d8de3,masks_images/ee1cffaf-99ab-4035-bd41-9cdcc24d8de3,3dgs/ee1cffaf-99ab-4035-bd41-9cdcc24d8de3.ply,images-csv/ee1cffaf-99ab-4035-bd41-9cdcc24d8de3.csv
ee8d6511-cdcd-4b32-bae6-4dc6935a9f01,images/ee8d6511-cdcd-4b32-bae6-4dc6935a9f01,depth_est/ee8d6511-cdcd-4b32-bae6-4dc6935a9f01,,sparse/ee8d6511-cdcd-4b32-bae6-4dc6935a9f01,images_raw/ee8d6511-cdcd-4b32-bae6-4dc6935a9f01,masks_raw/ee8d6511-cdcd-4b32-bae6-4dc6935a9f01,masks_images/ee8d6511-cdcd-4b32-bae6-4dc6935a9f01,3dgs/ee8d6511-cdcd-4b32-bae6-4dc6935a9f01.ply,images-csv/ee8d6511-cdcd-4b32-bae6-4dc6935a9f01.csv
ee91b699-fae1-424e-bbbc-327b022ca31c,images/ee91b699-fae1-424e-bbbc-327b022ca31c,depth_est/ee91b699-fae1-424e-bbbc-327b022ca31c,,sparse/ee91b699-fae1-424e-bbbc-327b022ca31c,images_raw/ee91b699-fae1-424e-bbbc-327b022ca31c,masks_raw/ee91b699-fae1-424e-bbbc-327b022ca31c,masks_images/ee91b699-fae1-424e-bbbc-327b022ca31c,3dgs/ee91b699-fae1-424e-bbbc-327b022ca31c.ply,images-csv/ee91b699-fae1-424e-bbbc-327b022ca31c.csv
eec19b5c-1345-4497-9a87-e7551aa2b86e,images/eec19b5c-1345-4497-9a87-e7551aa2b86e,depth_est/eec19b5c-1345-4497-9a87-e7551aa2b86e,,sparse/eec19b5c-1345-4497-9a87-e7551aa2b86e,images_raw/eec19b5c-1345-4497-9a87-e7551aa2b86e,masks_raw/eec19b5c-1345-4497-9a87-e7551aa2b86e,masks_images/eec19b5c-1345-4497-9a87-e7551aa2b86e,3dgs/eec19b5c-1345-4497-9a87-e7551aa2b86e.ply,images-csv/eec19b5c-1345-4497-9a87-e7551aa2b86e.csv
efd16917-6b6e-469f-8066-2c14f8fccd35,images/efd16917-6b6e-469f-8066-2c14f8fccd35,depth_est/efd16917-6b6e-469f-8066-2c14f8fccd35,,sparse/efd16917-6b6e-469f-8066-2c14f8fccd35,images_raw/efd16917-6b6e-469f-8066-2c14f8fccd35,masks_raw/efd16917-6b6e-469f-8066-2c14f8fccd35,masks_images/efd16917-6b6e-469f-8066-2c14f8fccd35,3dgs/efd16917-6b6e-469f-8066-2c14f8fccd35.ply,images-csv/efd16917-6b6e-469f-8066-2c14f8fccd35.csv
f07063f3-e530-4d4b-8645-a48b93471e2a,images/f07063f3-e530-4d4b-8645-a48b93471e2a,depth_est/f07063f3-e530-4d4b-8645-a48b93471e2a,,sparse/f07063f3-e530-4d4b-8645-a48b93471e2a,images_raw/f07063f3-e530-4d4b-8645-a48b93471e2a,masks_raw/f07063f3-e530-4d4b-8645-a48b93471e2a,masks_images/f07063f3-e530-4d4b-8645-a48b93471e2a,3dgs/f07063f3-e530-4d4b-8645-a48b93471e2a.ply,images-csv/f07063f3-e530-4d4b-8645-a48b93471e2a.csv
f1065e52-cac1-492b-a83b-26f6202208c3,images/f1065e52-cac1-492b-a83b-26f6202208c3,depth_est/f1065e52-cac1-492b-a83b-26f6202208c3,depths/f1065e52-cac1-492b-a83b-26f6202208c3,sparse/f1065e52-cac1-492b-a83b-26f6202208c3,images_raw/f1065e52-cac1-492b-a83b-26f6202208c3,masks_raw/f1065e52-cac1-492b-a83b-26f6202208c3,masks_images/f1065e52-cac1-492b-a83b-26f6202208c3,3dgs/f1065e52-cac1-492b-a83b-26f6202208c3.ply,images-csv/f1065e52-cac1-492b-a83b-26f6202208c3.csv
f13aef9c-29bc-442e-ba0b-1c712905c3ed,images/f13aef9c-29bc-442e-ba0b-1c712905c3ed,depth_est/f13aef9c-29bc-442e-ba0b-1c712905c3ed,,sparse/f13aef9c-29bc-442e-ba0b-1c712905c3ed,images_raw/f13aef9c-29bc-442e-ba0b-1c712905c3ed,masks_raw/f13aef9c-29bc-442e-ba0b-1c712905c3ed,masks_images/f13aef9c-29bc-442e-ba0b-1c712905c3ed,3dgs/f13aef9c-29bc-442e-ba0b-1c712905c3ed.ply,images-csv/f13aef9c-29bc-442e-ba0b-1c712905c3ed.csv
f154095d-f509-4ad4-b6e9-13f2f5e36c17,images/f154095d-f509-4ad4-b6e9-13f2f5e36c17,depth_est/f154095d-f509-4ad4-b6e9-13f2f5e36c17,depths/f154095d-f509-4ad4-b6e9-13f2f5e36c17,sparse/f154095d-f509-4ad4-b6e9-13f2f5e36c17,images_raw/f154095d-f509-4ad4-b6e9-13f2f5e36c17,masks_raw/f154095d-f509-4ad4-b6e9-13f2f5e36c17,masks_images/f154095d-f509-4ad4-b6e9-13f2f5e36c17,3dgs/f154095d-f509-4ad4-b6e9-13f2f5e36c17.ply,images-csv/f154095d-f509-4ad4-b6e9-13f2f5e36c17.csv
f15518ea-d89e-406a-90e1-cefe5c077a48,images/f15518ea-d89e-406a-90e1-cefe5c077a48,depth_est/f15518ea-d89e-406a-90e1-cefe5c077a48,depths/f15518ea-d89e-406a-90e1-cefe5c077a48,sparse/f15518ea-d89e-406a-90e1-cefe5c077a48,images_raw/f15518ea-d89e-406a-90e1-cefe5c077a48,masks_raw/f15518ea-d89e-406a-90e1-cefe5c077a48,masks_images/f15518ea-d89e-406a-90e1-cefe5c077a48,3dgs/f15518ea-d89e-406a-90e1-cefe5c077a48.ply,images-csv/f15518ea-d89e-406a-90e1-cefe5c077a48.csv
f227759b-a786-4b86-a882-8b15990490b8,images/f227759b-a786-4b86-a882-8b15990490b8,depth_est/f227759b-a786-4b86-a882-8b15990490b8,,sparse/f227759b-a786-4b86-a882-8b15990490b8,images_raw/f227759b-a786-4b86-a882-8b15990490b8,masks_raw/f227759b-a786-4b86-a882-8b15990490b8,masks_images/f227759b-a786-4b86-a882-8b15990490b8,3dgs/f227759b-a786-4b86-a882-8b15990490b8.ply,images-csv/f227759b-a786-4b86-a882-8b15990490b8.csv
f26f7e99-c71f-42b0-879a-8f1c55555e3f,images/f26f7e99-c71f-42b0-879a-8f1c55555e3f,depth_est/f26f7e99-c71f-42b0-879a-8f1c55555e3f,,sparse/f26f7e99-c71f-42b0-879a-8f1c55555e3f,images_raw/f26f7e99-c71f-42b0-879a-8f1c55555e3f,masks_raw/f26f7e99-c71f-42b0-879a-8f1c55555e3f,masks_images/f26f7e99-c71f-42b0-879a-8f1c55555e3f,3dgs/f26f7e99-c71f-42b0-879a-8f1c55555e3f.ply,images-csv/f26f7e99-c71f-42b0-879a-8f1c55555e3f.csv
f3312609-6656-41bb-968b-73910e9f50a1,images/f3312609-6656-41bb-968b-73910e9f50a1,depth_est/f3312609-6656-41bb-968b-73910e9f50a1,depths/f3312609-6656-41bb-968b-73910e9f50a1,sparse/f3312609-6656-41bb-968b-73910e9f50a1,images_raw/f3312609-6656-41bb-968b-73910e9f50a1,masks_raw/f3312609-6656-41bb-968b-73910e9f50a1,masks_images/f3312609-6656-41bb-968b-73910e9f50a1,3dgs/f3312609-6656-41bb-968b-73910e9f50a1.ply,images-csv/f3312609-6656-41bb-968b-73910e9f50a1.csv
f3b61a3e-9b45-40b8-a841-2bd5b9be420e,images/f3b61a3e-9b45-40b8-a841-2bd5b9be420e,depth_est/f3b61a3e-9b45-40b8-a841-2bd5b9be420e,depths/f3b61a3e-9b45-40b8-a841-2bd5b9be420e,sparse/f3b61a3e-9b45-40b8-a841-2bd5b9be420e,images_raw/f3b61a3e-9b45-40b8-a841-2bd5b9be420e,masks_raw/f3b61a3e-9b45-40b8-a841-2bd5b9be420e,masks_images/f3b61a3e-9b45-40b8-a841-2bd5b9be420e,3dgs/f3b61a3e-9b45-40b8-a841-2bd5b9be420e.ply,images-csv/f3b61a3e-9b45-40b8-a841-2bd5b9be420e.csv
f4039ea1-ebc3-4cad-8985-c6ab92adeda6,images/f4039ea1-ebc3-4cad-8985-c6ab92adeda6,depth_est/f4039ea1-ebc3-4cad-8985-c6ab92adeda6,depths/f4039ea1-ebc3-4cad-8985-c6ab92adeda6,sparse/f4039ea1-ebc3-4cad-8985-c6ab92adeda6,images_raw/f4039ea1-ebc3-4cad-8985-c6ab92adeda6,masks_raw/f4039ea1-ebc3-4cad-8985-c6ab92adeda6,masks_images/f4039ea1-ebc3-4cad-8985-c6ab92adeda6,3dgs/f4039ea1-ebc3-4cad-8985-c6ab92adeda6.ply,images-csv/f4039ea1-ebc3-4cad-8985-c6ab92adeda6.csv
f4538ac1-4a69-40f8-9894-335e96a21a7b,images/f4538ac1-4a69-40f8-9894-335e96a21a7b,depth_est/f4538ac1-4a69-40f8-9894-335e96a21a7b,depths/f4538ac1-4a69-40f8-9894-335e96a21a7b,sparse/f4538ac1-4a69-40f8-9894-335e96a21a7b,images_raw/f4538ac1-4a69-40f8-9894-335e96a21a7b,masks_raw/f4538ac1-4a69-40f8-9894-335e96a21a7b,masks_images/f4538ac1-4a69-40f8-9894-335e96a21a7b,3dgs/f4538ac1-4a69-40f8-9894-335e96a21a7b.ply,images-csv/f4538ac1-4a69-40f8-9894-335e96a21a7b.csv
f4966cf3-e09e-4b0f-9e3c-84452c2ecde9,images/f4966cf3-e09e-4b0f-9e3c-84452c2ecde9,depth_est/f4966cf3-e09e-4b0f-9e3c-84452c2ecde9,,sparse/f4966cf3-e09e-4b0f-9e3c-84452c2ecde9,images_raw/f4966cf3-e09e-4b0f-9e3c-84452c2ecde9,masks_raw/f4966cf3-e09e-4b0f-9e3c-84452c2ecde9,masks_images/f4966cf3-e09e-4b0f-9e3c-84452c2ecde9,3dgs/f4966cf3-e09e-4b0f-9e3c-84452c2ecde9.ply,images-csv/f4966cf3-e09e-4b0f-9e3c-84452c2ecde9.csv
f4cf6889-bad4-4566-a749-53da60578eb9,images/f4cf6889-bad4-4566-a749-53da60578eb9,depth_est/f4cf6889-bad4-4566-a749-53da60578eb9,depths/f4cf6889-bad4-4566-a749-53da60578eb9,sparse/f4cf6889-bad4-4566-a749-53da60578eb9,images_raw/f4cf6889-bad4-4566-a749-53da60578eb9,masks_raw/f4cf6889-bad4-4566-a749-53da60578eb9,masks_images/f4cf6889-bad4-4566-a749-53da60578eb9,3dgs/f4cf6889-bad4-4566-a749-53da60578eb9.ply,images-csv/f4cf6889-bad4-4566-a749-53da60578eb9.csv
f4d57505-899d-4744-97a7-fc1f631e37d9,images/f4d57505-899d-4744-97a7-fc1f631e37d9,depth_est/f4d57505-899d-4744-97a7-fc1f631e37d9,depths/f4d57505-899d-4744-97a7-fc1f631e37d9,sparse/f4d57505-899d-4744-97a7-fc1f631e37d9,images_raw/f4d57505-899d-4744-97a7-fc1f631e37d9,masks_raw/f4d57505-899d-4744-97a7-fc1f631e37d9,masks_images/f4d57505-899d-4744-97a7-fc1f631e37d9,3dgs/f4d57505-899d-4744-97a7-fc1f631e37d9.ply,images-csv/f4d57505-899d-4744-97a7-fc1f631e37d9.csv
f4e054fd-5ef0-44fc-930a-def6a3a4de44,images/f4e054fd-5ef0-44fc-930a-def6a3a4de44,depth_est/f4e054fd-5ef0-44fc-930a-def6a3a4de44,depths/f4e054fd-5ef0-44fc-930a-def6a3a4de44,sparse/f4e054fd-5ef0-44fc-930a-def6a3a4de44,images_raw/f4e054fd-5ef0-44fc-930a-def6a3a4de44,masks_raw/f4e054fd-5ef0-44fc-930a-def6a3a4de44,masks_images/f4e054fd-5ef0-44fc-930a-def6a3a4de44,3dgs/f4e054fd-5ef0-44fc-930a-def6a3a4de44.ply,images-csv/f4e054fd-5ef0-44fc-930a-def6a3a4de44.csv
f4f0e718-aa96-49a5-9ae6-fe9498026a7b,images/f4f0e718-aa96-49a5-9ae6-fe9498026a7b,depth_est/f4f0e718-aa96-49a5-9ae6-fe9498026a7b,depths/f4f0e718-aa96-49a5-9ae6-fe9498026a7b,sparse/f4f0e718-aa96-49a5-9ae6-fe9498026a7b,images_raw/f4f0e718-aa96-49a5-9ae6-fe9498026a7b,masks_raw/f4f0e718-aa96-49a5-9ae6-fe9498026a7b,masks_images/f4f0e718-aa96-49a5-9ae6-fe9498026a7b,3dgs/f4f0e718-aa96-49a5-9ae6-fe9498026a7b.ply,images-csv/f4f0e718-aa96-49a5-9ae6-fe9498026a7b.csv
f53a4b8a-4535-498c-b3da-afe3f9d64415,images/f53a4b8a-4535-498c-b3da-afe3f9d64415,depth_est/f53a4b8a-4535-498c-b3da-afe3f9d64415,,sparse/f53a4b8a-4535-498c-b3da-afe3f9d64415,images_raw/f53a4b8a-4535-498c-b3da-afe3f9d64415,masks_raw/f53a4b8a-4535-498c-b3da-afe3f9d64415,masks_images/f53a4b8a-4535-498c-b3da-afe3f9d64415,3dgs/f53a4b8a-4535-498c-b3da-afe3f9d64415.ply,images-csv/f53a4b8a-4535-498c-b3da-afe3f9d64415.csv
f57a46b0-2b93-4a7b-a3f2-686421f23403,images/f57a46b0-2b93-4a7b-a3f2-686421f23403,depth_est/f57a46b0-2b93-4a7b-a3f2-686421f23403,,sparse/f57a46b0-2b93-4a7b-a3f2-686421f23403,images_raw/f57a46b0-2b93-4a7b-a3f2-686421f23403,masks_raw/f57a46b0-2b93-4a7b-a3f2-686421f23403,masks_images/f57a46b0-2b93-4a7b-a3f2-686421f23403,3dgs/f57a46b0-2b93-4a7b-a3f2-686421f23403.ply,images-csv/f57a46b0-2b93-4a7b-a3f2-686421f23403.csv
f79d53db-c6b0-4144-b595-b558258b2372,images/f79d53db-c6b0-4144-b595-b558258b2372,depth_est/f79d53db-c6b0-4144-b595-b558258b2372,depths/f79d53db-c6b0-4144-b595-b558258b2372,sparse/f79d53db-c6b0-4144-b595-b558258b2372,images_raw/f79d53db-c6b0-4144-b595-b558258b2372,masks_raw/f79d53db-c6b0-4144-b595-b558258b2372,masks_images/f79d53db-c6b0-4144-b595-b558258b2372,3dgs/f79d53db-c6b0-4144-b595-b558258b2372.ply,images-csv/f79d53db-c6b0-4144-b595-b558258b2372.csv
f7c7e372-109e-481e-b4b5-b7bd6a7e1512,images/f7c7e372-109e-481e-b4b5-b7bd6a7e1512,depth_est/f7c7e372-109e-481e-b4b5-b7bd6a7e1512,depths/f7c7e372-109e-481e-b4b5-b7bd6a7e1512,sparse/f7c7e372-109e-481e-b4b5-b7bd6a7e1512,images_raw/f7c7e372-109e-481e-b4b5-b7bd6a7e1512,masks_raw/f7c7e372-109e-481e-b4b5-b7bd6a7e1512,masks_images/f7c7e372-109e-481e-b4b5-b7bd6a7e1512,3dgs/f7c7e372-109e-481e-b4b5-b7bd6a7e1512.ply,images-csv/f7c7e372-109e-481e-b4b5-b7bd6a7e1512.csv
f7e4a79f-117a-4fad-b135-bcd094f76079,images/f7e4a79f-117a-4fad-b135-bcd094f76079,depth_est/f7e4a79f-117a-4fad-b135-bcd094f76079,,sparse/f7e4a79f-117a-4fad-b135-bcd094f76079,images_raw/f7e4a79f-117a-4fad-b135-bcd094f76079,masks_raw/f7e4a79f-117a-4fad-b135-bcd094f76079,masks_images/f7e4a79f-117a-4fad-b135-bcd094f76079,3dgs/f7e4a79f-117a-4fad-b135-bcd094f76079.ply,images-csv/f7e4a79f-117a-4fad-b135-bcd094f76079.csv
f81f03b3-02ec-41e4-ab52-ce04ce6f9d4c,images/f81f03b3-02ec-41e4-ab52-ce04ce6f9d4c,depth_est/f81f03b3-02ec-41e4-ab52-ce04ce6f9d4c,,sparse/f81f03b3-02ec-41e4-ab52-ce04ce6f9d4c,images_raw/f81f03b3-02ec-41e4-ab52-ce04ce6f9d4c,masks_raw/f81f03b3-02ec-41e4-ab52-ce04ce6f9d4c,masks_images/f81f03b3-02ec-41e4-ab52-ce04ce6f9d4c,3dgs/f81f03b3-02ec-41e4-ab52-ce04ce6f9d4c.ply,images-csv/f81f03b3-02ec-41e4-ab52-ce04ce6f9d4c.csv
f8ba8a44-691e-4b16-bb7f-fe97c685a491,images/f8ba8a44-691e-4b16-bb7f-fe97c685a491,depth_est/f8ba8a44-691e-4b16-bb7f-fe97c685a491,,sparse/f8ba8a44-691e-4b16-bb7f-fe97c685a491,images_raw/f8ba8a44-691e-4b16-bb7f-fe97c685a491,masks_raw/f8ba8a44-691e-4b16-bb7f-fe97c685a491,masks_images/f8ba8a44-691e-4b16-bb7f-fe97c685a491,3dgs/f8ba8a44-691e-4b16-bb7f-fe97c685a491.ply,images-csv/f8ba8a44-691e-4b16-bb7f-fe97c685a491.csv
f8bfefae-ce74-4ee5-b4e7-ba1dedc57f56,images/f8bfefae-ce74-4ee5-b4e7-ba1dedc57f56,depth_est/f8bfefae-ce74-4ee5-b4e7-ba1dedc57f56,,sparse/f8bfefae-ce74-4ee5-b4e7-ba1dedc57f56,images_raw/f8bfefae-ce74-4ee5-b4e7-ba1dedc57f56,masks_raw/f8bfefae-ce74-4ee5-b4e7-ba1dedc57f56,masks_images/f8bfefae-ce74-4ee5-b4e7-ba1dedc57f56,3dgs/f8bfefae-ce74-4ee5-b4e7-ba1dedc57f56.ply,images-csv/f8bfefae-ce74-4ee5-b4e7-ba1dedc57f56.csv
f90de21c-7c3c-4428-9477-c924509f50be,images/f90de21c-7c3c-4428-9477-c924509f50be,depth_est/f90de21c-7c3c-4428-9477-c924509f50be,,sparse/f90de21c-7c3c-4428-9477-c924509f50be,images_raw/f90de21c-7c3c-4428-9477-c924509f50be,masks_raw/f90de21c-7c3c-4428-9477-c924509f50be,masks_images/f90de21c-7c3c-4428-9477-c924509f50be,3dgs/f90de21c-7c3c-4428-9477-c924509f50be.ply,images-csv/f90de21c-7c3c-4428-9477-c924509f50be.csv
f979b6de-dcc4-4816-8c38-432fea3f5d36,images/f979b6de-dcc4-4816-8c38-432fea3f5d36,depth_est/f979b6de-dcc4-4816-8c38-432fea3f5d36,depths/f979b6de-dcc4-4816-8c38-432fea3f5d36,sparse/f979b6de-dcc4-4816-8c38-432fea3f5d36,images_raw/f979b6de-dcc4-4816-8c38-432fea3f5d36,masks_raw/f979b6de-dcc4-4816-8c38-432fea3f5d36,masks_images/f979b6de-dcc4-4816-8c38-432fea3f5d36,3dgs/f979b6de-dcc4-4816-8c38-432fea3f5d36.ply,images-csv/f979b6de-dcc4-4816-8c38-432fea3f5d36.csv
f99e32e2-ac5b-4cc0-9dcd-3160c9069b1d,images/f99e32e2-ac5b-4cc0-9dcd-3160c9069b1d,depth_est/f99e32e2-ac5b-4cc0-9dcd-3160c9069b1d,,sparse/f99e32e2-ac5b-4cc0-9dcd-3160c9069b1d,images_raw/f99e32e2-ac5b-4cc0-9dcd-3160c9069b1d,masks_raw/f99e32e2-ac5b-4cc0-9dcd-3160c9069b1d,masks_images/f99e32e2-ac5b-4cc0-9dcd-3160c9069b1d,3dgs/f99e32e2-ac5b-4cc0-9dcd-3160c9069b1d.ply,images-csv/f99e32e2-ac5b-4cc0-9dcd-3160c9069b1d.csv
f9b50376-3588-4168-9ed3-7846443b08ff,images/f9b50376-3588-4168-9ed3-7846443b08ff,depth_est/f9b50376-3588-4168-9ed3-7846443b08ff,,sparse/f9b50376-3588-4168-9ed3-7846443b08ff,images_raw/f9b50376-3588-4168-9ed3-7846443b08ff,masks_raw/f9b50376-3588-4168-9ed3-7846443b08ff,masks_images/f9b50376-3588-4168-9ed3-7846443b08ff,3dgs/f9b50376-3588-4168-9ed3-7846443b08ff.ply,images-csv/f9b50376-3588-4168-9ed3-7846443b08ff.csv
fa6b8699-e78a-4009-92e0-232ddc6c8ba9,images/fa6b8699-e78a-4009-92e0-232ddc6c8ba9,depth_est/fa6b8699-e78a-4009-92e0-232ddc6c8ba9,,sparse/fa6b8699-e78a-4009-92e0-232ddc6c8ba9,images_raw/fa6b8699-e78a-4009-92e0-232ddc6c8ba9,masks_raw/fa6b8699-e78a-4009-92e0-232ddc6c8ba9,masks_images/fa6b8699-e78a-4009-92e0-232ddc6c8ba9,3dgs/fa6b8699-e78a-4009-92e0-232ddc6c8ba9.ply,images-csv/fa6b8699-e78a-4009-92e0-232ddc6c8ba9.csv
fa7737e7-5239-480d-bcef-ca1d72c36ad9,images/fa7737e7-5239-480d-bcef-ca1d72c36ad9,depth_est/fa7737e7-5239-480d-bcef-ca1d72c36ad9,,sparse/fa7737e7-5239-480d-bcef-ca1d72c36ad9,images_raw/fa7737e7-5239-480d-bcef-ca1d72c36ad9,masks_raw/fa7737e7-5239-480d-bcef-ca1d72c36ad9,masks_images/fa7737e7-5239-480d-bcef-ca1d72c36ad9,3dgs/fa7737e7-5239-480d-bcef-ca1d72c36ad9.ply,images-csv/fa7737e7-5239-480d-bcef-ca1d72c36ad9.csv
fa988077-ae25-4f33-8851-4659a107b743,images/fa988077-ae25-4f33-8851-4659a107b743,depth_est/fa988077-ae25-4f33-8851-4659a107b743,depths/fa988077-ae25-4f33-8851-4659a107b743,sparse/fa988077-ae25-4f33-8851-4659a107b743,images_raw/fa988077-ae25-4f33-8851-4659a107b743,masks_raw/fa988077-ae25-4f33-8851-4659a107b743,masks_images/fa988077-ae25-4f33-8851-4659a107b743,3dgs/fa988077-ae25-4f33-8851-4659a107b743.ply,images-csv/fa988077-ae25-4f33-8851-4659a107b743.csv
fafc74d4-bb2f-48fd-9619-84b2a914dfa1,images/fafc74d4-bb2f-48fd-9619-84b2a914dfa1,depth_est/fafc74d4-bb2f-48fd-9619-84b2a914dfa1,,sparse/fafc74d4-bb2f-48fd-9619-84b2a914dfa1,images_raw/fafc74d4-bb2f-48fd-9619-84b2a914dfa1,masks_raw/fafc74d4-bb2f-48fd-9619-84b2a914dfa1,masks_images/fafc74d4-bb2f-48fd-9619-84b2a914dfa1,3dgs/fafc74d4-bb2f-48fd-9619-84b2a914dfa1.ply,images-csv/fafc74d4-bb2f-48fd-9619-84b2a914dfa1.csv
fb52f2b7-0901-4904-8822-26e0508671d2,images/fb52f2b7-0901-4904-8822-26e0508671d2,depth_est/fb52f2b7-0901-4904-8822-26e0508671d2,,sparse/fb52f2b7-0901-4904-8822-26e0508671d2,images_raw/fb52f2b7-0901-4904-8822-26e0508671d2,masks_raw/fb52f2b7-0901-4904-8822-26e0508671d2,masks_images/fb52f2b7-0901-4904-8822-26e0508671d2,3dgs/fb52f2b7-0901-4904-8822-26e0508671d2.ply,images-csv/fb52f2b7-0901-4904-8822-26e0508671d2.csv
fb8f5495-558c-4a55-9e56-90b1509660d4,images/fb8f5495-558c-4a55-9e56-90b1509660d4,depth_est/fb8f5495-558c-4a55-9e56-90b1509660d4,,sparse/fb8f5495-558c-4a55-9e56-90b1509660d4,images_raw/fb8f5495-558c-4a55-9e56-90b1509660d4,masks_raw/fb8f5495-558c-4a55-9e56-90b1509660d4,masks_images/fb8f5495-558c-4a55-9e56-90b1509660d4,3dgs/fb8f5495-558c-4a55-9e56-90b1509660d4.ply,images-csv/fb8f5495-558c-4a55-9e56-90b1509660d4.csv
fbef9c6c-97b1-42c5-9d6e-809d215f0b38,images/fbef9c6c-97b1-42c5-9d6e-809d215f0b38,depth_est/fbef9c6c-97b1-42c5-9d6e-809d215f0b38,depths/fbef9c6c-97b1-42c5-9d6e-809d215f0b38,sparse/fbef9c6c-97b1-42c5-9d6e-809d215f0b38,images_raw/fbef9c6c-97b1-42c5-9d6e-809d215f0b38,masks_raw/fbef9c6c-97b1-42c5-9d6e-809d215f0b38,masks_images/fbef9c6c-97b1-42c5-9d6e-809d215f0b38,3dgs/fbef9c6c-97b1-42c5-9d6e-809d215f0b38.ply,images-csv/fbef9c6c-97b1-42c5-9d6e-809d215f0b38.csv
fbf9aba3-f54d-4fff-92b6-326073263bea,images/fbf9aba3-f54d-4fff-92b6-326073263bea,depth_est/fbf9aba3-f54d-4fff-92b6-326073263bea,,sparse/fbf9aba3-f54d-4fff-92b6-326073263bea,images_raw/fbf9aba3-f54d-4fff-92b6-326073263bea,masks_raw/fbf9aba3-f54d-4fff-92b6-326073263bea,masks_images/fbf9aba3-f54d-4fff-92b6-326073263bea,3dgs/fbf9aba3-f54d-4fff-92b6-326073263bea.ply,images-csv/fbf9aba3-f54d-4fff-92b6-326073263bea.csv
fc00fab9-064d-4356-8bc9-d2b5277cfffb,images/fc00fab9-064d-4356-8bc9-d2b5277cfffb,depth_est/fc00fab9-064d-4356-8bc9-d2b5277cfffb,depths/fc00fab9-064d-4356-8bc9-d2b5277cfffb,sparse/fc00fab9-064d-4356-8bc9-d2b5277cfffb,images_raw/fc00fab9-064d-4356-8bc9-d2b5277cfffb,masks_raw/fc00fab9-064d-4356-8bc9-d2b5277cfffb,masks_images/fc00fab9-064d-4356-8bc9-d2b5277cfffb,3dgs/fc00fab9-064d-4356-8bc9-d2b5277cfffb.ply,images-csv/fc00fab9-064d-4356-8bc9-d2b5277cfffb.csv
fcb545b3-78fe-4a51-864e-5b44c553df5c,images/fcb545b3-78fe-4a51-864e-5b44c553df5c,depth_est/fcb545b3-78fe-4a51-864e-5b44c553df5c,depths/fcb545b3-78fe-4a51-864e-5b44c553df5c,sparse/fcb545b3-78fe-4a51-864e-5b44c553df5c,images_raw/fcb545b3-78fe-4a51-864e-5b44c553df5c,masks_raw/fcb545b3-78fe-4a51-864e-5b44c553df5c,masks_images/fcb545b3-78fe-4a51-864e-5b44c553df5c,3dgs/fcb545b3-78fe-4a51-864e-5b44c553df5c.ply,images-csv/fcb545b3-78fe-4a51-864e-5b44c553df5c.csv
fd1af37e-57f6-4364-b9be-8aa5b2d00793,images/fd1af37e-57f6-4364-b9be-8aa5b2d00793,depth_est/fd1af37e-57f6-4364-b9be-8aa5b2d00793,depths/fd1af37e-57f6-4364-b9be-8aa5b2d00793,sparse/fd1af37e-57f6-4364-b9be-8aa5b2d00793,images_raw/fd1af37e-57f6-4364-b9be-8aa5b2d00793,masks_raw/fd1af37e-57f6-4364-b9be-8aa5b2d00793,masks_images/fd1af37e-57f6-4364-b9be-8aa5b2d00793,3dgs/fd1af37e-57f6-4364-b9be-8aa5b2d00793.ply,images-csv/fd1af37e-57f6-4364-b9be-8aa5b2d00793.csv
fd56bf26-93d3-42a5-97a0-e10cbf993a1c,images/fd56bf26-93d3-42a5-97a0-e10cbf993a1c,depth_est/fd56bf26-93d3-42a5-97a0-e10cbf993a1c,,sparse/fd56bf26-93d3-42a5-97a0-e10cbf993a1c,images_raw/fd56bf26-93d3-42a5-97a0-e10cbf993a1c,masks_raw/fd56bf26-93d3-42a5-97a0-e10cbf993a1c,masks_images/fd56bf26-93d3-42a5-97a0-e10cbf993a1c,3dgs/fd56bf26-93d3-42a5-97a0-e10cbf993a1c.ply,images-csv/fd56bf26-93d3-42a5-97a0-e10cbf993a1c.csv
fd681580-45dc-4780-a7cb-53cd673812d0,images/fd681580-45dc-4780-a7cb-53cd673812d0,depth_est/fd681580-45dc-4780-a7cb-53cd673812d0,,sparse/fd681580-45dc-4780-a7cb-53cd673812d0,images_raw/fd681580-45dc-4780-a7cb-53cd673812d0,masks_raw/fd681580-45dc-4780-a7cb-53cd673812d0,masks_images/fd681580-45dc-4780-a7cb-53cd673812d0,3dgs/fd681580-45dc-4780-a7cb-53cd673812d0.ply,images-csv/fd681580-45dc-4780-a7cb-53cd673812d0.csv
fe646bbe-7f0b-4097-8925-c5a16568dc4b,images/fe646bbe-7f0b-4097-8925-c5a16568dc4b,depth_est/fe646bbe-7f0b-4097-8925-c5a16568dc4b,depths/fe646bbe-7f0b-4097-8925-c5a16568dc4b,sparse/fe646bbe-7f0b-4097-8925-c5a16568dc4b,images_raw/fe646bbe-7f0b-4097-8925-c5a16568dc4b,masks_raw/fe646bbe-7f0b-4097-8925-c5a16568dc4b,masks_images/fe646bbe-7f0b-4097-8925-c5a16568dc4b,3dgs/fe646bbe-7f0b-4097-8925-c5a16568dc4b.ply,images-csv/fe646bbe-7f0b-4097-8925-c5a16568dc4b.csv
fe672f43-bacd-40b1-8c20-7e3efaf24b9b,images/fe672f43-bacd-40b1-8c20-7e3efaf24b9b,depth_est/fe672f43-bacd-40b1-8c20-7e3efaf24b9b,,sparse/fe672f43-bacd-40b1-8c20-7e3efaf24b9b,images_raw/fe672f43-bacd-40b1-8c20-7e3efaf24b9b,masks_raw/fe672f43-bacd-40b1-8c20-7e3efaf24b9b,masks_images/fe672f43-bacd-40b1-8c20-7e3efaf24b9b,3dgs/fe672f43-bacd-40b1-8c20-7e3efaf24b9b.ply,images-csv/fe672f43-bacd-40b1-8c20-7e3efaf24b9b.csv
fe84beab-666e-4dfe-b712-d4d758663e72,images/fe84beab-666e-4dfe-b712-d4d758663e72,depth_est/fe84beab-666e-4dfe-b712-d4d758663e72,,sparse/fe84beab-666e-4dfe-b712-d4d758663e72,images_raw/fe84beab-666e-4dfe-b712-d4d758663e72,masks_raw/fe84beab-666e-4dfe-b712-d4d758663e72,masks_images/fe84beab-666e-4dfe-b712-d4d758663e72,3dgs/fe84beab-666e-4dfe-b712-d4d758663e72.ply,images-csv/fe84beab-666e-4dfe-b712-d4d758663e72.csv
feada6a5-2c23-43ea-8979-91d15fa8f4bb,images/feada6a5-2c23-43ea-8979-91d15fa8f4bb,depth_est/feada6a5-2c23-43ea-8979-91d15fa8f4bb,,sparse/feada6a5-2c23-43ea-8979-91d15fa8f4bb,images_raw/feada6a5-2c23-43ea-8979-91d15fa8f4bb,masks_raw/feada6a5-2c23-43ea-8979-91d15fa8f4bb,masks_images/feada6a5-2c23-43ea-8979-91d15fa8f4bb,3dgs/feada6a5-2c23-43ea-8979-91d15fa8f4bb.ply,images-csv/feada6a5-2c23-43ea-8979-91d15fa8f4bb.csv
ff1676ba-d80d-44c9-a469-e9010e568ba7,images/ff1676ba-d80d-44c9-a469-e9010e568ba7,depth_est/ff1676ba-d80d-44c9-a469-e9010e568ba7,depths/ff1676ba-d80d-44c9-a469-e9010e568ba7,sparse/ff1676ba-d80d-44c9-a469-e9010e568ba7,images_raw/ff1676ba-d80d-44c9-a469-e9010e568ba7,masks_raw/ff1676ba-d80d-44c9-a469-e9010e568ba7,masks_images/ff1676ba-d80d-44c9-a469-e9010e568ba7,3dgs/ff1676ba-d80d-44c9-a469-e9010e568ba7.ply,images-csv/ff1676ba-d80d-44c9-a469-e9010e568ba7.csv
ff236e44-76f1-4729-aaa3-cd9f4409a158,images/ff236e44-76f1-4729-aaa3-cd9f4409a158,depth_est/ff236e44-76f1-4729-aaa3-cd9f4409a158,,sparse/ff236e44-76f1-4729-aaa3-cd9f4409a158,images_raw/ff236e44-76f1-4729-aaa3-cd9f4409a158,masks_raw/ff236e44-76f1-4729-aaa3-cd9f4409a158,masks_images/ff236e44-76f1-4729-aaa3-cd9f4409a158,3dgs/ff236e44-76f1-4729-aaa3-cd9f4409a158.ply,images-csv/ff236e44-76f1-4729-aaa3-cd9f4409a158.csv
ff7008c3-bad8-41c0-b905-44955cc95159,images/ff7008c3-bad8-41c0-b905-44955cc95159,depth_est/ff7008c3-bad8-41c0-b905-44955cc95159,,sparse/ff7008c3-bad8-41c0-b905-44955cc95159,images_raw/ff7008c3-bad8-41c0-b905-44955cc95159,masks_raw/ff7008c3-bad8-41c0-b905-44955cc95159,masks_images/ff7008c3-bad8-41c0-b905-44955cc95159,3dgs/ff7008c3-bad8-41c0-b905-44955cc95159.ply,images-csv/ff7008c3-bad8-41c0-b905-44955cc95159.csv
ff9cbedf-fc7f-46a0-a0bf-3049dee98f54,images/ff9cbedf-fc7f-46a0-a0bf-3049dee98f54,depth_est/ff9cbedf-fc7f-46a0-a0bf-3049dee98f54,depths/ff9cbedf-fc7f-46a0-a0bf-3049dee98f54,sparse/ff9cbedf-fc7f-46a0-a0bf-3049dee98f54,images_raw/ff9cbedf-fc7f-46a0-a0bf-3049dee98f54,masks_raw/ff9cbedf-fc7f-46a0-a0bf-3049dee98f54,masks_images/ff9cbedf-fc7f-46a0-a0bf-3049dee98f54,3dgs/ff9cbedf-fc7f-46a0-a0bf-3049dee98f54.ply,images-csv/ff9cbedf-fc7f-46a0-a0bf-3049dee98f54.csv
ffc4345b-9e8b-4808-804b-fbd975082de0,images/ffc4345b-9e8b-4808-804b-fbd975082de0,depth_est/ffc4345b-9e8b-4808-804b-fbd975082de0,depths/ffc4345b-9e8b-4808-804b-fbd975082de0,sparse/ffc4345b-9e8b-4808-804b-fbd975082de0,images_raw/ffc4345b-9e8b-4808-804b-fbd975082de0,masks_raw/ffc4345b-9e8b-4808-804b-fbd975082de0,masks_images/ffc4345b-9e8b-4808-804b-fbd975082de0,3dgs/ffc4345b-9e8b-4808-804b-fbd975082de0.ply,images-csv/ffc4345b-9e8b-4808-804b-fbd975082de0.csv
